sep=,
"INSITE Professional 8.9.0.130 / Datapack 8.9.00130"
"Cummins Inc."

"Сведения по журналу данных"
,"Дата и время начала:","21-май-2026,16:24:07.526"
,"Общее время журнала:","00:06:08.0257309"
,"Имя файла исходного журнала:","C:\Users\CF-54\AppData\Local\Temp\\DML-20260521-162358.log"
,"Путь к месту назначения","C:\Intelect\INSITE\Logs"
,"Частота выборки:","Реальное время"
,"Примечания:","E39 21.05.26"

"Сведения о заказчике и транспортном средстве"
,"Заказчик:","RiM"
,"Номер транспортного средства:",""730E#41""

"Сведения о двигателе"
,"Модель:","QSK50 MCRS*******,QSK50 MCRS*******,QSK50 MCRS*******"
,"Тип системы:","QSK50/60 CM850/CM2150/CM2850 MCRS/K123M"
,"Серийный номер:","33215908"
,
" Информация ECM"
,"Номер детали для модуля ECM:","4995445|4995445|4995445"
,"Код модуля ECM:","AQ60217.24|AR60193.11|AR60194.11"
,"Версия программного обеспечения калибровки:","19020111|19020111|19020111"

"Дата","Время","Fuel Pump Oil Pressure (кПа)- Идентификатор1","Fuel Pump Oil Pressure Sensor Type- Идентификатор1","Fuel Pump Oil Pressure Sensor Voltage (В)- Идентификатор1","Версия программного обеспечения калибровки- Идентификатор1","Версия программного обеспечения калибровки- Идентификатор144","Давление в предварительном масляном фильтре (кПа)- Идентификатор1","Давление на входе топливного регулятора (Бар)- Идентификатор1","Давление на входе топливного регулятора (Бар)- Идентификатор144","Датчик давления во впускном коллекторе 2 (кПа)- Идентификатор1","датчик перепада давления в масляном фильтре (расчетное значение) (кПа)- Идентификатор1","Датчик температуры отработавших газов цилиндра 1 (°C)- Идентификатор144","Датчик температуры отработавших газов цилиндра 10 (°C)- Идентификатор1","Датчик температуры отработавших газов цилиндра 11 (°C)- Идентификатор144","Датчик температуры отработавших газов цилиндра 12 (°C)- Идентификатор1","Датчик температуры отработавших газов цилиндра 13 (°C)- Идентификатор144","Датчик температуры отработавших газов цилиндра 14 (°C)- Идентификатор1","Датчик температуры отработавших газов цилиндра 15 (°C)- Идентификатор144","Датчик температуры отработавших газов цилиндра 16 (°C)- Идентификатор1","Датчик температуры отработавших газов цилиндра 2 (°C)- Идентификатор1","Датчик температуры отработавших газов цилиндра 3 (°C)- Идентификатор144","Датчик температуры отработавших газов цилиндра 4 (°C)- Идентификатор1","Датчик температуры отработавших газов цилиндра 5 (°C)- Идентификатор144","Датчик температуры отработавших газов цилиндра 6 (°C)- Идентификатор1","Датчик температуры отработавших газов цилиндра 7 (°C)- Идентификатор144","Датчик температуры отработавших газов цилиндра 8 (°C)- Идентификатор1","Датчик температуры отработавших газов цилиндра 9 (°C)- Идентификатор144","Датчик температуры топлива (°C)- Идентификатор1","Датчик температуры топлива (°C)- Идентификатор144","Датчик числа оборотов двигателя действует- Идентификатор1","Датчик числа оборотов двигателя действует- Идентификатор144","Заданное давление в общем топливопроводе высокого давления (Бар)- Идентификатор1","Заданное давление в общем топливопроводе высокого давления (Бар)- Идентификатор144","Заданный ток привода топливного насоса (мА)- Идентификатор1","Заданный ток привода топливного насоса (мА)- Идентификатор144","Измеренное давление в общем топливопроводе высокого давления (Бар)- Идентификатор1","Измеренное давление в общем топливопроводе высокого давления (Бар)- Идентификатор144","Измеренный ток привода топливного насоса (мА)- Идентификатор1","Измеренный ток привода топливного насоса (мА)- Идентификатор144","Исходный адрес двигателя по шине J1939- Идентификатор1","Исходный адрес двигателя по шине J1939- Идентификатор144","Исходный адрес циркулярной рассылки команды останова по шине J1939- Идентификатор1","Исходный адрес циркулярной рассылки команды останова по шине J1939- Идентификатор1","Исходный адрес циркулярной рассылки команды останова по шине J1939- Идентификатор1","Исходный адрес циркулярной рассылки команды останова по шине J1939- Идентификатор144","Исходный адрес циркулярной рассылки команды останова по шине J1939- Идентификатор144","Исходный адрес циркулярной рассылки команды останова по шине J1939- Идентификатор144","Напряжение аккумуляторной батареи (В)- Идентификатор1","Напряжение аккумуляторной батареи (В)- Идентификатор144","Напряжение датчика давления в предварительном масляном фильтре (В)- Идентификатор1","Напряжение датчика давления во впускном коллекторе 2 (В)- Идентификатор1","Напряжение датчика давления на входе топливного регулятора (В)- Идентификатор1","Напряжение датчика давления на входе топливного регулятора (В)- Идентификатор144","Напряжение датчика температуры отработавших газов цилиндра 1 (В)- Идентификатор144","Напряжение датчика температуры отработавших газов цилиндра 10 (В)- Идентификатор1","Напряжение датчика температуры отработавших газов цилиндра 11 (В)- Идентификатор144","Напряжение датчика температуры отработавших газов цилиндра 12 (В)- Идентификатор1","Напряжение датчика температуры отработавших газов цилиндра 13 (В)- Идентификатор144","Напряжение датчика температуры отработавших газов цилиндра 14 (В)- Идентификатор1","Напряжение датчика температуры отработавших газов цилиндра 15 (В)- Идентификатор144","Напряжение датчика температуры отработавших газов цилиндра 16 (В)- Идентификатор1","Напряжение датчика температуры отработавших газов цилиндра 2 (В)- Идентификатор1","Напряжение датчика температуры отработавших газов цилиндра 3 (В)- Идентификатор144","Напряжение датчика температуры отработавших газов цилиндра 4 (В)- Идентификатор1","Напряжение датчика температуры отработавших газов цилиндра 5 (В)- Идентификатор144","Напряжение датчика температуры отработавших газов цилиндра 6 (В)- Идентификатор1","Напряжение датчика температуры отработавших газов цилиндра 7 (В)- Идентификатор144","Напряжение датчика температуры отработавших газов цилиндра 8 (В)- Идентификатор1","Напряжение датчика температуры отработавших газов цилиндра 9 (В)- Идентификатор144","Напряжение датчика температуры топлива (В)- Идентификатор1","Напряжение датчика температуры топлива (В)- Идентификатор144","Напряжение сигнала датчика давления в общем топливопроводе высокого давления (В)- Идентификатор1","Напряжение сигнала датчика давления в общем топливопроводе высокого давления (В)- Идентификатор144","Обратная связь по току электрического подкачивающего насоса- Идентификатор1","Обратная связь по току электрического подкачивающего насоса- Идентификатор144","Положение исполнительного клапана топливного насоса- Идентификатор1","Положение исполнительного клапана топливного насоса- Идентификатор144","Положение электрического подкачивающего топливного насоса- Идентификатор1","Положение электрического подкачивающего топливного насоса- Идентификатор144","Рабочий цикл привода топливного насоса (Проценты)- Идентификатор1","Рабочий цикл привода топливного насоса (Проценты)- Идентификатор144","Рабочий цикл электрического подкачивающего топливного насоса (Проценты)- Идентификатор1","Рабочий цикл электрического подкачивающего топливного насоса (Проценты)- Идентификатор144","Реальное время модуля ECM- Идентификатор1","Реальное время модуля ECM- Идентификатор144","Состояние главного датчика оборотов двигателя- Идентификатор1","Состояние главного датчика оборотов двигателя- Идентификатор144","Состояние главной синхронизации оборотов двигателя- Идентификатор1","Состояние главной синхронизации оборотов двигателя- Идентификатор144","Состояние резервного датчика оборотов двигателя- Идентификатор1","Состояние резервного датчика оборотов двигателя- Идентификатор144","Состояние резервной синхронизации оборотов двигателя- Идентификатор1","Состояние резервной синхронизации оборотов двигателя- Идентификатор144","Средняя температура отработавших газов - левый ряд (расчетное значение) (°C)- Идентификатор144","Средняя температура отработавших газов - правый ряд (расчетное значение) (°C)- Идентификатор1","Средняя температура отработавших газов (расчетное значение) (°C)- Идентификатор1","Температура 2 модуля ECM (°C)- Идентификатор1","Температура 3 модуля ECM (°C)- Идентификатор144","Управляемый расход топлива (л/час)- Идентификатор1","Управляемый расход топлива (л/час)- Идентификатор144","Цепь питания датчиков 1 (В)- Идентификатор1","Цепь питания датчиков 1 (В)- Идентификатор144","Цепь питания датчиков 2 (В)- Идентификатор1","Цепь питания датчиков 2 (В)- Идентификатор144","Цепь питания датчиков 3 (В)- Идентификатор1","Цепь питания датчиков 3 (В)- Идентификатор144","Цепь питания датчиков 4 (В)- Идентификатор1","Цепь питания датчиков 4 (В)- Идентификатор144","Частота вращения двигателя (об/мин)- Идентификатор1","Частота вращения двигателя (об/мин)- Идентификатор144","Частота вращения двигателя- Идентификатор1","Частота вращения двигателя- Идентификатор144",
21-май-2026,16:24:07.932,"0,0","None","0,00","19020111","19020111","407,3","5,6","5,6","5","46","422","410","419","423","460","414","451","414","410","432","413","432","399","446","393","428","34,2","34,1","Главный","Главный","0","0","0,00","0,00","1430","1613","0,00","0,00","1","144","0","0","0","0","0","0","27,5","27,6","1,5","1,3","0,0","0,0","1,1","1,1","1,1","1,1","0,8","1,1","0,9","1,1","1,1","1,0","1,1","1,0","1,2","0,9","1,3","1,0","0,0","0,0","0,00","0,00","Нет","Нет","Разомкнут","Разомкнут","Выкл.","Выкл.","0","0","0","0","Не задано","Не задано","Допустимый сигнал","Допустимый сигнал","Синхронизация поддерживается","Синхронизация поддерживается","Допустимый сигнал","Допустимый сигнал","Синхронизация поддерживается","Синхронизация поддерживается","437,3","410,0","422,0","59","58","0,00","0,00","5,00","5,00","5,00","5,00","5,00","5,00","4,94","4,94","1266","1325","ОК","ОК",
21-май-2026,16:24:08.932,"0,0","None","0,00","19020111","19020111","432,6","5,6","5,6","9","25","414","406","414","419","457","411","447","411","406","428","410","428","397","444","392","427","34,1","34,1","Главный","Главный","0","0","0,00","0,00","1601","1599","0,00","0,00","1","144","0","0","0","0","0","0","27,4","27,6","1,5","1,3","0,0","0,0","1,1","1,2","1,1","1,1","0,9","1,1","0,9","1,1","1,2","1,1","1,1","1,1","1,3","0,9","1,3","1,1","0,0","0,0","0,00","0,00","Нет","Нет","Разомкнут","Разомкнут","Выкл.","Выкл.","0","0","0","0","Не задано","Не задано","Допустимый сигнал","Допустимый сигнал","Синхронизация поддерживается","Синхронизация поддерживается","Допустимый сигнал","Допустимый сигнал","Синхронизация поддерживается","Синхронизация поддерживается","435,3","409,5","421,8","59","58","0,00","0,00","5,00","5,00","5,00","5,00","5,00","5,00","5,00","5,00","1326","1399","ОК","ОК",
21-май-2026,16:24:09.932,"0,0","None","0,00","19020111","19020111","488,6","5,6","5,6","11","54","414","400","414","412","457","404","447","406","400","428","404","428","394","444","392","427","34,1","34,1","Главный","Главный","0","0","0,00","0,00","1604","1594","0,00","0,00","1","144","0","0","0","0","0","0","27,6","27,5","1,6","1,3","0,0","0,0","1,1","1,3","1,1","1,1","0,9","1,2","0,9","1,2","1,3","1,1","1,2","1,1","1,3","0,9","1,3","1,1","0,0","0,0","0,00","0,00","Нет","Нет","Разомкнут","Разомкнут","Выкл.","Выкл.","0","0","0","0","Не задано","Не задано","Допустимый сигнал","Допустимый сигнал","Синхронизация поддерживается","Синхронизация поддерживается","Допустимый сигнал","Допустимый сигнал","Синхронизация поддерживается","Синхронизация поддерживается","435,3","406,5","419,0","59","58","0,00","0,00","5,00","5,00","5,00","5,00","5,00","5,00","5,00","5,00","1476","1550","ОК","ОК",
21-май-2026,16:24:10.932,"0,0","None","0,00","19020111","19020111","537,9","5,6","5,6","15","45","404","396","406","404","455","398","442","399","395","413","398","422","390","442","390","426","34,0","33,8","Главный","Главный","0","0","0,00","0,00","1606","1613","0,00","0,00","1","144","0","0","0","0","0","0","27,6","27,5","1,8","1,3","0,0","0,0","1,2","1,3","1,2","1,2","0,9","1,3","0,9","1,3","1,3","1,1","1,3","1,1","1,4","0,9","1,3","1,1","0,0","0,0","0,00","0,00","Нет","Нет","Разомкнут","Разомкнут","Выкл.","Выкл.","0","0","0","0","Не задано","Не задано","Допустимый сигнал","Допустимый сигнал","Синхронизация поддерживается","Синхронизация поддерживается","Допустимый сигнал","Допустимый сигнал","Синхронизация поддерживается","Синхронизация поддерживается","426,3","401,3","413,5","59","58","0,00","0,00","5,00","5,00","5,00","5,00","5,00","5,00","5,00","5,00","1616","1645","ОК","ОК",
21-май-2026,16:24:11.932,"0,0","None","0,00","19020111","19020111","540,0","5,6","5,6","19","53","391","392","394","397","446","393","429","394","390","404","394","406","386","431","389","418","33,8","33,8","Главный","Главный","0","0","0,00","0,00","1623","1555","0,00","0,00","1","144","0","0","0","0","0","0","27,6","27,4","1,8","1,3","0,0","0,0","1,4","1,4","1,3","1,3","0,9","1,3","1,1","1,3","1,4","1,2","1,3","1,2","1,4","1,0","1,4","1,1","0,0","0,0","0,00","0,00","Нет","Нет","Разомкнут","Разомкнут","Выкл.","Выкл.","0","0","0","0","Не задано","Не задано","Допустимый сигнал","Допустимый сигнал","Синхронизация поддерживается","Синхронизация поддерживается","Допустимый сигнал","Допустимый сигнал","Синхронизация поддерживается","Синхронизация поддерживается","420,3","396,3","406,5","59","58","0,00","0,00","5,00","5,00","5,00","5,00","5,00","5,00","5,00","4,94","1687","1598","ОК","ОК",
21-май-2026,16:24:12.932,"0,0","None","0,00","19020111","19020111","520,0","5,6","5,6","20","34","386","387","388","392","440","388","421","390","385","397","390","398","381","425","386","413","33,8","33,9","Главный","Главный","0","0","0,00","0,00","1626","1577","0,00","0,00","1","144","0","0","0","0","0","0","27,6","27,6","1,8","1,3","0,0","0,0","1,4","1,4","1,4","1,4","0,9","1,4","1,1","1,4","1,4","1,3","1,4","1,3","1,5","1,1","1,4","1,1","0,0","0,0","0,00","0,00","Нет","Нет","Разомкнут","Разомкнут","Выкл.","Выкл.","0","0","0","0","Не задано","Не задано","Допустимый сигнал","Допустимый сигнал","Синхронизация поддерживается","Синхронизация поддерживается","Допустимый сигнал","Допустимый сигнал","Синхронизация поддерживается","Синхронизация поддерживается","414,0","392,0","400,3","59","58","0,00","0,00","5,00","5,00","5,00","5,00","5,00","5,00","5,00","5,00","1596","1626","ОК","ОК",
21-май-2026,16:24:13.932,"0,0","None","0,00","19020111","19020111","522,3","5,6","5,6","20","20","381","384","384","388","436","384","414","385","380","393","386","395","377","421","384","410","33,9","33,8","Главный","Главный","0","0","0,00","0,00","1591","1372","0,00","0,00","1","144","0","0","0","0","0","0","27,4","27,5","1,7","1,3","0,0","0,0","1,5","1,4","1,4","1,4","1,0","1,4","1,1","1,4","1,5","1,3","1,4","1,3","1,6","1,1","1,4","1,1","0,0","0,0","0,00","0,00","Нет","Нет","Разомкнут","Разомкнут","Выкл.","Выкл.","0","0","0","0","Не задано","Не задано","Допустимый сигнал","Допустимый сигнал","Синхронизация поддерживается","Синхронизация поддерживается","Допустимый сигнал","Допустимый сигнал","Синхронизация поддерживается","Синхронизация поддерживается","408,0","387,5","394,3","59","58","0,00","0,00","5,00","5,00","5,00","5,00","5,00","5,00","5,00","4,94","1640","1660","ОК","ОК",
21-май-2026,16:24:14.932,"0,0","None","0,00","19020111","19020111","498,0","5,6","5,6","20","23","378","380","380","384","434","380","410","381","376","390","383","393","374","418","382","408","33,8","33,8","Главный","Главный","0","0","0,00","0,00","1303","1210","0,00","0,00","1","144","0","0","0","0","0","0","27,6","27,6","1,7","1,3","0,0","0,0","1,5","1,5","1,5","1,4","1,0","1,5","1,1","1,5","1,6","1,4","1,4","1,3","1,6","1,1","1,4","1,2","0,0","0,0","0,00","0,00","Нет","Нет","Разомкнут","Разомкнут","Выкл.","Выкл.","0","0","0","0","Не задано","Не задано","Допустимый сигнал","Допустимый сигнал","Синхронизация поддерживается","Синхронизация поддерживается","Допустимый сигнал","Допустимый сигнал","Синхронизация поддерживается","Синхронизация поддерживается","403,8","383,5","389,3","59","58","0,00","0,00","5,00","5,00","5,00","5,00","5,00","5,00","5,00","5,00","1569","1432","ОК","ОК",
21-май-2026,16:24:15.932,"0,0","None","0,00","19020111","19020111","435,6","5,6","5,6","15","-33","378","378","380","381","434","377","410","378","372","390","380","393","371","418","381","408","33,8","33,8","Главный","Главный","0","0","0,00","0,00","1137","1210","0,00","0,00","1","144","0","0","0","0","0","0","27,4","27,6","1,5","1,3","0,0","0,0","1,5","1,5","1,5","1,5","1,0","1,6","1,1","1,5","1,6","1,4","1,5","1,3","1,6","1,1","1,5","1,2","0,0","0,0","0,00","0,00","Нет","Нет","Разомкнут","Разомкнут","Выкл.","Выкл.","0","0","0","0","Не задано","Не задано","Допустимый сигнал","Допустимый сигнал","Синхронизация поддерживается","Синхронизация поддерживается","Допустимый сигнал","Допустимый сигнал","Синхронизация поддерживается","Синхронизация поддерживается","403,8","380,0","385,3","59","58","0,00","0,00","5,00","5,00","5,00","5,00","5,00","5,00","5,00","5,00","1329","1432","ОК","ОК",
21-май-2026,16:24:16.932,"0,0","None","0,00","19020111","19020111","376,6","5,6","5,6","14","-13","375","376","376","379","431","375","403","376","370","386","378","390","369","414","380","404","33,7","33,6","Главный","Главный","0","0","0,00","0,00","1042","1071","0,00","0,00","1","144","0","0","0","0","0","0","27,4","27,6","1,4","1,3","0,0","0,0","1,6","1,6","1,6","1,5","1,0","1,6","1,2","1,6","1,6","1,4","1,5","1,4","1,6","1,1","1,5","1,2","0,0","0,0","0,00","0,00","Нет","Нет","Разомкнут","Разомкнут","Выкл.","Выкл.","0","0","0","0","Не задано","Не задано","Допустимый сигнал","Допустимый сигнал","Синхронизация поддерживается","Синхронизация поддерживается","Допустимый сигнал","Допустимый сигнал","Синхронизация поддерживается","Синхронизация поддерживается","398,5","377,0","382,5","59","58","0,00","0,00","5,00","5,00","5,00","5,00","5,00","5,00","5,00","5,00","1171","1210","ОК","ОК",
21-май-2026,16:24:17.932,"0,0","None","0,00","19020111","19020111","407,3","5,6","5,6","13","43","375","376","376","378","433","375","402","375","369","386","378","389","369","414","379","404","33,7","33,6","Главный","Главный","0","0","0,00","0,00","1132","1244","0,00","0,00","1","144","0","0","0","0","0","0","27,6","27,6","1,5","1,3","0,0","0,0","1,6","1,5","1,5","1,5","1,0","1,6","1,2","1,6","1,6","1,4","1,5","1,4","1,6","1,1","1,5","1,2","0,0","0,0","0,00","0,00","Нет","Нет","Разомкнут","Разомкнут","Выкл.","Выкл.","0","0","0","0","Не задано","Не задано","Допустимый сигнал","Допустимый сигнал","Синхронизация поддерживается","Синхронизация поддерживается","Допустимый сигнал","Допустимый сигнал","Синхронизация поддерживается","Синхронизация поддерживается","397,3","375,3","380,5","59","58","0,00","0,00","5,00","5,00","5,00","5,00","5,00","5,00","4,94","5,00","1276","1185","ОК","ОК",
21-май-2026,16:24:18.932,"0,0","None","0,00","19020111","19020111","394,9","5,6","5,6","12","27","375","377","376","379","433","376","402","376","370","386","378","389","370","414","379","404","33,6","33,6","Главный","Главный","0","0","0,00","0,00","1401","1244","0,00","0,00","1","144","0","0","0","0","0","0","27,6","27,6","1,4","1,3","0,0","0,0","1,6","1,5","1,5","1,5","1,0","1,5","1,2","1,5","1,6","1,4","1,5","1,4","1,6","1,1","1,5","1,2","0,0","0,0","0,00","0,00","Нет","Нет","Разомкнут","Разомкнут","Выкл.","Выкл.","0","0","0","0","Не задано","Не задано","Допустимый сигнал","Допустимый сигнал","Синхронизация поддерживается","Синхронизация поддерживается","Допустимый сигнал","Допустимый сигнал","Синхронизация поддерживается","Синхронизация поддерживается","397,3","375,0","379,8","59","58","0,00","0,00","5,00","5,00","5,00","5,00","5,00","5,00","5,00","5,00","1227","1185","ОК","ОК",
21-май-2026,16:24:19.932,"0,0","None","0,00","19020111","19020111","439,9","5,6","5,6","15","56","376","377","376","380","432","376","402","376","370","386","378","389","370","414","380","403","33,6","33,6","Главный","Главный","0","0","0,00","0,00","1594","1596","0,00","0,00","1","144","0","0","0","0","0","0","27,6","27,6","1,6","1,3","0,0","0,0","1,5","1,5","1,5","1,5","1,0","1,5","1,2","1,5","1,6","1,4","1,5","1,4","1,6","1,1","1,5","1,2","0,0","0,0","0,00","0,00","Нет","Нет","Разомкнут","Разомкнут","Выкл.","Выкл.","0","0","0","0","Не задано","Не задано","Допустимый сигнал","Допустимый сигнал","Синхронизация поддерживается","Синхронизация поддерживается","Допустимый сигнал","Допустимый сигнал","Синхронизация поддерживается","Синхронизация поддерживается","397,5","375,5","380,0","59","58","0,00","0,00","5,00","5,00","5,00","5,00","5,00","5,00","5,00","4,94","1387","1310","ОК","ОК",
21-май-2026,16:24:20.932,"0,0","None","0,00","19020111","19020111","490,4","5,6","5,6","18","58","374","377","376","380","433","376","401","376","369","385","378","388","370","414","380","403","33,7","33,6","Главный","Главный","0","0","0,00","0,00","1616","1604","0,00","0,00","1","144","0","0","0","0","0","0","27,6","27,6","1,6","1,3","0,0","0,0","1,6","1,5","1,5","1,5","1,0","1,5","1,2","1,5","1,6","1,4","1,5","1,4","1,6","1,1","1,5","1,2","0,0","0,0","0,00","0,00","Нет","Нет","Разомкнут","Разомкнут","Выкл.","Выкл.","0","0","0","0","Не задано","Не задано","Допустимый сигнал","Допустимый сигнал","Синхронизация поддерживается","Синхронизация поддерживается","Допустимый сигнал","Допустимый сигнал","Синхронизация поддерживается","Синхронизация поддерживается","397,3","375,8","380,3","59","58","0,00","0,00","5,00","5,00","5,00","5,00","5,00","5,00","5,00","4,94","1518","1468","ОК","ОК",
21-май-2026,16:24:21.932,"0,0","None","0,00","19020111","19020111","508,0","5,6","5,6","22","32","373","376","375","378","431","374","399","376","368","384","378","388","368","412","380","402","33,7","33,7","Главный","Главный","0","0","0,00","0,00","1596","1613","0,00","0,00","1","144","0","0","0","0","0","0","27,6","27,6","1,7","1,4","0,0","0,0","1,6","1,6","1,6","1,5","1,0","1,6","1,2","1,6","1,6","1,4","1,5","1,4","1,6","1,1","1,5","1,2","0,0","0,0","0,00","0,00","Нет","Нет","Разомкнут","Разомкнут","Выкл.","Выкл.","0","0","0","0","Не задано","Не задано","Допустимый сигнал","Допустимый сигнал","Синхронизация поддерживается","Синхронизация поддерживается","Допустимый сигнал","Допустимый сигнал","Синхронизация поддерживается","Синхронизация поддерживается","396,5","375,8","380,0","59","58","0,00","0,00","5,00","5,00","5,00","5,00","5,00","5,00","5,00","4,94","1647","1597","ОК","ОК",
21-май-2026,16:24:22.932,"0,0","None","0,00","19020111","19020111","547,6","5,6","5,6","28","50","370","371","372","373","430","369","398","370","362","382","373","386","362","410","378","401","33,7","33,7","Главный","Главный","0","0","0,00","0,00","1609","1613","0,00","0,00","1","144","0","0","0","0","0","0","27,6","27,4","1,8","1,4","0,0","0,0","1,6","1,6","1,6","1,6","1,0","1,6","1,3","1,6","1,8","1,4","1,6","1,4","1,8","1,1","1,5","1,2","0,0","0,0","0,00","0,00","Нет","Нет","Разомкнут","Разомкнут","Выкл.","Выкл.","0","0","0","0","Не задано","Не задано","Допустимый сигнал","Допустимый сигнал","Синхронизация поддерживается","Синхронизация поддерживается","Допустимый сигнал","Допустимый сигнал","Синхронизация поддерживается","Синхронизация поддерживается","395,3","372,5","377,3","59","58","0,00","0,00","5,00","5,00","5,00","5,00","5,00","5,00","5,00","4,94","1754","1718","ОК","ОК",
21-май-2026,16:24:23.932,"0,0","None","0,00","19020111","19020111","537,9","5,6","5,6","35","20","366","367","370","369","427","366","396","367","358","380","370","383","359","408","376","400","33,7","33,7","Главный","Главный","0","0","0,00","0,00","1613","1606","0,00","0,00","1","144","0","0","0","0","0","0","27,6","27,6","1,8","1,4","0,0","0,0","1,7","1,7","1,6","1,6","1,1","1,7","1,3","1,7","1,8","1,5","1,6","1,4","1,8","1,2","1,6","1,2","0,0","0,0","0,00","0,00","Нет","Нет","Разомкнут","Разомкнут","Выкл.","Выкл.","0","0","0","0","Не задано","Не задано","Допустимый сигнал","Допустимый сигнал","Синхронизация поддерживается","Синхронизация поддерживается","Допустимый сигнал","Допустимый сигнал","Синхронизация поддерживается","Синхронизация поддерживается","393,3","369,8","374,8","59","58","0,00","0,00","5,00","5,00","5,00","5,00","5,00","5,00","5,00","4,94","1742","1773","ОК","ОК",
21-май-2026,16:24:24.932,"0,0","None","0,00","19020111","19020111","498,5","5,6","5,6","40","-27","362","363","366","366","423","362","393","363","353","377","367","380","355","404","375","398","33,7","33,7","Главный","Главный","0","0","0,00","0,00","1589","1594","0,00","0,00","1","144","0","0","0","0","0","0","27,6","27,6","1,7","1,5","0,0","0,0","1,8","1,8","1,7","1,7","1,1","1,8","1,3","1,8","1,9","1,6","1,7","1,5","1,8","1,2","1,6","1,3","0,0","0,0","0,00","0,00","Нет","Нет","Разомкнут","Разомкнут","Выкл.","Выкл.","0","0","0","0","Не задано","Не задано","Допустимый сигнал","Допустимый сигнал","Синхронизация поддерживается","Синхронизация поддерживается","Допустимый сигнал","Допустимый сигнал","Синхронизация поддерживается","Синхронизация поддерживается","390,5","366,3","371,5","59","58","0,00","0,00","5,00","5,00","5,00","5,00","5,00","5,00","4,94","5,00","1554","1690","ОК","ОК",
21-май-2026,16:24:25.932,"0,0","None","0,00","19020111","19020111","424,4","5,6","5,6","30","-49","357","359","362","362","420","358","390","359","349","374","363","377","352","400","373","397","33,6","33,7","Главный","Главный","0","0","0,00","0,00","1479","1613","0,00","0,00","1","144","0","0","0","0","0","0","27,6","27,6","1,5","1,4","0,0","0,0","1,8","1,8","1,8","1,8","1,1","1,8","1,4","1,8","1,9","1,6","1,8","1,6","1,9","1,2","1,6","1,3","0,0","0,0","0,00","0,00","Нет","Нет","Разомкнут","Разомкнут","Выкл.","Выкл.","0","0","0","0","Не задано","Не задано","Допустимый сигнал","Допустимый сигнал","Синхронизация поддерживается","Синхронизация поддерживается","Допустимый сигнал","Допустимый сигнал","Синхронизация поддерживается","Синхронизация поддерживается","387,5","362,8","368,3","59","58","0,00","0,00","5,00","5,00","5,00","5,00","5,00","5,00","5,00","5,00","1312","1480","ОК","ОК",
21-май-2026,16:24:26.932,"0,0","None","0,00","19020111","19020111","387,4","5,6","5,6","23","-9","352","357","357","359","415","356","388","356","346","370","361","374","349","398","371","395","33,7","33,7","Главный","Главный","0","0","0,00","0,00","1240","1359","0,00","0,00","1","144","0","0","0","0","0","0","27,6","27,5","1,4","1,4","0,0","0,0","1,9","1,8","1,8","1,8","1,1","1,8","1,4","1,8","1,9","1,6","1,8","1,6","1,9","1,3","1,6","1,3","0,0","0,0","0,00","0,00","Нет","Нет","Разомкнут","Разомкнут","Выкл.","Выкл.","0","0","0","0","Не задано","Не задано","Допустимый сигнал","Допустимый сигнал","Синхронизация поддерживается","Синхронизация поддерживается","Допустимый сигнал","Допустимый сигнал","Синхронизация поддерживается","Синхронизация поддерживается","384,0","359,3","364,8","59","58","0,00","0,00","5,00","5,00","5,00","5,00","5,00","5,00","5,00","4,94","1231","1238","ОК","ОК",
21-май-2026,16:24:27.932,"0,0","None","0,00","19020111","19020111","418,8","5,6","5,6","21","48","350","357","354","358","411","355","385","356","346","368","360","371","349","396","370","394","33,3","33,6","Главный","Главный","0","0","0,00","0,00","1288","1120","0,00","0,00","1","144","0","0","0","0","0","0","27,4","27,6","1,5","1,4","0,0","0,0","1,9","1,8","1,9","1,8","1,1","1,8","1,4","1,8","1,9","1,7","1,8","1,6","1,9","1,3","1,6","1,3","0,0","0,0","0,00","0,00","Нет","Нет","Разомкнут","Разомкнут","Выкл.","Выкл.","0","0","0","0","Не задано","Не задано","Допустимый сигнал","Допустимый сигнал","Синхронизация поддерживается","Синхронизация поддерживается","Допустимый сигнал","Допустимый сигнал","Синхронизация поддерживается","Синхронизация поддерживается","380,8","356,8","362,3","59","58","0,00","0,00","5,00","5,00","5,00","5,00","5,00","5,00","5,00","5,00","1343","1217","ОК","ОК",
21-май-2026,16:24:28.932,"0,0","None","0,00","19020111","19020111","479,9","5,6","5,6","23","94","349","357","352","359","410","356","384","356","346","367","360","370","349","396","370","393","32,9","33,2","Главный","Главный","0","0","0,00","0,00","1616","1484","0,00","0,00","1","144","0","0","0","0","0","0","27,6","27,6","1,6","1,4","0,0","0,0","1,9","1,8","1,9","1,8","1,1","1,8","1,4","1,8","1,9","1,7","1,8","1,6","1,9","1,3","1,6","1,3","0,0","0,0","0,00","0,00","Нет","Нет","Разомкнут","Разомкнут","Выкл.","Выкл.","0","0","0","0","Не задано","Не задано","Допустимый сигнал","Допустимый сигнал","Синхронизация поддерживается","Синхронизация поддерживается","Допустимый сигнал","Допустимый сигнал","Синхронизация поддерживается","Синхронизация поддерживается","378,5","356,3","361,5","59","58","0,00","0,00","5,00","5,00","5,00","5,00","5,00","5,00","5,00","4,94","1505","1434","ОК","ОК",
21-май-2026,16:24:29.932,"0,0","None","0,00","19020111","19020111","528,8","5,6","5,6","27","85","349","357","352","358","410","356","383","356","345","366","360","369","348","395","370","392","33,5","33,6","Главный","Главный","0","0","0,00","0,00","1609","1606","0,00","0,00","1","144","0","0","0","0","0","0","27,5","27,6","1,8","1,4","0,0","0,0","1,9","1,8","1,9","1,8","1,1","1,8","1,4","1,8","1,9","1,7","1,8","1,6","1,9","1,3","1,6","1,3","0,0","0,0","0,00","0,00","Нет","Нет","Разомкнут","Разомкнут","Выкл.","Выкл.","0","0","0","0","Не задано","Не задано","Допустимый сигнал","Допустимый сигнал","Синхронизация поддерживается","Синхронизация поддерживается","Допустимый сигнал","Допустимый сигнал","Синхронизация поддерживается","Синхронизация поддерживается","377,5","356,5","361,8","59","58","0,00","0,00","5,00","5,00","5,00","5,00","5,00","5,00","5,00","5,00","1650","1616","ОК","ОК",
21-май-2026,16:24:30.981,"0,0","None","0,00","19020111","19020111","516,1","5,6","5,6","33","27","348","356","352","357","410","354","382","354","344","366","359","369","347","395","370","392","33,6","33,6","Главный","Главный","0","0","0,00","0,00","1609","1606","0,00","0,00","1","144","0","0","0","0","0","0","27,6","27,6","1,7","1,4","0,0","0,0","1,9","1,8","1,9","1,8","1,1","1,8","1,4","1,8","2,0","1,7","1,8","1,6","1,9","1,3","1,6","1,3","0,0","0,0","0,00","0,00","Нет","Нет","Разомкнут","Разомкнут","Выкл.","Выкл.","0","0","0","0","Не задано","Не задано","Допустимый сигнал","Допустимый сигнал","Синхронизация поддерживается","Синхронизация поддерживается","Допустимый сигнал","Допустимый сигнал","Синхронизация поддерживается","Синхронизация поддерживается","377,0","356,3","361,5","59","58","0,00","0,00","5,00","5,00","5,00","5,00","5,00","5,00","5,00","4,94","1621","1669","ОК","ОК",
21-май-2026,16:24:32.101,"0,0","None","0,00","19020111","19020111","468,0","5,6","5,6","37","16","346","354","350","355","408","352","382","352","341","365","357","368","345","395","369","392","33,2","32,8","Главный","Главный","0","0","0,00","0,00","1574","1606","0,00","0,00","1","144","0","0","0","0","0","0","27,6","27,6","1,6","1,4","0,0","0,0","1,9","1,9","1,9","1,8","1,1","1,9","1,4","1,9","2,0","1,7","1,8","1,6","2,0","1,3","1,6","1,3","0,0","0,0","0,00","0,00","Нет","Нет","Разомкнут","Разомкнут","Выкл.","Выкл.","0","0","0","0","Не задано","Не задано","Допустимый сигнал","Допустимый сигнал","Синхронизация поддерживается","Синхронизация поддерживается","Допустимый сигнал","Допустимый сигнал","Синхронизация поддерживается","Синхронизация поддерживается","376,5","355,0","360,3","59","58","0,00","0,00","5,00","5,00","5,00","5,00","5,00","5,00","5,00","5,00","1457","1552","ОК","ОК",
21-май-2026,16:24:33.101,"0,0","None","0,00","19020111","19020111","400,9","5,6","5,6","28","10","344","351","348","352","407","350","380","350","338","364","355","366","342","394","368","392","33,5","33,4","Главный","Главный","0","0","0,00","0,00","1396","1540","0,00","0,00","1","144","0","0","0","0","0","0","27,5","27,6","1,4","1,4","0,0","0,0","2,0","1,9","1,9","1,9","1,2","1,9","1,5","1,9","2,1","1,7","1,8","1,7","2,0","1,3","1,6","1,3","0,0","0,0","0,00","0,00","Нет","Нет","Разомкнут","Разомкнут","Выкл.","Выкл.","0","0","0","0","Не задано","Не задано","Допустимый сигнал","Допустимый сигнал","Синхронизация поддерживается","Синхронизация поддерживается","Допустимый сигнал","Допустимый сигнал","Синхронизация поддерживается","Синхронизация поддерживается","375,5","353,0","358,5","59","58","0,00","0,00","5,00","5,00","5,00","5,00","5,00","5,00","5,00","5,00","1266","1372","ОК","ОК",
21-май-2026,16:24:34.101,"0,0","None","0,00","19020111","19020111","380,1","5,6","5,6","24","13","340","350","346","351","404","349","378","348","336","362","354","364","340","392","367","390","33,5","33,5","Главный","Главный","0","0","0,00","0,00","1198","1411","0,00","0,00","1","144","0","0","0","0","0","0","27,6","27,6","1,4","1,4","0,0","0,0","2,1","1,9","1,9","1,9","1,2","1,9","1,5","1,9","2,1","1,8","1,9","1,7","2,0","1,3","1,7","1,3","0,0","0,0","0,00","0,00","Нет","Нет","Разомкнут","Разомкнут","Выкл.","Выкл.","0","0","0","0","Не задано","Не задано","Допустимый сигнал","Допустимый сигнал","Синхронизация поддерживается","Синхронизация поддерживается","Допустимый сигнал","Допустимый сигнал","Синхронизация поддерживается","Синхронизация поддерживается","373,8","350,8","356,5","59","58","0,00","0,00","5,00","5,00","5,00","5,00","5,00","5,00","5,00","5,00","1218","1248","ОК","ОК",
21-май-2026,16:24:35.101,"0,0","None","0,00","19020111","19020111","405,5","5,6","5,6","21","39","338","350","344","351","402","349","376","348","335","360","353","362","340","392","366","390","33,5","33,5","Главный","Главный","0","0","0,00","0,00","1266","1059","0,00","0,00","1","144","0","0","0","0","0","0","27,6","27,5","1,5","1,4","0,0","0,0","2,1","1,9","2,0","1,9","1,2","1,9","1,6","1,9","2,1","1,8","1,8","1,8","2,0","1,3","1,7","1,4","0,0","0,0","0,00","0,00","Нет","Нет","Разомкнут","Разомкнут","Выкл.","Выкл.","0","0","0","0","Не задано","Не задано","Допустимый сигнал","Допустимый сигнал","Синхронизация поддерживается","Синхронизация поддерживается","Допустимый сигнал","Допустимый сигнал","Синхронизация поддерживается","Синхронизация поддерживается","371,8","349,3","355,0","59","58","0,00","0,00","5,00","5,00","5,00","5,00","5,00","5,00","5,00","5,00","1286","1212","ОК","ОК",
21-май-2026,16:24:36.157,"0,0","None","0,00","19020111","19020111","468,0","5,6","5,6","22","47","338","350","342","352","401","350","375","348","336","360","354","361","341","391","367","389","33,5","33,5","Главный","Главный","0","0","0,00","0,00","1613","1406","0,00","0,00","1","144","0","0","0","0","0","0","27,6","27,6","1,6","1,4","0,0","0,0","2,1","1,9","2,0","1,9","1,2","1,9","1,6","1,9","2,1","1,8","1,8","1,8","2,0","1,3","1,6","1,4","0,0","0,0","0,00","0,00","Нет","Нет","Разомкнут","Разомкнут","Выкл.","Выкл.","0","0","0","0","Не задано","Не задано","Допустимый сигнал","Допустимый сигнал","Синхронизация поддерживается","Синхронизация поддерживается","Допустимый сигнал","Допустимый сигнал","Синхронизация поддерживается","Синхронизация поддерживается","370,3","349,0","354,8","59","58","0,00","0,00","5,00","5,00","5,00","5,00","5,00","5,00","5,00","4,94","1515","1360","ОК","ОК",
21-май-2026,16:24:37.157,"0,0","None","0,00","19020111","19020111","524,0","5,6","5,6","26","40","338","350","342","352","401","350","375","349","336","360","354","361","341","391","367","389","33,4","33,5","Главный","Главный","0","0","0,00","0,00","1616","1574","0,00","0,00","1","144","0","0","0","0","0","0","27,5","27,6","1,8","1,4","0,0","0,0","2,1","1,9","2,0","1,9","1,2","1,9","1,6","1,9","2,1","1,8","1,8","1,8","2,0","1,3","1,6","1,4","0,0","0,0","0,00","0,00","Нет","Нет","Разомкнут","Разомкнут","Выкл.","Выкл.","0","0","0","0","Не задано","Не задано","Допустимый сигнал","Допустимый сигнал","Синхронизация поддерживается","Синхронизация поддерживается","Допустимый сигнал","Допустимый сигнал","Синхронизация поддерживается","Синхронизация поддерживается","369,8","349,5","355,0","59","58","0,00","0,00","5,00","5,00","5,00","5,00","5,00","5,00","5,00","4,94","1676","1576","ОК","ОК",
21-май-2026,16:24:38.157,"0,0","None","0,00","19020111","19020111","547,3","5,6","5,6","32","40","338","350","342","351","402","350","375","348","336","360","353","361","340","391","366","389","32,9","33,3","Главный","Главный","0","0","0,00","0,00","1609","1601","0,00","0,00","1","144","0","0","0","0","0","0","27,6","27,6","1,8","1,4","0,0","0,0","2,1","1,9","2,0","1,9","1,2","1,9","1,6","1,9","2,1","1,8","1,8","1,8","2,0","1,3","1,7","1,4","0,0","0,0","0,00","0,00","Нет","Нет","Разомкнут","Разомкнут","Выкл.","Выкл.","0","0","0","0","Не задано","Не задано","Допустимый сигнал","Допустимый сигнал","Синхронизация поддерживается","Синхронизация поддерживается","Допустимый сигнал","Допустимый сигнал","Синхронизация поддерживается","Синхронизация поддерживается","369,8","349,8","355,3","59","58","0,00","0,00","5,00","5,00","5,00","5,00","5,00","5,00","5,00","4,94","1779","1725","ОК","ОК",
21-май-2026,16:24:39.157,"0,0","None","0,00","19020111","19020111","546,9","5,6","5,6","39","36","338","348","342","350","402","348","374","347","334","360","352","360","338","391","366","389","33,4","33,3","Главный","Главный","0","0","0,00","0,00","1611","1609","0,00","0,00","1","144","0","0","0","0","0","0","27,6","27,5","1,8","1,5","0,0","0,0","2,1","1,9","2,0","1,9","1,2","1,9","1,6","1,9","2,1","1,8","1,9","1,8","2,1","1,3","1,7","1,4","0,0","0,0","0,00","0,00","Нет","Нет","Разомкнут","Разомкнут","Выкл.","Выкл.","0","0","0","0","Не задано","Не задано","Допустимый сигнал","Допустимый сигнал","Синхронизация поддерживается","Синхронизация поддерживается","Допустимый сигнал","Допустимый сигнал","Синхронизация поддерживается","Синхронизация поддерживается","369,8","349,3","354,8","59","58","0,00","0,00","5,00","5,00","5,00","5,00","5,00","5,00","5,00","5,00","1786","1786","ОК","ОК",
21-май-2026,16:24:40.157,"0,0","None","0,00","19020111","19020111","563,4","5,6","5,6","45","71","336","346","341","348","401","346","374","345","331","359","350","360","336","391","365","389","33,4","33,4","Главный","Главный","0","0","0,00","0,00","1621","1621","0,00","0,00","1","144","0","0","0","0","0","0","27,5","27,6","1,8","1,6","0,0","0,0","2,1","1,9","2,0","1,9","1,2","1,9","1,6","2,0","2,2","1,8","1,9","1,8","2,1","1,3","1,7","1,4","0,0","0,0","0,00","0,00","Нет","Нет","Разомкнут","Разомкнут","Выкл.","Выкл.","0","0","0","0","Не задано","Не задано","Допустимый сигнал","Допустимый сигнал","Синхронизация поддерживается","Синхронизация поддерживается","Допустимый сигнал","Допустимый сигнал","Синхронизация поддерживается","Синхронизация поддерживается","369,3","347,8","353,8","59","58","0,00","0,00","5,00","5,00","5,00","5,00","5,00","5,00","5,00","4,94","1792","1784","ОК","ОК",
21-май-2026,16:24:41.157,"0,0","None","0,00","19020111","19020111","522,1","5,6","5,6","52","69","333","344","339","344","400","344","372","342","328","357","348","358","334","390","364","388","33,4","33,4","Главный","Главный","0","0","0,00","0,00","1601","1611","0,00","0,00","1","144","0","0","0","0","0","0","27,5","27,6","1,7","1,6","0,0","0,0","2,1","2,0","2,1","2,0","1,2","2,0","1,6","2,0","2,2","1,8","1,9","1,8","2,1","1,4","1,7","1,4","0,0","0,0","0,00","0,00","Нет","Нет","Разомкнут","Разомкнут","Выкл.","Выкл.","0","0","0","0","Не задано","Не задано","Допустимый сигнал","Допустимый сигнал","Синхронизация поддерживается","Синхронизация поддерживается","Допустимый сигнал","Допустимый сигнал","Синхронизация поддерживается","Синхронизация поддерживается","368,3","345,8","351,8","59","58","0,00","0,00","5,00","5,00","5,00","5,00","5,00","5,00","5,00","4,94","1816","1803","ОК","ОК",
21-май-2026,16:24:42.183,"0,0","None","0,00","19020111","19020111","592,8","5,6","5,6","67","134","330","341","336","342","398","341","370","340","325","355","345","356","331","388","363","387","32,8","33,3","Главный","Главный","0","0","0,00","0,00","1565","1570","0,00","0,00","1","144","0","0","0","0","0","0","27,6","27,4","1,9","1,7","0,0","0,0","2,2","2,1","2,1","2,0","1,3","2,0","1,6","2,1","2,3","1,8","2,0","1,8","2,2","1,4","1,8","1,4","0,0","0,0","0,00","0,00","Нет","Нет","Разомкнут","Разомкнут","Выкл.","Выкл.","0","0","0","0","Не задано","Не задано","Допустимый сигнал","Допустимый сигнал","Синхронизация поддерживается","Синхронизация поддерживается","Допустимый сигнал","Допустимый сигнал","Синхронизация поддерживается","Синхронизация поддерживается","366,5","343,3","349,5","59","58","0,00","0,00","5,00","5,00","5,00","5,00","5,00","5,00","4,94","4,94","1851","1825","ОК","ОК",
21-май-2026,16:24:43.262,"0,0","None","0,00","19020111","19020111","574,5","5,6","5,6","90","42","326","338","333","338","398","338","368","336","321","353","342","353","328","387","361","386","32,6","32,6","Главный","Главный","0","0","0,00","0,00","1594","1599","0,00","0,00","1","144","0","0","0","0","0","0","27,6","27,4","1,8","1,9","0,0","0,0","2,3","2,1","2,1","2,1","1,3","2,1","1,6","2,1","2,3","1,9","2,0","1,9","2,2","1,4","1,8","1,4","0,0","0,0","0,00","0,00","Нет","Нет","Разомкнут","Разомкнут","Выкл.","Выкл.","0","0","0","0","Не задано","Не задано","Допустимый сигнал","Допустимый сигнал","Синхронизация поддерживается","Синхронизация поддерживается","Допустимый сигнал","Допустимый сигнал","Синхронизация поддерживается","Синхронизация поддерживается","364,8","340,8","347,0","59","58","0,00","0,00","5,00","5,00","5,00","5,00","5,00","5,00","5,00","5,00","1864","1870","ОК","ОК",
21-май-2026,16:24:44.301,"0,0","None","0,00","19020111","19020111","538,1","5,6","5,6","115","5","322","334","330","334","396","335","366","333","318","350","340","350","324","385","359","384","32,7","32,6","Главный","Главный","0","0","0,00","0,00","1589","1570","0,00","0,00","1","144","0","0","0","0","0","0","27,6","27,6","1,8","2,1","0,0","0,0","2,3","2,1","2,2","2,1","1,3","2,1","1,7","2,1","2,4","1,9","2,1","1,9","2,3","1,4","1,8","1,4","0,0","0,0","0,00","0,00","Нет","Нет","Разомкнут","Разомкнут","Выкл.","Выкл.","0","0","0","0","Не задано","Не задано","Допустимый сигнал","Допустимый сигнал","Синхронизация поддерживается","Синхронизация поддерживается","Допустимый сигнал","Допустимый сигнал","Синхронизация поддерживается","Синхронизация поддерживается","362,5","337,8","344,3","59","58","0,00","0,00","5,00","5,00","5,00","5,00","5,00","5,00","5,00","4,94","1918","1869","ОК","ОК",
21-май-2026,16:24:45.322,"0,0","None","0,00","19020111","19020111","580,9","5,6","5,6","135","35","313","329","322","328","390","331","358","329","313","342","336","343","319","379","356","379","33,3","33,3","Главный","Главный","0","0","0,00","0,00","1577","1579","0,00","0,00","1","144","0","0","0","0","0","0","27,6","27,6","1,9","2,3","0,0","0,0","2,4","2,2","2,3","2,3","1,4","2,2","1,8","2,2","2,4","2,1","2,1","2,0","2,3","1,5","1,8","1,5","0,0","0,0","0,00","0,00","Нет","Нет","Разомкнут","Разомкнут","Выкл.","Выкл.","0","0","0","0","Не задано","Не задано","Допустимый сигнал","Допустимый сигнал","Синхронизация поддерживается","Синхронизация поддерживается","Допустимый сигнал","Допустимый сигнал","Синхронизация поддерживается","Синхронизация поддерживается","356,8","334,3","340,8","59","58","0,00","0,00","5,00","5,00","5,00","5,00","5,00","5,00","5,00","4,94","1899","1915","ОК","ОК",
21-май-2026,16:24:46.644,"0,0","None","0,00","19020111","19020111","503,6","5,6","5,6","170","-51","308","324","318","322","385","327","354","324","308","337","331","338","314","374","353","376","32,5","33,3","Главный","Главный","0","0","0,00","0,00","1572","1613","0,00","0,00","1","144","0","0","0","0","0","0","27,6","27,5","1,7","2,5","0,0","0,0","2,5","2,3","2,4","2,3","1,4","2,3","1,9","2,3","2,5","2,1","2,2","2,1","2,4","1,6","1,9","1,6","0,0","0,0","0,00","0,00","Нет","Нет","Разомкнут","Разомкнут","Выкл.","Выкл.","0","0","0","0","Не задано","Не задано","Допустимый сигнал","Допустимый сигнал","Синхронизация поддерживается","Синхронизация поддерживается","Допустимый сигнал","Допустимый сигнал","Синхронизация поддерживается","Синхронизация поддерживается","352,5","330,0","336,5","59","58","0,00","0,00","5,00","5,00","5,00","5,00","5,00","5,00","5,00","4,94","1890","1905","ОК","ОК",
21-май-2026,16:24:47.683,"0,0","None","0,00","19020111","19020111","566,3","5,6","5,6","170","34","304","315","312","312","378","320","348","316","300","332","323","333","305","368","346","372","32,4","32,5","Главный","Главный","0","0","0,00","0,00","1467","1572","0,00","0,00","1","144","0","0","0","0","0","0","27,4","27,6","1,8","2,5","0,0","0,0","2,6","2,4","2,4","2,4","1,6","2,3","1,9","2,4","2,6","2,2","2,3","2,1","2,6","1,7","1,9","1,6","0,0","0,0","0,00","0,00","Нет","Нет","Разомкнут","Разомкнут","Выкл.","Выкл.","0","0","0","0","Не задано","Не задано","Допустимый сигнал","Допустимый сигнал","Синхронизация поддерживается","Синхронизация поддерживается","Допустимый сигнал","Допустимый сигнал","Синхронизация поддерживается","Синхронизация поддерживается","348,0","321,3","327,8","59","58","0,00","0,00","5,00","5,00","5,00","5,00","5,00","5,00","5,00","4,94","1820","1857","ОК","ОК",
21-май-2026,16:24:48.683,"0,0","None","0,00","19020111","19020111","566,3","5,6","5,6","170","34","300","315","308","312","372","320","343","316","300","328","323","328","305","362","346","369","32,4","32,4","Главный","Главный","0","0","0,00","0,00","1467","1389","0,00","0,00","1","144","0","0","0","0","0","0","27,4","27,5","1,8","2,5","0,0","0,0","2,6","2,4","2,5","2,4","1,6","2,3","2,0","2,4","2,6","2,3","2,3","2,3","2,6","1,8","1,9","1,7","0,0","0,0","0,00","0,00","Нет","Нет","Разомкнут","Разомкнут","Выкл.","Выкл.","0","0","0","0","Не задано","Не задано","Допустимый сигнал","Допустимый сигнал","Синхронизация поддерживается","Синхронизация поддерживается","Допустимый сигнал","Допустимый сигнал","Синхронизация поддерживается","Синхронизация поддерживается","343,3","321,3","327,8","59","58","0,00","0,00","5,00","5,00","5,00","5,00","5,00","5,00","5,00","5,00","1820","1731","ОК","ОК",
21-май-2026,16:24:49.683,"0,0","None","0,00","19020111","19020111","482,6","5,6","5,6","130","-19","298","312","304","307","365","318","338","312","298","324","320","324","301","357","343","365","32,4","32,4","Главный","Главный","0","0","0,00","0,00","1411","1181","0,00","0,00","1","144","0","0","0","0","0","0","27,5","27,5","1,6","2,2","0,0","0,0","2,6","2,4","2,6","2,5","1,8","2,4","2,1","2,4","2,6","2,3","2,3","2,3","2,6","1,8","2,0","1,7","0,0","0,0","0,00","0,00","Нет","Нет","Разомкнут","Разомкнут","Выкл.","Выкл.","0","0","0","0","Не задано","Не задано","Допустимый сигнал","Допустимый сигнал","Синхронизация поддерживается","Синхронизация поддерживается","Допустимый сигнал","Допустимый сигнал","Синхронизация поддерживается","Синхронизация поддерживается","338,5","317,0","323,5","59","58","0,00","0,00","5,00","5,00","5,00","5,00","5,00","5,00","5,00","5,00","1672","1550","ОК","ОК",
21-май-2026,16:24:50.683,"0,0","None","0,00","19020111","19020111","477,3","5,6","5,6","97","-12","296","310","302","305","361","317","334","311","297","322","318","320","299","353","341","363","32,4","32,4","Главный","Главный","0","0","0,00","0,00","1264","1445","0,00","0,00","1","144","0","0","0","0","0","0","27,5","27,6","1,6","1,9","0,0","0,0","2,6","2,4","2,6","2,5","1,8","2,4","2,1","2,4","2,6","2,3","2,3","2,3","2,6","1,9","2,0","1,8","0,0","0,0","0,00","0,00","Нет","Нет","Разомкнут","Разомкнут","Выкл.","Выкл.","0","0","0","0","Не задано","Не задано","Допустимый сигнал","Допустимый сигнал","Синхронизация поддерживается","Синхронизация поддерживается","Допустимый сигнал","Допустимый сигнал","Синхронизация поддерживается","Синхронизация поддерживается","334,3","313,8","319,8","59","58","0,00","0,00","5,00","5,00","5,00","5,00","5,00","5,00","5,00","5,00","1582","1613","ОК","ОК",
21-май-2026,16:24:51.683,"0,0","None","0,00","19020111","19020111","509,0","5,6","5,6","113","35","297","310","302","306","359","317","332","311","298","321","318","319","299","351","340","362","32,4","32,3","Главный","Главный","0","0","0,00","0,00","1611","1633","0,00","0,00","1","144","0","0","0","0","0","0","27,6","27,6","1,7","2,1","0,0","0,0","2,6","2,4","2,6","2,5","1,8","2,3","2,1","2,4","2,6","2,3","2,3","2,3","2,6","1,9","2,0","1,8","0,0","0,0","0,00","0,00","Нет","Нет","Разомкнут","Разомкнут","Выкл.","Выкл.","0","0","0","0","Не задано","Не задано","Допустимый сигнал","Допустимый сигнал","Синхронизация поддерживается","Синхронизация поддерживается","Допустимый сигнал","Допустимый сигнал","Синхронизация поддерживается","Синхронизация поддерживается","331,5","312,3","317,5","59","58","0,00","0,00","5,00","5,00","5,00","5,00","5,00","5,00","5,00","4,94","1670","1674","ОК","ОК",
21-май-2026,16:24:52.683,"0,0","None","0,00","19020111","19020111","512,5","5,6","5,6","116","26","297","311","302","306","359","318","332","311","298","321","318","319","299","351","340","362","32,3","32,3","Главный","Главный","0","0","0,00","0,00","1611","1633","0,00","0,00","1","144","0","0","0","0","0","0","27,6","27,6","1,7","2,1","0,0","0,0","2,6","2,4","2,6","2,5","1,8","2,3","2,1","2,4","2,6","2,3","2,3","2,3","2,6","1,9","2,0","1,8","0,0","0,0","0,00","0,00","Нет","Нет","Разомкнут","Разомкнут","Выкл.","Выкл.","0","0","0","0","Не задано","Не задано","Допустимый сигнал","Допустимый сигнал","Синхронизация поддерживается","Синхронизация поддерживается","Допустимый сигнал","Допустимый сигнал","Синхронизация поддерживается","Синхронизация поддерживается","331,5","312,5","317,0","59","58","0,00","0,00","5,00","5,00","5,00","5,00","5,00","5,00","5,00","4,94","1693","1674","ОК","ОК",
21-май-2026,16:24:53.683,"0,0","None","0,00","19020111","19020111","514,9","5,6","5,6","112","36","297","310","300","305","357","317","330","310","298","320","318","317","298","349","339","360","32,2","32,3","Главный","Главный","0","0","0,00","0,00","1428","1504","0,00","0,00","1","144","0","0","0","0","0","0","27,5","27,5","1,7","2,1","0,0","0,0","2,6","2,4","2,6","2,5","1,8","2,3","2,2","2,4","2,6","2,3","2,3","2,3","2,6","1,9","2,1","1,8","0,0","0,0","0,00","0,00","Нет","Нет","Разомкнут","Разомкнут","Выкл.","Выкл.","0","0","0","0","Не задано","Не задано","Допустимый сигнал","Допустимый сигнал","Синхронизация поддерживается","Синхронизация поддерживается","Допустимый сигнал","Допустимый сигнал","Синхронизация поддерживается","Синхронизация поддерживается","329,8","312,5","316,8","59","58","0,00","0,00","5,00","5,00","5,00","5,00","5,00","5,00","5,00","4,94","1678","1649","ОК","ОК",
21-май-2026,16:24:54.683,"0,0","None","0,00","19020111","19020111","495,0","5,6","5,6","104","14","296","309","300","304","357","316","330","310","297","319","317","316","298","347","339","360","32,2","32,2","Главный","Главный","0","0","0,00","0,00","1601","1535","0,00","0,00","1","144","0","0","0","0","0","0","27,5","27,6","1,6","2,0","0,0","0,0","2,6","2,4","2,6","2,5","1,8","2,4","2,2","2,4","2,6","2,3","2,3","2,4","2,6","1,9","2,1","1,8","0,0","0,0","0,00","0,00","Нет","Нет","Разомкнут","Разомкнут","Выкл.","Выкл.","0","0","0","0","Не задано","Не задано","Допустимый сигнал","Допустимый сигнал","Синхронизация поддерживается","Синхронизация поддерживается","Допустимый сигнал","Допустимый сигнал","Синхронизация поддерживается","Синхронизация поддерживается","328,8","311,8","316,0","59","58","0,00","0,00","5,00","5,00","5,00","5,00","5,00","5,00","5,00","5,00","1616","1704","ОК","ОК",
21-май-2026,16:24:55.683,"0,0","None","0,00","19020111","19020111","453,8","5,6","5,6","74","-2","296","308","298","302","354","316","327","309","296","318","316","314","296","346","338","359","32,1","32,1","Главный","Главный","0","0","0,00","0,00","1425","1611","0,00","0,00","1","144","0","0","0","0","0","0","27,4","27,6","1,6","1,8","0,0","0,0","2,6","2,4","2,6","2,6","1,8","2,4","2,2","2,4","2,6","2,3","2,4","2,4","2,6","1,9","2,1","1,8","0,0","0,0","0,00","0,00","Нет","Нет","Разомкнут","Разомкнут","Выкл.","Выкл.","0","0","0","0","Не задано","Не задано","Допустимый сигнал","Допустимый сигнал","Синхронизация поддерживается","Синхронизация поддерживается","Допустимый сигнал","Допустимый сигнал","Синхронизация поддерживается","Синхронизация поддерживается","327,5","311,0","315,0","59","58","0,00","0,00","5,00","5,00","5,00","5,00","5,00","5,00","5,00","5,00","1487","1548","ОК","ОК",
21-май-2026,16:24:56.683,"0,0","None","0,00","19020111","19020111","497,9","5,6","5,6","81","57","296","308","298","302","354","316","327","308","296","318","316","314","296","346","338","359","32,0","32,1","Главный","Главный","0","0","0,00","0,00","1635","1567","0,00","0,00","1","144","0","0","0","0","0","0","27,6","27,6","1,7","1,8","0,0","0,0","2,6","2,4","2,6","2,6","1,8","2,4","2,2","2,4","2,6","2,3","2,4","2,4","2,6","1,9","2,1","1,8","0,0","0,0","0,00","0,00","Нет","Нет","Разомкнут","Разомкнут","Выкл.","Выкл.","0","0","0","0","Не задано","Не задано","Допустимый сигнал","Допустимый сигнал","Синхронизация поддерживается","Синхронизация поддерживается","Допустимый сигнал","Допустимый сигнал","Синхронизация поддерживается","Синхронизация поддерживается","326,5","310,3","314,0","59","58","0,00","0,00","5,00","5,00","5,00","5,00","5,00","5,00","5,00","5,00","1607","1531","ОК","ОК",
21-май-2026,16:24:57.683,"0,0","None","0,00","19020111","19020111","497,4","5,6","5,6","90","23","297","309","299","304","354","317","326","309","297","319","316","314","297","345","338","358","32,0","32,0","Главный","Главный","0","0","0,00","0,00","1535","1565","0,00","0,00","1","144","0","0","0","0","0","0","27,6","27,5","1,7","1,9","0,0","0,0","2,6","2,4","2,6","2,5","1,8","2,3","2,2","2,4","2,6","2,3","2,3","2,4","2,6","1,9","2,1","1,8","0,0","0,0","0,00","0,00","Нет","Нет","Разомкнут","Разомкнут","Выкл.","Выкл.","0","0","0","0","Не задано","Не задано","Допустимый сигнал","Допустимый сигнал","Синхронизация поддерживается","Синхронизация поддерживается","Допустимый сигнал","Допустимый сигнал","Синхронизация поддерживается","Синхронизация поддерживается","326,0","310,3","313,8","59","58","0,00","0,00","5,00","5,00","5,00","5,00","5,00","5,00","5,00","5,00","1628","1634","ОК","ОК",
21-май-2026,16:24:58.683,"0,0","None","0,00","19020111","19020111","480,6","5,6","5,6","81","22","297","309","298","303","354","317","326","309","297","319","316","314","297","345","338","358","31,9","31,9","Главный","Главный","0","0","0,00","0,00","1242","1428","0,00","0,00","1","144","0","0","0","0","0","0","27,4","27,6","1,6","1,8","0,0","0,0","2,6","2,4","2,6","2,5","1,8","2,3","2,2","2,4","2,6","2,3","2,3","2,4","2,6","1,9","2,1","1,8","0,0","0,0","0,00","0,00","Нет","Нет","Разомкнут","Разомкнут","Выкл.","Выкл.","0","0","0","0","Не задано","Не задано","Допустимый сигнал","Допустимый сигнал","Синхронизация поддерживается","Синхронизация поддерживается","Допустимый сигнал","Допустимый сигнал","Синхронизация поддерживается","Синхронизация поддерживается","326,3","310,8","314,0","59","58","0,00","0,00","5,00","5,00","5,00","5,00","5,00","5,00","5,00","5,00","1575","1561","ОК","ОК",
21-май-2026,16:24:59.683,"0,0","None","0,00","19020111","19020111","446,8","5,6","5,6","70","-20","297","308","298","302","354","316","326","309","297","319","316","314","297","346","337","358","31,9","31,9","Главный","Главный","0","0","0,00","0,00","1606","1372","0,00","0,00","1","144","0","0","0","0","0","0","27,6","27,6","1,6","1,8","0,0","0,0","2,6","2,4","2,6","2,6","1,8","2,3","2,3","2,4","2,6","2,3","2,4","2,4","2,6","1,9","2,1","1,8","0,0","0,0","0,00","0,00","Нет","Нет","Разомкнут","Разомкнут","Выкл.","Выкл.","0","0","0","0","Не задано","Не задано","Допустимый сигнал","Допустимый сигнал","Синхронизация поддерживается","Синхронизация поддерживается","Допустимый сигнал","Допустимый сигнал","Синхронизация поддерживается","Синхронизация поддерживается","326,5","310,8","314,3","59","58","0,00","0,00","5,00","5,00","5,00","5,00","5,00","5,00","5,00","5,00","1484","1609","ОК","ОК",
21-май-2026,16:25:00.683,"0,0","None","0,00","19020111","19020111","473,0","5,6","5,6","70","50","297","308","298","302","354","316","325","309","297","318","316","313","297","345","337","358","31,8","31,9","Главный","Главный","0","0","0,00","0,00","1433","1591","0,00","0,00","1","144","0","0","0","0","0","0","27,6","27,6","1,6","1,8","0,0","0,0","2,6","2,4","2,6","2,6","1,8","2,4","2,3","2,4","2,6","2,3","2,4","2,4","2,6","1,9","2,1","1,8","0,0","0,0","0,00","0,00","Нет","Нет","Разомкнут","Разомкнут","Выкл.","Выкл.","0","0","0","0","Не задано","Не задано","Допустимый сигнал","Допустимый сигнал","Синхронизация поддерживается","Синхронизация поддерживается","Допустимый сигнал","Допустимый сигнал","Синхронизация поддерживается","Синхронизация поддерживается","326,5","310,5","314,0","59","58","0,00","0,00","5,00","5,00","5,00","5,00","5,00","5,00","5,00","4,94","1538","1500","ОК","ОК",
21-май-2026,16:25:01.683,"0,0","None","0,00","19020111","19020111","445,0","5,6","5,6","60","2","298","308","298","302","355","316","325","309","297","319","316","313","297","346","337","359","31,8","31,8","Главный","Главный","0","0","0,00","0,00","1208","1308","0,00","0,00","1","144","0","0","0","0","0","0","27,6","27,6","1,6","1,6","0,0","0,0","2,6","2,4","2,6","2,6","1,8","2,3","2,3","2,4","2,6","2,3","2,4","2,4","2,6","1,9","2,1","1,8","0,0","0,0","0,00","0,00","Нет","Нет","Разомкнут","Разомкнут","Выкл.","Выкл.","0","0","0","0","Не задано","Не задано","Допустимый сигнал","Допустимый сигнал","Синхронизация поддерживается","Синхронизация поддерживается","Допустимый сигнал","Допустимый сигнал","Синхронизация поддерживается","Синхронизация поддерживается","326,3","310,3","313,5","59","58","0,00","0,00","5,00","5,00","5,00","5,00","5,00","5,00","5,00","5,00","1475","1523","ОК","ОК",
21-май-2026,16:25:02.683,"0,0","None","0,00","19020111","19020111","447,4","5,6","5,6","56","23","298","309","298","303","356","316","326","309","297","319","316","313","297","346","337","359","31,7","31,7","Главный","Главный","0","0","0,00","0,00","1227","1252","0,00","0,00","1","144","0","0","0","0","0","0","27,6","27,6","1,6","1,6","0,0","0,0","2,6","2,4","2,6","2,5","1,8","2,3","2,2","2,4","2,6","2,3","2,3","2,4","2,6","1,9","2,1","1,8","0,0","0,0","0,00","0,00","Нет","Нет","Разомкнут","Разомкнут","Выкл.","Выкл.","0","0","0","0","Не задано","Не задано","Допустимый сигнал","Допустимый сигнал","Синхронизация поддерживается","Синхронизация поддерживается","Допустимый сигнал","Допустимый сигнал","Синхронизация поддерживается","Синхронизация поддерживается","326,5","310,3","313,5","59","58","0,00","0,00","5,00","5,00","5,00","5,00","5,00","5,00","5,00","4,94","1472","1483","ОК","ОК",
21-май-2026,16:25:03.683,"0,0","None","0,00","19020111","19020111","422,4","5,6","5,6","48","2","298","310","298","304","357","317","326","310","298","320","317","314","298","347","337","359","31,6","31,7","Главный","Главный","0","0","0,00","0,00","1078","1225","0,00","0,00","1","144","0","0","0","0","0","0","27,5","27,5","1,5","1,6","0,0","0,0","2,6","2,4","2,6","2,5","1,8","2,3","2,2","2,4","2,6","2,3","2,3","2,4","2,6","1,9","2,1","1,8","0,0","0,0","0,00","0,00","Нет","Нет","Разомкнут","Разомкнут","Выкл.","Выкл.","0","0","0","0","Не задано","Не задано","Допустимый сигнал","Допустимый сигнал","Синхронизация поддерживается","Синхронизация поддерживается","Допустимый сигнал","Допустимый сигнал","Синхронизация поддерживается","Синхронизация поддерживается","326,8","310,5","313,8","59","58","0,00","0,00","5,00","5,00","5,00","5,00","5,00","5,00","5,00","4,94","1408","1471","ОК","ОК",
21-май-2026,16:25:04.683,"0,0","None","0,00","19020111","19020111","427,6","5,6","5,6","41","22","299","310","299","306","358","317","327","310","298","321","318","314","299","348","338","360","31,6","31,6","Главный","Главный","0","0","0,00","0,00","1484","1237","0,00","0,00","1","144","0","0","0","0","0","0","27,6","27,4","1,5","1,5","0,0","0,0","2,6","2,4","2,6","2,5","1,8","2,3","2,2","2,4","2,6","2,3","2,3","2,4","2,6","1,9","2,1","1,8","0,0","0,0","0,00","0,00","Нет","Нет","Разомкнут","Разомкнут","Выкл.","Выкл.","0","0","0","0","Не задано","Не задано","Допустимый сигнал","Допустимый сигнал","Синхронизация поддерживается","Синхронизация поддерживается","Допустимый сигнал","Допустимый сигнал","Синхронизация поддерживается","Синхронизация поддерживается","327,5","311,3","314,5","59","58","0,00","0,00","5,00","5,00","5,00","5,00","5,00","5,00","5,00","4,94","1372","1437","ОК","ОК",
21-май-2026,16:25:05.683,"0,0","None","0,00","19020111","19020111","407,0","5,6","5,6","35","22","300","312","300","308","360","318","328","312","299","322","319","315","300","350","338","360","31,5","31,6","Главный","Главный","0","0","0,00","0,00","1306","1460","0,00","0,00","1","144","0","0","0","0","0","0","27,6","27,6","1,5","1,4","0,0","0,0","2,6","2,4","2,6","2,4","1,8","2,3","2,2","2,4","2,6","2,3","2,3","2,4","2,6","1,9","2,1","1,8","0,0","0,0","0,00","0,00","Нет","Нет","Разомкнут","Разомкнут","Выкл.","Выкл.","0","0","0","0","Не задано","Не задано","Допустимый сигнал","Допустимый сигнал","Синхронизация поддерживается","Синхронизация поддерживается","Допустимый сигнал","Допустимый сигнал","Синхронизация поддерживается","Синхронизация поддерживается","328,5","312,0","315,5","59","58","0,00","0,00","5,00","5,00","5,00","5,00","5,00","5,00","5,00","5,00","1335","1320","ОК","ОК",
21-май-2026,16:25:06.683,"0,0","None","0,00","19020111","19020111","398,6","5,6","5,6","28","13","301","314","302","310","362","319","330","313","300","323","320","317","301","352","339","361","31,5","31,5","Главный","Главный","0","0","0,00","0,00","1381","1484","0,00","0,00","1","144","0","0","0","0","0","0","27,6","27,6","1,4","1,4","0,0","0,0","2,6","2,4","2,6","2,4","1,7","2,3","2,1","2,4","2,6","2,3","2,3","2,3","2,6","1,8","2,0","1,8","0,0","0,0","0,00","0,00","Нет","Нет","Разомкнут","Разомкнут","Выкл.","Выкл.","0","0","0","0","Не задано","Не задано","Допустимый сигнал","Допустимый сигнал","Синхронизация поддерживается","Синхронизация поддерживается","Допустимый сигнал","Допустимый сигнал","Синхронизация поддерживается","Синхронизация поддерживается","329,5","313,0","316,5","59","58","0,00","0,00","5,00","5,00","5,00","5,00","5,00","5,00","5,00","4,94","1297","1326","ОК","ОК",
21-май-2026,16:25:07.683,"0,0","None","0,00","19020111","19020111","412,3","5,6","5,6","28","41","303","316","303","313","364","321","332","315","302","325","322","318","303","354","340","362","31,5","31,5","Главный","Главный","0","0","0,00","0,00","1506","1308","0,00","0,00","1","144","0","0","0","0","0","0","27,6","27,5","1,5","1,4","0,0","0,0","2,5","2,3","2,5","2,4","1,7","2,3","2,1","2,4","2,5","2,2","2,3","2,3","2,5","1,8","2,0","1,7","0,0","0,0","0,00","0,00","Нет","Нет","Разомкнут","Разомкнут","Выкл.","Выкл.","0","0","0","0","Не задано","Не задано","Допустимый сигнал","Допустимый сигнал","Синхронизация поддерживается","Синхронизация поддерживается","Допустимый сигнал","Допустимый сигнал","Синхронизация поддерживается","Синхронизация поддерживается","331,3","314,5","318,0","59","58","0,00","0,00","5,00","5,00","5,00","5,00","5,00","5,00","5,00","5,00","1356","1290","ОК","ОК",
21-май-2026,16:25:08.683,"0,0","None","0,00","19020111","19020111","439,3","5,6","5,6","32","41","306","318","306","316","366","323","334","317","304","327","324","320","306","356","342","364","31,5","31,5","Главный","Главный","0","0","0,00","0,00","1596","1631","0,00","0,00","1","144","0","0","0","0","0","0","27,6","27,6","1,6","1,4","0,0","0,0","2,4","2,3","2,4","2,3","1,6","2,3","2,1","2,3","2,5","2,2","2,3","2,3","2,4","1,8","2,0","1,7","0,0","0,0","0,00","0,00","Нет","Нет","Разомкнут","Разомкнут","Выкл.","Выкл.","0","0","0","0","Не задано","Не задано","Допустимый сигнал","Допустимый сигнал","Синхронизация поддерживается","Синхронизация поддерживается","Допустимый сигнал","Допустимый сигнал","Синхронизация поддерживается","Синхронизация поддерживается","333,0","316,5","319,8","59","58","0,00","0,00","5,00","5,00","5,00","5,00","5,00","5,00","5,00","5,00","1428","1416","ОК","ОК",
21-май-2026,16:25:09.702,"0,0","None","0,00","19020111","19020111","447,0","5,6","5,6","34","35","307","321","308","319","369","325","336","320","307","330","326","322","308","358","344","366","31,5","31,5","Главный","Главный","0","0","0,00","0,00","1613","1604","0,00","0,00","1","144","0","0","0","0","0","0","27,6","27,5","1,6","1,4","0,0","0,0","2,4","2,3","2,4","2,3","1,6","2,3","2,1","2,3","2,4","2,1","2,2","2,3","2,4","1,8","1,9","1,7","0,0","0,0","0,00","0,00","Нет","Нет","Разомкнут","Разомкнут","Выкл.","Выкл.","0","0","0","0","Не задано","Не задано","Допустимый сигнал","Допустимый сигнал","Синхронизация поддерживается","Синхронизация поддерживается","Допустимый сигнал","Допустимый сигнал","Синхронизация поддерживается","Синхронизация поддерживается","335,0","320,3","324,0","59","58","0,00","0,00","5,00","5,00","5,00","5,00","5,00","5,00","5,00","5,00","1450","1448","ОК","ОК",
21-май-2026,16:25:10.702,"0,0","None","0,00","19020111","19020111","427,5","5,6","5,6","37","8","308","321","309","320","370","325","338","320","306","331","326","324","309","360","344","366","31,4","31,4","Главный","Главный","0","0","0,00","0,00","1577","1604","0,00","0,00","1","144","0","0","0","0","0","0","27,6","27,6","1,5","1,5","0,0","0,0","2,4","2,3","2,4","2,3","1,6","2,3","2,1","2,3","2,5","2,1","2,2","2,3","2,4","1,8","1,9","1,6","0,0","0,0","0,00","0,00","Нет","Нет","Разомкнут","Разомкнут","Выкл.","Выкл.","0","0","0","0","Не задано","Не задано","Допустимый сигнал","Допустимый сигнал","Синхронизация поддерживается","Синхронизация поддерживается","Допустимый сигнал","Допустимый сигнал","Синхронизация поддерживается","Синхронизация поддерживается","337,3","321,3","325,3","59","58","0,00","0,00","5,00","5,00","5,00","5,00","5,00","5,00","5,00","5,00","1398","1420","ОК","ОК",
21-май-2026,16:25:11.702,"0,0","None","0,00","19020111","19020111","436,1","5,6","5,6","38","37","308","321","310","320","372","325","339","320","306","331","326","324","308","361","344","367","31,4","31,4","Главный","Главный","0","0","0,00","0,00","1604","1574","0,00","0,00","1","144","0","0","0","0","0","0","27,6","27,6","1,6","1,5","0,0","0,0","2,4","2,3","2,4","2,3","1,6","2,3","2,0","2,3","2,5","2,1","2,2","2,3","2,4","1,8","1,9","1,6","0,0","0,0","0,00","0,00","Нет","Нет","Разомкнут","Разомкнут","Выкл.","Выкл.","0","0","0","0","Не задано","Не задано","Допустимый сигнал","Допустимый сигнал","Синхронизация поддерживается","Синхронизация поддерживается","Допустимый сигнал","Допустимый сигнал","Синхронизация поддерживается","Синхронизация поддерживается","338,3","321,5","325,5","59","58","0,00","0,00","5,00","5,00","5,00","5,00","5,00","5,00","5,00","5,00","1421","1418","ОК","ОК",
21-май-2026,16:25:12.704,"0,0","None","0,00","19020111","19020111","439,6","5,6","5,6","36","26","307","320","310","320","372","323","340","320","306","331","326","324","308","362","344","367","31,3","31,4","Главный","Главный","0","0","0,00","0,00","1628","1604","0,00","0,00","1","144","0","0","0","0","0","0","27,6","27,6","1,6","1,4","0,0","0,0","2,5","2,3","2,4","2,3","1,6","2,3","2,0","2,3","2,5","2,1","2,3","2,3","2,4","1,7","1,9","1,6","0,0","0,0","0,00","0,00","Нет","Нет","Разомкнут","Разомкнут","Выкл.","Выкл.","0","0","0","0","Не задано","Не задано","Допустимый сигнал","Допустимый сигнал","Синхронизация поддерживается","Синхронизация поддерживается","Допустимый сигнал","Допустимый сигнал","Синхронизация поддерживается","Синхронизация поддерживается","338,8","321,0","325,5","59","58","0,00","0,00","5,00","5,00","5,00","5,00","5,00","5,00","5,00","4,94","1432","1440","ОК","ОК",
21-май-2026,16:25:13.746,"0,0","None","0,00","19020111","19020111","432,9","5,6","5,6","36","18","306","320","309","320","373","323","340","320","305","331","326","325","308","362","344","368","31,3","31,3","Главный","Главный","0","0","0,00","0,00","1604","1560","0,00","0,00","1","144","0","0","0","0","0","0","27,6","27,6","1,5","1,5","0,0","0,0","2,5","2,3","2,4","2,3","1,6","2,3","2,0","2,3","2,5","2,1","2,3","2,3","2,4","1,7","1,9","1,6","0,0","0,0","0,00","0,00","Нет","Нет","Разомкнут","Разомкнут","Выкл.","Выкл.","0","0","0","0","Не задано","Не задано","Допустимый сигнал","Допустимый сигнал","Синхронизация поддерживается","Синхронизация поддерживается","Допустимый сигнал","Допустимый сигнал","Синхронизация поддерживается","Синхронизация поддерживается","339,0","320,8","325,5","59","58","0,00","0,00","5,00","5,00","5,00","5,00","5,00","5,00","5,00","4,94","1444","1413","ОК","ОК",
21-май-2026,16:25:14.746,"0,0","None","0,00","19020111","19020111","432,6","5,6","5,6","36","19","304","320","309","320","373","322","340","320","305","331","326","325","308","363","344","368","31,3","31,3","Главный","Главный","0","0","0,00","0,00","1609","1609","0,00","0,00","1","144","0","0","0","0","0","0","27,6","27,6","1,5","1,4","0,0","0,0","2,5","2,3","2,4","2,3","1,6","2,3","2,0","2,3","2,5","2,1","2,2","2,3","2,4","1,7","1,9","1,6","0,0","0,0","0,00","0,00","Нет","Нет","Разомкнут","Разомкнут","Выкл.","Выкл.","0","0","0","0","Не задано","Не задано","Допустимый сигнал","Допустимый сигнал","Синхронизация поддерживается","Синхронизация поддерживается","Допустимый сигнал","Допустимый сигнал","Синхронизация поддерживается","Синхронизация поддерживается","339,0","320,5","325,5","59","58","0,00","0,00","5,00","5,00","5,00","5,00","5,00","5,00","5,00","4,94","1418","1453","ОК","ОК",
21-май-2026,16:25:15.746,"0,0","None","0,00","19020111","19020111","395,1","5,6","5,6","28","-18","304","320","309","321","373","322","341","319","305","331","326","324","309","364","344","368","31,3","31,3","Главный","Главный","0","0","0,00","0,00","1320","1462","0,00","0,00","1","144","0","0","0","0","0","0","27,6","27,6","1,4","1,4","0,0","0,0","2,5","2,3","2,4","2,3","1,6","2,3","2,0","2,3","2,5","2,1","2,2","2,3","2,4","1,7","1,9","1,6","0,0","0,0","0,00","0,00","Нет","Нет","Разомкнут","Разомкнут","Выкл.","Выкл.","0","0","0","0","Не задано","Не задано","Допустимый сигнал","Допустимый сигнал","Синхронизация поддерживается","Синхронизация поддерживается","Допустимый сигнал","Допустимый сигнал","Синхронизация поддерживается","Синхронизация поддерживается","339,3","320,8","325,5","59","58","0,00","0,00","5,00","5,00","5,00","5,00","5,00","5,00","5,00","4,94","1290","1343","ОК","ОК",
21-май-2026,16:25:16.793,"0,0","None","0,00","19020111","19020111","378,0","5,6","5,6","24","1","303","321","309","322","374","323","342","320","306","331","327","324","310","364","344","368","31,3","31,3","Главный","Главный","0","0","0,00","0,00","1034","1183","0,00","0,00","1","144","0","0","0","0","0","0","27,4","27,6","1,4","1,4","0,0","0,0","2,6","2,3","2,4","2,3","1,6","2,3","2,0","2,3","2,5","2,1","2,2","2,3","2,4","1,7","1,9","1,6","0,0","0,0","0,00","0,00","Нет","Нет","Разомкнут","Разомкнут","Выкл.","Выкл.","0","0","0","0","Не задано","Не задано","Допустимый сигнал","Допустимый сигнал","Синхронизация поддерживается","Синхронизация поддерживается","Допустимый сигнал","Допустимый сигнал","Синхронизация поддерживается","Синхронизация поддерживается","339,0","320,8","325,5","59","58","0,00","0,00","5,00","5,00","5,00","5,00","5,00","5,00","5,00","4,94","1222","1287","ОК","ОК",
21-май-2026,16:25:17.793,"0,0","None","0,00","19020111","19020111","377,9","5,6","5,6","20","19","305","321","310","322","374","323","343","320","306","332","327","325","310","364","344","368","31,3","31,3","Главный","Главный","0","0","0,00","0,00","1027","1037","0,00","0,00","1","144","0","0","0","0","0","0","27,6","27,6","1,4","1,3","0,0","0,0","2,5","2,3","2,4","2,3","1,6","2,3","2,0","2,3","2,5","2,1","2,2","2,2","2,4","1,7","1,9","1,6","0,0","0,0","0,00","0,00","Нет","Нет","Разомкнут","Разомкнут","Выкл.","Выкл.","0","0","0","0","Не задано","Не задано","Допустимый сигнал","Допустимый сигнал","Синхронизация поддерживается","Синхронизация поддерживается","Допустимый сигнал","Допустимый сигнал","Синхронизация поддерживается","Синхронизация поддерживается","339,5","320,8","325,5","59","58","0,00","0,00","5,00","5,00","5,00","5,00","5,00","5,00","5,00","5,00","1219","1221","ОК","ОК",
21-май-2026,16:25:18.793,"0,0","None","0,00","19020111","19020111","373,8","5,6","5,6","18","25","306","323","312","324","376","324","344","322","308","333","328","327","312","366","345","369","31,3","31,3","Главный","Главный","0","0","0,00","0,00","1027","1039","0,00","0,00","1","144","0","0","0","0","0","0","27,6","27,6","1,4","1,3","0,0","0,0","2,4","2,3","2,4","2,2","1,5","2,3","1,9","2,3","2,4","2,1","2,2","2,2","2,4","1,7","1,9","1,6","0,0","0,0","0,00","0,00","Нет","Нет","Разомкнут","Разомкнут","Выкл.","Выкл.","0","0","0","0","Не задано","Не задано","Допустимый сигнал","Допустимый сигнал","Синхронизация поддерживается","Синхронизация поддерживается","Допустимый сигнал","Допустимый сигнал","Синхронизация поддерживается","Синхронизация поддерживается","340,5","321,8","326,5","59","58","0,00","0,00","5,00","5,00","5,00","5,00","5,00","5,00","5,00","4,94","1203","1206","ОК","ОК",
21-май-2026,16:25:19.793,"0,0","None","0,00","19020111","19020111","376,0","5,6","5,6","15","26","310","328","314","330","378","330","346","327","313","335","333","329","318","368","347","370","31,3","31,3","Главный","Главный","0","0","0,00","0,00","1003","1000","0,00","0,00","1","144","0","0","0","0","0","0","27,5","27,6","1,4","1,3","0,0","0,0","2,4","2,2","2,4","2,1","1,5","2,1","1,9","2,2","2,4","2,1","2,1","2,1","2,3","1,6","1,9","1,6","0,0","0,0","0,00","0,00","Нет","Нет","Разомкнут","Разомкнут","Выкл.","Выкл.","0","0","0","0","Не задано","Не задано","Допустимый сигнал","Допустимый сигнал","Синхронизация поддерживается","Синхронизация поддерживается","Допустимый сигнал","Допустимый сигнал","Синхронизация поддерживается","Синхронизация поддерживается","342,0","325,8","330,5","59","58","0,00","0,00","5,00","5,00","5,00","5,00","5,00","5,00","5,00","5,00","1206","1213","ОК","ОК",
21-май-2026,16:25:20.793,"0,0","None","0,00","19020111","19020111","370,0","5,6","5,6","13","20","312","331","317","333","379","332","348","330","316","338","335","331","320","370","348","371","31,3","31,3","Главный","Главный","0","0","0,00","0,00","990","995","0,00","0,00","1","144","0","0","0","0","0","0","27,5","27,6","1,4","1,3","0,0","0,0","2,4","2,1","2,3","2,1","1,5","2,1","1,9","2,1","2,3","2,1","2,1","2,1","2,3","1,6","1,9","1,6","0,0","0,0","0,00","0,00","Нет","Нет","Разомкнут","Разомкнут","Выкл.","Выкл.","0","0","0","0","Не задано","Не задано","Допустимый сигнал","Допустимый сигнал","Синхронизация поддерживается","Синхронизация поддерживается","Допустимый сигнал","Допустимый сигнал","Синхронизация поддерживается","Синхронизация поддерживается","344,0","328,3","332,8","59","58","0,00","0,00","5,00","5,00","5,00","5,00","5,00","5,00","5,00","4,94","1181","1201","ОК","ОК",
21-май-2026,16:25:21.793,"0,0","None","0,00","19020111","19020111","411,5","5,6","5,6","16","66","315","333","320","336","381","335","350","333","319","340","338","334","323","371","350","372","31,3","31,3","Главный","Главный","0","0","0,00","0,00","1306","1044","0,00","0,00","1","144","0","0","0","0","0","0","27,5","27,5","1,5","1,3","0,0","0,0","2,3","2,1","2,3","2,1","1,4","2,1","1,9","2,1","2,3","2,0","2,1","2,1","2,3","1,6","1,9","1,6","0,0","0,0","0,00","0,00","Нет","Нет","Разомкнут","Разомкнут","Выкл.","Выкл.","0","0","0","0","Не задано","Не задано","Допустимый сигнал","Допустимый сигнал","Синхронизация поддерживается","Синхронизация поддерживается","Допустимый сигнал","Допустимый сигнал","Синхронизация поддерживается","Синхронизация поддерживается","346,0","330,8","335,5","59","58","0,00","0,00","5,00","5,00","5,00","5,00","5,00","5,00","5,00","5,00","1340","1238","ОК","ОК",
21-май-2026,16:25:22.804,"0,0","None","0,00","19020111","19020111","455,9","5,6","5,6","18","81","319","335","323","338","384","336","353","335","321","343","339","336","325","373","351","374","31,3","31,3","Главный","Главный","0","0","0,00","0,00","1570","1545","0,00","0,00","1","144","0","0","0","0","0","0","27,6","27,6","1,6","1,3","0,0","0,0","2,3","2,1","2,3","2,0","1,4","2,1","1,8","2,1","2,3","1,9","2,0","2,1","2,2","1,6","1,9","1,6","0,0","0,0","0,00","0,00","Нет","Нет","Разомкнут","Разомкнут","Выкл.","Выкл.","0","0","0","0","Не задано","Не задано","Допустимый сигнал","Допустимый сигнал","Синхронизация поддерживается","Синхронизация поддерживается","Допустимый сигнал","Допустимый сигнал","Синхронизация поддерживается","Синхронизация поддерживается","348,3","333,3","338,0","59","58","0,00","0,00","5,00","5,00","5,00","5,00","5,00","5,00","5,00","4,94","1468","1463","ОК","ОК",
21-май-2026,16:25:23.804,"0,0","None","0,00","19020111","19020111","455,9","5,6","5,6","18","81","320","335","325","338","384","336","354","335","321","344","339","339","325","374","351","374","31,3","31,3","Главный","Главный","0","0","0,00","0,00","1570","1545","0,00","0,00","1","144","0","0","0","0","0","0","27,6","27,6","1,6","1,3","0,0","0,0","2,3","2,1","2,2","2,0","1,4","2,1","1,8","2,1","2,3","1,9","2,0","2,0","2,2","1,6","1,9","1,6","0,0","0,0","0,00","0,00","Нет","Нет","Разомкнут","Разомкнут","Выкл.","Выкл.","0","0","0","0","Не задано","Не задано","Допустимый сигнал","Допустимый сигнал","Синхронизация поддерживается","Синхронизация поддерживается","Допустимый сигнал","Допустимый сигнал","Синхронизация поддерживается","Синхронизация поддерживается","350,5","333,3","338,0","59","58","0,00","0,00","5,00","5,00","5,00","5,00","5,00","5,00","5,00","5,00","1468","1454","ОК","ОК",
21-май-2026,16:25:24.804,"0,0","None","0,00","19020111","19020111","416,0","5,6","5,6","16","-22","320","335","326","339","385","337","356","336","322","345","340","340","325","375","351","375","31,3","31,3","Главный","Главный","0","0","0,00","0,00","1462","1269","0,00","0,00","1","144","0","0","0","0","0","0","27,4","27,6","1,5","1,3","0,0","0,0","2,3","2,1","2,2","2,1","1,4","2,1","1,8","2,1","2,3","1,9","2,0","2,0","2,3","1,5","1,9","1,6","0,0","0,0","0,00","0,00","Нет","Нет","Разомкнут","Разомкнут","Выкл.","Выкл.","0","0","0","0","Не задано","Не задано","Допустимый сигнал","Допустимый сигнал","Синхронизация поддерживается","Синхронизация поддерживается","Допустимый сигнал","Допустимый сигнал","Синхронизация поддерживается","Синхронизация поддерживается","352,0","335,0","339,8","59","58","0,00","0,00","5,00","5,00","5,00","5,00","5,00","5,00","5,00","5,00","1341","1309","ОК","ОК",
21-май-2026,16:25:25.804,"0,0","None","0,00","19020111","19020111","403,1","5,6","5,6","16","-2","320","336","328","340","386","337","356","337","323","347","340","342","326","377","352","377","31,3","31,3","Главный","Главный","0","0","0,00","0,00","1069","1254","0,00","0,00","1","144","0","0","0","0","0","0","27,6","27,6","1,4","1,3","0,0","0,0","2,3","2,1","2,2","2,0","1,4","2,1","1,8","2,1","2,3","1,9","2,0","2,0","2,2","1,5","1,9","1,5","0,0","0,0","0,00","0,00","Нет","Нет","Разомкнут","Разомкнут","Выкл.","Выкл.","0","0","0","0","Не задано","Не задано","Допустимый сигнал","Допустимый сигнал","Синхронизация поддерживается","Синхронизация поддерживается","Допустимый сигнал","Допустимый сигнал","Синхронизация поддерживается","Синхронизация поддерживается","352,8","335,5","340,3","59","58","0,00","0,00","5,00","5,00","5,00","5,00","5,00","5,00","5,00","4,94","1339","1403","ОК","ОК",
21-май-2026,16:25:26.804,"0,0","None","0,00","19020111","19020111","454,1","5,6","5,6","20","77","322","338","329","341","387","338","357","338","324","348","341","342","328","377","352","377","31,3","31,3","Главный","Главный","0","0","0,00","0,00","1467","1628","0,00","0,00","1","144","0","0","0","0","0","0","27,6","27,5","1,6","1,3","0,0","0,0","2,3","2,1","2,2","2,0","1,4","2,0","1,8","2,1","2,3","1,9","2,0","2,0","2,2","1,5","1,9","1,5","0,0","0,0","0,00","0,00","Нет","Нет","Разомкнут","Разомкнут","Выкл.","Выкл.","0","0","0","0","Не задано","Не задано","Допустимый сигнал","Допустимый сигнал","Синхронизация поддерживается","Синхронизация поддерживается","Допустимый сигнал","Допустимый сигнал","Синхронизация поддерживается","Синхронизация поддерживается","354,3","336,3","341,3","59","58","0,00","0,00","5,00","5,00","5,00","5,00","5,00","5,00","5,00","5,00","1462","1524","ОК","ОК",
21-май-2026,16:25:27.804,"0,0","None","0,00","19020111","19020111","503,9","5,6","5,6","24","83","322","338","330","342","387","339","358","339","325","348","342","344","328","378","352","377","31,3","31,3","Главный","Главный","0","0","0,00","0,00","1582","1611","0,00","0,00","1","144","0","0","0","0","0","0","27,6","27,6","1,7","1,4","0,0","0,0","2,3","2,1","2,1","2,0","1,4","2,0","1,8","2,0","2,2","1,9","2,0","1,9","2,2","1,5","1,9","1,5","0,0","0,0","0,00","0,00","Нет","Нет","Разомкнут","Разомкнут","Выкл.","Выкл.","0","0","0","0","Не задано","Не задано","Допустимый сигнал","Допустимый сигнал","Синхронизация поддерживается","Синхронизация поддерживается","Допустимый сигнал","Допустимый сигнал","Синхронизация поддерживается","Синхронизация поддерживается","354,8","337,5","342,3","59","58","0,00","0,00","5,00","5,00","5,00","5,00","5,00","5,00","5,00","4,94","1622","1694","ОК","ОК",
21-май-2026,16:25:28.804,"0,0","None","0,00","19020111","19020111","527,8","5,6","5,6","30","58","321","338","330","341","388","338","358","339","324","348","341","344","328","378","352","377","31,3","32,2","Главный","Главный","0","0","0,00","0,00","1623","1606","0,00","0,00","1","144","0","0","0","0","0","0","27,6","27,6","1,8","1,4","0,0","0,0","2,3","2,1","2,1","2,0","1,4","2,1","1,8","2,1","2,3","1,9","2,0","1,9","2,2","1,5","1,9","1,5","0,0","0,0","0,00","0,00","Нет","Нет","Разомкнут","Разомкнут","Выкл.","Выкл.","0","0","0","0","Не задано","Не задано","Допустимый сигнал","Допустимый сигнал","Синхронизация поддерживается","Синхронизация поддерживается","Допустимый сигнал","Допустимый сигнал","Синхронизация поддерживается","Синхронизация поддерживается","355,5","338,3","343,0","59","58","0,00","0,00","5,00","5,00","5,00","5,00","5,00","5,00","5,00","4,94","1748","1786","ОК","ОК",
21-май-2026,16:25:29.804,"0,0","None","0,00","19020111","19020111","537,0","5,6","5,6","37","21","320","336","329","340","387","336","358","338","323","347","340","343","326","378","352","376","32,2","32,2","Главный","Главный","0","0","0,00","0,00","1609","1594","0,00","0,00","1","144","0","0","0","0","0","0","27,4","27,6","1,8","1,5","0,0","0,0","2,3","2,1","2,2","2,1","1,4","2,1","1,8","2,1","2,3","1,9","2,1","2,0","2,3","1,5","1,9","1,5","0,0","0,0","0,00","0,00","Нет","Нет","Разомкнут","Разомкнут","Выкл.","Выкл.","0","0","0","0","Не задано","Не задано","Допустимый сигнал","Допустимый сигнал","Синхронизация поддерживается","Синхронизация поддерживается","Допустимый сигнал","Допустимый сигнал","Синхронизация поддерживается","Синхронизация поддерживается","355,3","337,8","342,8","59","58","0,00","0,00","5,00","5,00","5,00","5,00","5,00","5,00","5,00","5,00","1788","1798","ОК","ОК",
21-май-2026,16:25:30.804,"0,0","None","0,00","19020111","19020111","549,9","5,6","5,6","45","48","317","334","327","338","386","334","357","335","320","345","338","341","324","376","351","376","32,3","32,3","Главный","Главный","0","0","0,00","0,00","1611","1609","0,00","0,00","1","144","0","0","0","0","0","0","27,6","27,5","1,8","1,6","0,0","0,0","2,4","2,1","2,3","2,1","1,4","2,1","1,8","2,1","2,3","1,9","2,1","2,0","2,3","1,5","1,9","1,6","0,0","0,0","0,00","0,00","Нет","Нет","Разомкнут","Разомкнут","Выкл.","Выкл.","0","0","0","0","Не задано","Не задано","Допустимый сигнал","Допустимый сигнал","Синхронизация поддерживается","Синхронизация поддерживается","Допустимый сигнал","Допустимый сигнал","Синхронизация поддерживается","Синхронизация поддерживается","354,5","336,3","341,5","59","58","0,00","0,00","5,00","5,00","5,00","5,00","5,00","5,00","5,00","4,94","1802","1811","ОК","ОК",
21-май-2026,16:25:31.804,"0,0","None","0,00","19020111","19020111","530,4","5,6","5,6","56","30","314","332","325","334","385","331","356","333","317","343","335","340","322","375","349","375","32,3","32,3","Главный","Главный","0","0","0,00","0,00","1611","1587","0,00","0,00","1","144","0","0","0","0","0","0","27,4","27,4","1,8","1,6","0,0","0,0","2,4","2,1","2,3","2,1","1,4","2,2","1,8","2,1","2,4","2,0","2,1","2,1","2,3","1,6","1,9","1,6","0,0","0,0","0,00","0,00","Нет","Нет","Разомкнут","Разомкнут","Выкл.","Выкл.","0","0","0","0","Не задано","Не задано","Допустимый сигнал","Допустимый сигнал","Синхронизация поддерживается","Синхронизация поддерживается","Допустимый сигнал","Допустимый сигнал","Синхронизация поддерживается","Синхронизация поддерживается","352,8","334,3","339,5","59","58","0,00","0,00","5,00","5,00","5,00","5,00","5,00","5,00","5,00","5,00","1828","1841","ОК","ОК",
21-май-2026,16:25:32.804,"0,0","None","0,00","19020111","19020111","535,1","5,6","5,6","73","21","311","329","322","331","384","328","354","330","314","340","333","337","319","374","348","373","32,3","32,3","Главный","Главный","0","0","0,00","0,00","1582","1572","0,00","0,00","1","144","0","0","0","0","0","0","27,5","27,6","1,8","1,8","0,0","0,0","2,4","2,2","2,3","2,2","1,4","2,2","1,8","2,2","2,4","2,1","2,1","2,1","2,3","1,6","1,9","1,6","0,0","0,0","0,00","0,00","Нет","Нет","Разомкнут","Разомкнут","Выкл.","Выкл.","0","0","0","0","Не задано","Не задано","Допустимый сигнал","Допустимый сигнал","Синхронизация поддерживается","Синхронизация поддерживается","Допустимый сигнал","Допустимый сигнал","Синхронизация поддерживается","Синхронизация поддерживается","351,3","331,8","337,3","59","58","0,00","0,00","5,00","5,00","5,00","5,00","5,00","5,00","5,00","4,94","1871","1869","ОК","ОК",
21-май-2026,16:25:33.804,"0,0","None","0,00","19020111","19020111","500,3","5,6","5,6","111","-5","308","325","318","328","382","326","352","327","310","334","330","334","316","372","346","372","32,3","32,3","Главный","Главный","0","0","0,00","0,00","1579","1579","0,00","0,00","1","144","0","0","0","0","0","0","27,6","27,6","1,7","2,1","0,0","0,0","2,5","2,3","2,4","2,3","1,4","2,3","1,9","2,3","2,4","2,1","2,2","2,1","2,4","1,6","1,9","1,6","0,0","0,0","0,00","0,00","Нет","Нет","Разомкнут","Разомкнут","Выкл.","Выкл.","0","0","0","0","Не задано","Не задано","Допустимый сигнал","Допустимый сигнал","Синхронизация поддерживается","Синхронизация поддерживается","Допустимый сигнал","Допустимый сигнал","Синхронизация поддерживается","Синхронизация поддерживается","346,3","329,0","334,5","59","58","0,00","0,00","5,00","5,00","5,00","5,00","5,00","5,00","5,00","4,94","1904","1916","ОК","ОК",
21-май-2026,16:25:34.804,"0,0","None","0,00","19020111","19020111","567,5","5,6","5,6","132","100","308","321","318","323","382","322","352","324","306","334","327","334","312","372","343","372","32,3","32,3","Главный","Главный","0","0","0,00","0,00","1565","1579","0,00","0,00","1","144","0","0","0","0","0","0","27,6","27,6","1,8","2,2","0,0","0,0","2,5","2,3","2,4","2,3","1,4","2,3","1,9","2,3","2,5","2,1","2,3","2,1","2,4","1,6","2,0","1,6","0,0","0,0","0,00","0,00","Нет","Нет","Разомкнут","Разомкнут","Выкл.","Выкл.","0","0","0","0","Не задано","Не задано","Допустимый сигнал","Допустимый сигнал","Синхронизация поддерживается","Синхронизация поддерживается","Допустимый сигнал","Допустимый сигнал","Синхронизация поддерживается","Синхронизация поддерживается","346,3","326,0","331,8","59","58","0,00","0,00","5,00","5,00","5,00","5,00","5,00","5,00","5,00","4,94","1902","1916","ОК","ОК",
21-май-2026,16:25:35.804,"0,0","None","0,00","19020111","19020111","482,1","5,6","5,6","165","-80","300","316","309","317","380","318","348","319","302","330","323","327","307","365","340","366","31,5","32,3","Главный","Главный","0","0","0,00","0,00","1511","1570","0,00","0,00","1","144","0","0","0","0","0","0","27,6","27,6","1,6","2,4","0,0","0,0","2,6","2,4","2,5","2,4","1,5","2,4","1,9","2,3","2,6","2,2","2,3","2,3","2,5","1,7","2,1","1,7","0,0","0,0","0,00","0,00","Нет","Нет","Разомкнут","Разомкнут","Выкл.","Выкл.","0","0","0","0","Не задано","Не задано","Допустимый сигнал","Допустимый сигнал","Синхронизация поддерживается","Синхронизация поддерживается","Допустимый сигнал","Допустимый сигнал","Синхронизация поддерживается","Синхронизация поддерживается","343,0","322,0","328,0","59","58","0,00","0,00","5,00","5,00","5,00","5,00","5,00","5,00","5,00","4,94","1918","1900","ОК","ОК",
21-май-2026,16:25:36.804,"0,0","None","0,00","19020111","19020111","543,1","5,6","5,6","190","42","296","312","304","312","370","314","340","315","298","325","319","322","302","360","337","363","31,4","31,4","Главный","Главный","0","0","0,00","0,00","1540","1545","0,00","0,00","1","144","0","0","0","0","0","0","27,6","27,5","1,8","2,7","0,0","0,0","2,7","2,4","2,6","2,4","1,6","2,4","2,1","2,4","2,6","2,3","2,3","2,3","2,6","1,8","2,1","1,8","0,0","0,0","0,00","0,00","Нет","Нет","Разомкнут","Разомкнут","Выкл.","Выкл.","0","0","0","0","Не задано","Не задано","Допустимый сигнал","Допустимый сигнал","Синхронизация поддерживается","Синхронизация поддерживается","Допустимый сигнал","Допустимый сигнал","Синхронизация поддерживается","Синхронизация поддерживается","339,3","317,8","323,8","59","58","0,00","0,00","5,00","5,00","5,00","5,00","5,00","5,00","5,00","4,94","1896","1906","ОК","ОК",
21-май-2026,16:25:37.804,"0,0","None","0,00","19020111","19020111","538,4","5,6","5,6","186","78","296","307","304","307","370","311","340","311","295","325","315","322","298","360","334","363","31,4","31,4","Главный","Главный","0","0","0,00","0,00","1494","1545","0,00","0,00","1","144","0","0","0","0","0","0","27,4","27,5","1,8","2,6","0,0","0,0","2,7","2,5","2,6","2,5","1,6","2,4","2,1","2,4","2,7","2,3","2,4","2,3","2,6","1,8","2,1","1,8","0,0","0,0","0,00","0,00","Нет","Нет","Разомкнут","Разомкнут","Выкл.","Выкл.","0","0","0","0","Не задано","Не задано","Допустимый сигнал","Допустимый сигнал","Синхронизация поддерживается","Синхронизация поддерживается","Допустимый сигнал","Допустимый сигнал","Синхронизация поддерживается","Синхронизация поддерживается","339,3","313,5","319,5","59","58","0,00","0,00","5,00","5,00","5,00","5,00","5,00","5,00","5,00","4,94","1809","1906","ОК","ОК",
21-май-2026,16:25:38.804,"0,0","None","0,00","19020111","19020111","474,6","5,6","5,6","189","-20","289","304","294","302","358","308","330","308","292","313","312","310","295","344","331","356","31,4","31,4","Главный","Главный","0","0","0,00","0,00","1543","1552","0,00","0,00","1","144","0","0","0","0","0","0","27,6","27,5","1,6","2,6","0,0","0,0","2,8","2,6","2,6","2,6","1,8","2,5","2,2","2,5","2,8","2,4","2,4","2,4","2,7","2,0","2,2","1,8","0,0","0,0","0,00","0,00","Нет","Нет","Разомкнут","Разомкнут","Выкл.","Выкл.","0","0","0","0","Не задано","Не задано","Допустимый сигнал","Допустимый сигнал","Синхронизация поддерживается","Синхронизация поддерживается","Допустимый сигнал","Допустимый сигнал","Синхронизация поддерживается","Синхронизация поддерживается","326,0","309,8","315,5","59","58","0,00","0,00","5,00","5,00","5,00","5,00","5,00","5,00","5,00","4,94","1876","1903","ОК","ОК",
21-май-2026,16:25:39.804,"0,0","None","0,00","19020111","19020111","484,1","5,6","5,6","205","-53","289","301","294","299","358","306","330","305","290","313","309","310","292","344","328","356","31,6","31,4","Главный","Главный","0","0","0,00","0,00","1577","1552","0,00","0,00","1","144","0","0","0","0","0","0","27,5","27,5","1,6","2,8","0,0","0,0","2,8","2,6","2,6","2,6","1,8","2,5","2,2","2,5","2,8","2,4","2,4","2,4","2,7","2,0","2,2","1,8","0,0","0,0","0,00","0,00","Нет","Нет","Разомкнут","Разомкнут","Выкл.","Выкл.","0","0","0","0","Не задано","Не задано","Допустимый сигнал","Допустимый сигнал","Синхронизация поддерживается","Синхронизация поддерживается","Допустимый сигнал","Допустимый сигнал","Синхронизация поддерживается","Синхронизация поддерживается","326,0","306,3","311,8","59","58","0,00","0,00","5,00","5,00","5,00","5,00","5,00","5,00","5,00","4,94","1885","1903","ОК","ОК",
21-май-2026,16:25:40.804,"0,0","None","0,00","19020111","19020111","501,5","5,6","5,6","212","-8","288","299","292","296","347","304","322","303","289","310","307","307","290","341","326","350","31,9","32,0","Главный","Главный","0","0","0,00","0,00","1548","1538","0,00","0,00","1","144","0","0","0","0","0","0","27,6","27,6","1,7","2,8","0,0","0,0","2,8","2,6","2,7","2,6","1,9","2,5","2,3","2,6","2,8","2,4","2,5","2,5","2,8","2,1","2,3","1,9","0,0","0,0","0,00","0,00","Нет","Нет","Разомкнут","Разомкнут","Выкл.","Выкл.","0","0","0","0","Не задано","Не задано","Допустимый сигнал","Допустимый сигнал","Синхронизация поддерживается","Синхронизация поддерживается","Допустимый сигнал","Допустимый сигнал","Синхронизация поддерживается","Синхронизация поддерживается","322,5","303,8","308,8","60","58","0,00","0,00","5,00","5,00","5,00","5,00","5,00","5,00","5,00","4,94","1818","1872","ОК","ОК",
21-май-2026,16:25:41.804,"0,0","None","0,00","19020111","19020111","501,6","5,6","5,6","202","53","286","297","291","295","343","303","319","302","288","308","306","304","289","337","324","348","31,6","32,1","Главный","Главный","0","0","0,00","0,00","1567","1535","0,00","0,00","1","144","0","0","0","0","0","0","27,6","27,6","1,7","2,8","0,0","0,0","2,8","2,6","2,8","2,7","2,0","2,6","2,3","2,6","2,8","2,5","2,5","2,5","2,8","2,1","2,3","1,9","0,0","0,0","0,00","0,00","Нет","Нет","Разомкнут","Разомкнут","Выкл.","Выкл.","0","0","0","0","Не задано","Не задано","Допустимый сигнал","Допустимый сигнал","Синхронизация поддерживается","Синхронизация поддерживается","Допустимый сигнал","Допустимый сигнал","Синхронизация поддерживается","Синхронизация поддерживается","319,8","302,0","306,8","60","58","0,00","0,00","5,00","5,00","5,00","5,00","5,00","5,00","5,00","5,00","1819","1844","ОК","ОК",
21-май-2026,16:25:42.887,"0,0","None","0,00","19020111","19020111","501,6","5,6","5,6","202","53","286","297","290","295","339","303","316","302","288","306","306","302","289","334","324","346","31,6","31,6","Главный","Главный","0","0","0,00","0,00","1567","1491","0,00","0,00","1","144","0","0","0","0","0","0","27,6","27,6","1,7","2,8","0,0","0,0","2,8","2,6","2,8","2,7","2,1","2,6","2,4","2,6","2,8","2,5","2,5","2,6","2,8","2,1","2,3","1,9","0,0","0,0","0,00","0,00","Нет","Нет","Разомкнут","Разомкнут","Выкл.","Выкл.","0","0","0","0","Не задано","Не задано","Допустимый сигнал","Допустимый сигнал","Синхронизация поддерживается","Синхронизация поддерживается","Допустимый сигнал","Допустимый сигнал","Синхронизация поддерживается","Синхронизация поддерживается","317,0","302,0","306,8","60","58","0,00","0,00","5,00","5,00","5,00","5,00","5,00","5,00","5,00","5,00","1819","1824","ОК","ОК",
21-май-2026,16:25:43.887,"0,0","None","0,00","19020111","19020111","518,4","5,6","5,6","174","64","286","295","290","292","339","302","316","300","287","306","304","302","287","334","321","346","31,9","31,6","Главный","Главный","0","0","0,00","0,00","1506","1491","0,00","0,00","1","144","0","0","0","0","0","0","27,6","27,6","1,7","2,5","0,0","0,0","2,8","2,6","2,8","2,7","2,1","2,6","2,4","2,6","2,8","2,5","2,5","2,6","2,8","2,1","2,3","1,9","0,0","0,0","0,00","0,00","Нет","Нет","Разомкнут","Разомкнут","Выкл.","Выкл.","0","0","0","0","Не задано","Не задано","Допустимый сигнал","Допустимый сигнал","Синхронизация поддерживается","Синхронизация поддерживается","Допустимый сигнал","Допустимый сигнал","Синхронизация поддерживается","Синхронизация поддерживается","317,0","299,3","303,0","60","58","0,00","0,00","5,00","5,00","5,00","5,00","5,00","5,00","5,00","5,00","1780","1824","ОК","ОК",
21-май-2026,16:25:44.887,"0,0","None","0,00","19020111","19020111","459,3","5,6","5,6","110","-4","285","295","288","291","333","302","312","299","286","304","303","299","287","330","320","343","31,7","31,9","Главный","Главный","0","0","0,00","0,00","1235","1391","0,00","0,00","1","144","0","0","0","0","0","0","27,4","27,4","1,6","2,0","0,0","0,0","2,8","2,7","2,8","2,7","2,1","2,6","2,4","2,6","2,8","2,5","2,6","2,6","2,8","2,2","2,3","2,0","0,0","0,0","0,00","0,00","Нет","Нет","Разомкнут","Разомкнут","Выкл.","Выкл.","0","0","0","0","Не задано","Не задано","Допустимый сигнал","Допустимый сигнал","Синхронизация поддерживается","Синхронизация поддерживается","Допустимый сигнал","Допустимый сигнал","Синхронизация поддерживается","Синхронизация поддерживается","313,0","298,3","301,5","60","58","0,00","0,00","5,00","5,00","5,00","5,00","5,00","5,00","5,00","5,00","1558","1688","ОК","ОК",
21-май-2026,16:25:45.887,"0,0","None","0,00","19020111","19020111","402,3","5,6","5,6","66","-4","286","295","288","291","332","302","311","299","287","304","303","299","287","328","320","343","31,7","31,7","Главный","Главный","0","0","0,00","0,00","1091","1100","0,00","0,00","1","144","0","0","0","0","0","0","27,6","27,4","1,4","1,7","0,0","0,0","2,8","2,6","2,8","2,7","2,1","2,6","2,4","2,6","2,8","2,5","2,5","2,6","2,8","2,2","2,3","2,0","0,0","0,0","0,00","0,00","Нет","Нет","Разомкнут","Разомкнут","Выкл.","Выкл.","0","0","0","0","Не задано","Не задано","Допустимый сигнал","Допустимый сигнал","Синхронизация поддерживается","Синхронизация поддерживается","Допустимый сигнал","Допустимый сигнал","Синхронизация поддерживается","Синхронизация поддерживается","312,0","298,0","300,8","60","58","0,00","0,00","5,00","5,00","5,00","5,00","5,00","5,00","5,00","5,00","1334","1297","ОК","ОК",
21-май-2026,16:25:46.887,"0,0","None","0,00","19020111","19020111","385,0","5,6","5,6","51","21","288","297","289","293","332","304","312","301","289","306","305","300","289","329","320","343","31,7","31,7","Главный","Главный","0","0","0,00","0,00","1103","1137","0,00","0,00","1","144","0","0","0","0","0","0","27,6","27,6","1,4","1,6","0,0","0,0","2,8","2,6","2,8","2,7","2,1","2,5","2,4","2,6","2,8","2,5","2,5","2,6","2,8","2,2","2,3","2,0","0,0","0,0","0,00","0,00","Нет","Нет","Разомкнут","Разомкнут","Выкл.","Выкл.","0","0","0","0","Не задано","Не задано","Допустимый сигнал","Допустимый сигнал","Синхронизация поддерживается","Синхронизация поддерживается","Допустимый сигнал","Допустимый сигнал","Синхронизация поддерживается","Синхронизация поддерживается","311,8","298,0","300,8","59","58","0,00","0,00","5,00","5,00","5,00","5,00","5,00","5,00","5,00","5,00","1269","1270","ОК","ОК",
21-май-2026,16:25:47.887,"0,0","None","0,00","19020111","19020111","386,5","5,6","5,6","41","30","292","300","293","297","336","307","314","304","292","309","308","302","292","332","322","344","31,6","31,6","Главный","Главный","0","0","0,00","0,00","1098","1108","0,00","0,00","1","144","0","0","0","0","0","0","27,4","27,4","1,4","1,5","0,0","0,0","2,6","2,6","2,6","2,6","2,1","2,4","2,4","2,5","2,7","2,4","2,4","2,5","2,7","2,1","2,3","1,9","0,0","0,0","0,00","0,00","Нет","Нет","Разомкнут","Разомкнут","Выкл.","Выкл.","0","0","0","0","Не задано","Не задано","Допустимый сигнал","Допустимый сигнал","Синхронизация поддерживается","Синхронизация поддерживается","Допустимый сигнал","Допустимый сигнал","Синхронизация поддерживается","Синхронизация поддерживается","313,0","299,8","302,0","59","58","0,00","0,00","5,00","5,00","5,00","5,00","5,00","5,00","5,00","5,00","1276","1264","ОК","ОК",
21-май-2026,16:25:48.887,"0,0","None","0,00","19020111","19020111","384,4","5,6","5,6","34","25","296","304","296","301","339","311","318","308","295","313","312","306","296","335","324","347","31,6","31,6","Главный","Главный","0","0","0,00","0,00","1059","1171","0,00","0,00","1","144","0","0","0","0","0","0","27,5","27,5","1,4","1,4","0,0","0,0","2,6","2,5","2,6","2,5","2,0","2,4","2,3","2,4","2,6","2,4","2,4","2,4","2,6","2,1","2,3","1,9","0,0","0,0","0,00","0,00","Нет","Нет","Разомкнут","Разомкнут","Выкл.","Выкл.","0","0","0","0","Не задано","Не задано","Допустимый сигнал","Допустимый сигнал","Синхронизация поддерживается","Синхронизация поддерживается","Допустимый сигнал","Допустимый сигнал","Синхронизация поддерживается","Синхронизация поддерживается","315,8","302,8","305,0","59","58","0,00","0,00","5,00","5,00","5,00","5,00","5,00","5,00","5,00","5,00","1264","1305","ОК","ОК",
21-май-2026,16:25:49.887,"0,0","None","0,00","19020111","19020111","390,5","5,6","5,6","31","22","299","308","299","305","344","314","322","311","298","316","315","309","298","339","326","348","31,5","31,6","Главный","Главный","0","0","0,00","0,00","1423","1364","0,00","0,00","1","144","0","0","0","0","0","0","27,6","27,6","1,4","1,4","0,0","0,0","2,6","2,4","2,6","2,4","1,9","2,4","2,3","2,4","2,6","2,3","2,3","2,4","2,6","2,0","2,2","1,9","0,0","0,0","0,00","0,00","Нет","Нет","Разомкнут","Разомкнут","Выкл.","Выкл.","0","0","0","0","Не задано","Не задано","Допустимый сигнал","Допустимый сигнал","Синхронизация поддерживается","Синхронизация поддерживается","Допустимый сигнал","Допустимый сигнал","Синхронизация поддерживается","Синхронизация поддерживается","319,0","306,3","308,5","59","58","0,00","0,00","5,00","5,00","5,00","5,00","5,00","5,00","5,00","5,00","1312","1278","ОК","ОК",
21-май-2026,16:25:50.887,"0,0","None","0,00","19020111","19020111","403,3","5,6","5,6","30","26","304","310","304","309","352","317","327","314","300","322","318","315","302","345","328","353","31,6","31,6","Главный","Главный","0","0","0,00","0,00","1599","1567","0,00","0,00","1","144","0","0","0","0","0","0","27,6","27,6","1,4","1,4","0,0","0,0","2,5","2,4","2,5","2,4","1,8","2,3","2,2","2,4","2,6","2,3","2,3","2,3","2,5","1,9","2,2","1,8","0,0","0,0","0,00","0,00","Нет","Нет","Разомкнут","Разомкнут","Выкл.","Выкл.","0","0","0","0","Не задано","Не задано","Допустимый сигнал","Допустимый сигнал","Синхронизация поддерживается","Синхронизация поддерживается","Допустимый сигнал","Допустимый сигнал","Синхронизация поддерживается","Синхронизация поддерживается","325,3","309,5","311,8","59","58","0,00","0,00","5,00","5,00","5,00","5,00","5,00","5,00","5,00","5,00","1341","1377","ОК","ОК",
21-май-2026,16:25:51.887,"0,0","None","0,00","19020111","19020111","420,1","5,6","5,6","31","34","306","312","306","312","354","319","330","316","303","324","320","317","304","348","330","354","31,6","31,5","Главный","Главный","0","0","0,00","0,00","1599","1611","0,00","0,00","1","144","0","0","0","0","0","0","27,6","27,6","1,5","1,4","0,0","0,0","2,4","2,4","2,4","2,4","1,8","2,3","2,1","2,3","2,5","2,2","2,3","2,3","2,5","1,9","2,1","1,8","0,0","0,0","0,00","0,00","Нет","Нет","Разомкнут","Разомкнут","Выкл.","Выкл.","0","0","0","0","Не задано","Не задано","Допустимый сигнал","Допустимый сигнал","Синхронизация поддерживается","Синхронизация поддерживается","Допустимый сигнал","Допустимый сигнал","Синхронизация поддерживается","Синхронизация поддерживается","328,0","312,3","315,0","59","58","0,00","0,00","5,00","5,00","5,00","5,00","5,00","5,00","5,00","4,94","1394","1402","ОК","ОК",
21-май-2026,16:25:52.887,"0,0","None","0,00","19020111","19020111","410,6","5,6","5,6","29","11","307","314","308","314","356","320","331","318","304","326","322","318","306","350","331","355","31,5","31,5","Главный","Главный","0","0","0,00","0,00","1528","1401","0,00","0,00","1","144","0","0","0","0","0","0","27,6","27,6","1,5","1,4","0,0","0,0","2,4","2,4","2,4","2,4","1,8","2,3","2,1","2,3","2,5","2,2","2,3","2,3","2,5","1,9","2,1","1,8","0,0","0,0","0,00","0,00","Нет","Нет","Разомкнут","Разомкнут","Выкл.","Выкл.","0","0","0","0","Не задано","Не задано","Допустимый сигнал","Допустимый сигнал","Синхронизация поддерживается","Синхронизация поддерживается","Допустимый сигнал","Допустимый сигнал","Синхронизация поддерживается","Синхронизация поддерживается","330,0","314,5","317,8","59","58","0,00","0,00","5,00","5,00","5,00","5,00","5,00","5,00","5,00","5,00","1350","1308","ОК","ОК",
21-май-2026,16:25:53.887,"0,0","None","0,00","19020111","19020111","398,6","5,6","5,6","28","25","308","315","308","316","358","321","332","318","305","327","323","319","307","352","332","356","31,6","31,5","Главный","Главный","0","0","0,00","0,00","1579","1528","0,00","0,00","1","144","0","0","0","0","0","0","27,5","27,6","1,4","1,4","0,0","0,0","2,4","2,4","2,4","2,4","1,8","2,3","2,1","2,3","2,5","2,2","2,3","2,3","2,4","1,9","2,1","1,8","0,0","0,0","0,00","0,00","Нет","Нет","Разомкнут","Разомкнут","Выкл.","Выкл.","0","0","0","0","Не задано","Не задано","Допустимый сигнал","Допустимый сигнал","Синхронизация поддерживается","Синхронизация поддерживается","Допустимый сигнал","Допустимый сигнал","Синхронизация поддерживается","Синхронизация поддерживается","331,3","316,0","319,5","59","58","0,00","0,00","5,00","5,00","5,00","5,00","5,00","5,00","5,00","5,00","1313","1309","ОК","ОК",
21-май-2026,16:25:54.887,"0,0","None","0,00","19020111","19020111","367,5","5,6","5,6","25","-11","309","316","310","317","360","322","334","320","306","328","324","320","308","353","333","357","31,5","31,5","Главный","Главный","0","0","0,00","0,00","1425","1528","0,00","0,00","1","144","0","0","0","0","0","0","27,6","27,6","1,4","1,4","0,0","0,0","2,4","2,3","2,4","2,3","1,8","2,3","2,1","2,3","2,5","2,2","2,3","2,3","2,4","1,8","2,1","1,8","0,0","0,0","0,00","0,00","Нет","Нет","Разомкнут","Разомкнут","Выкл.","Выкл.","0","0","0","0","Не задано","Не задано","Допустимый сигнал","Допустимый сигнал","Синхронизация поддерживается","Синхронизация поддерживается","Допустимый сигнал","Допустимый сигнал","Синхронизация поддерживается","Синхронизация поддерживается","332,8","317,0","320,8","59","58","0,00","0,00","5,00","5,00","5,00","5,00","5,00","5,00","5,00","4,94","1211","1266","ОК","ОК",
21-май-2026,16:25:55.887,"0,0","None","0,00","19020111","19020111","381,3","5,6","5,6","22","21","309","317","310","318","360","322","334","320","306","328","324","320","309","353","334","357","31,5","31,5","Главный","Главный","0","0","0,00","0,00","1391","1528","0,00","0,00","1","144","0","0","0","0","0","0","27,6","27,6","1,4","1,4","0,0","0,0","2,4","2,3","2,4","2,3","1,8","2,3","2,1","2,3","2,4","2,2","2,3","2,3","2,4","1,8","2,1","1,8","0,0","0,0","0,00","0,00","Нет","Нет","Разомкнут","Разомкнут","Выкл.","Выкл.","0","0","0","0","Не задано","Не задано","Допустимый сигнал","Допустимый сигнал","Синхронизация поддерживается","Синхронизация поддерживается","Допустимый сигнал","Допустимый сигнал","Синхронизация поддерживается","Синхронизация поддерживается","332,8","318,0","321,8","59","58","0,00","0,00","5,00","5,00","5,00","5,00","5,00","5,00","5,00","4,94","1247","1266","ОК","ОК",
21-май-2026,16:25:56.887,"0,0","None","0,00","19020111","19020111","371,6","5,6","5,6","20","15","310","318","311","320","362","323","336","322","308","330","326","322","310","355","334","358","31,5","31,5","Главный","Главный","0","0","0,00","0,00","1342","1501","0,00","0,00","1","144","0","0","0","0","0","0","27,6","27,6","1,4","1,3","0,0","0,0","2,4","2,3","2,4","2,3","1,7","2,3","2,1","2,3","2,4","2,1","2,2","2,3","2,4","1,8","2,1","1,8","0,0","0,0","0,00","0,00","Нет","Нет","Разомкнут","Разомкнут","Выкл.","Выкл.","0","0","0","0","Не задано","Не задано","Допустимый сигнал","Допустимый сигнал","Синхронизация поддерживается","Синхронизация поддерживается","Допустимый сигнал","Допустимый сигнал","Синхронизация поддерживается","Синхронизация поддерживается","334,0","319,0","322,8","59","58","0,00","0,00","5,00","5,00","5,00","5,00","5,00","5,00","5,00","4,94","1229","1296","ОК","ОК",
21-май-2026,16:25:57.887,"0,0","None","0,00","19020111","19020111","371,6","5,6","5,6","17","21","312","320","312","322","363","324","338","323","309","331","327","324","312","356","335","359","31,5","31,5","Главный","Главный","0","0","0,00","0,00","1132","1313","0,00","0,00","1","144","0","0","0","0","0","0","27,6","27,6","1,4","1,3","0,0","0,0","2,4","2,3","2,4","2,3","1,7","2,3","2,0","2,3","2,4","2,1","2,2","2,3","2,4","1,8","2,1","1,8","0,0","0,0","0,00","0,00","Нет","Нет","Разомкнут","Разомкнут","Выкл.","Выкл.","0","0","0","0","Не задано","Не задано","Допустимый сигнал","Допустимый сигнал","Синхронизация поддерживается","Синхронизация поддерживается","Допустимый сигнал","Допустимый сигнал","Синхронизация поддерживается","Синхронизация поддерживается","335,5","320,3","324,3","59","58","0,00","0,00","5,00","5,00","5,00","5,00","5,00","5,00","5,00","5,00","1205","1207","ОК","ОК",
21-май-2026,16:25:58.887,"0,0","None","0,00","19020111","19020111","371,6","5,6","5,6","15","19","317","322","317","324","367","326","341","325","311","335","328","328","314","360","336","362","31,5","31,5","Главный","Главный","0","0","0,00","0,00","1015","1003","0,00","0,00","1","144","0","0","0","0","0","0","27,6","27,6","1,4","1,3","0,0","0,0","2,3","2,3","2,3","2,3","1,6","2,2","2,0","2,2","2,4","2,1","2,2","2,2","2,4","1,8","2,1","1,7","0,0","0,0","0,00","0,00","Нет","Нет","Разомкнут","Разомкнут","Выкл.","Выкл.","0","0","0","0","Не задано","Не задано","Допустимый сигнал","Допустимый сигнал","Синхронизация поддерживается","Синхронизация поддерживается","Допустимый сигнал","Допустимый сигнал","Синхронизация поддерживается","Синхронизация поддерживается","339,0","321,5","325,8","59","58","0,00","0,00","5,00","5,00","5,00","5,00","5,00","5,00","5,00","4,94","1208","1202","ОК","ОК",
21-май-2026,16:25:59.887,"0,0","None","0,00","19020111","19020111","374,0","5,6","5,6","14","27","320","324","320","326","369","328","344","327","314","337","330","330","316","362","337","363","31,5","31,5","Главный","Главный","0","0","0,00","0,00","988","1020","0,00","0,00","1","144","0","0","0","0","0","0","27,5","27,5","1,4","1,3","0,0","0,0","2,3","2,3","2,3","2,2","1,6","2,2","1,9","2,2","2,4","2,1","2,1","2,1","2,3","1,7","2,1","1,7","0,0","0,0","0,00","0,00","Нет","Нет","Разомкнут","Разомкнут","Выкл.","Выкл.","0","0","0","0","Не задано","Не задано","Допустимый сигнал","Допустимый сигнал","Синхронизация поддерживается","Синхронизация поддерживается","Допустимый сигнал","Допустимый сигнал","Синхронизация поддерживается","Синхронизация поддерживается","341,0","323,3","327,3","59","58","0,00","0,00","5,00","5,00","5,00","5,00","5,00","5,00","5,00","4,94","1187","1203","ОК","ОК",
21-май-2026,16:26:00.887,"0,0","None","0,00","19020111","19020111","387,1","5,6","5,6","15","42","323","326","322","330","371","330","346","330","316","339","333","332","318","364","338","364","31,5","31,5","Главный","Главный","0","0","0,00","0,00","1156","1413","0,00","0,00","1","144","0","0","0","0","0","0","27,6","27,6","1,4","1,3","0,0","0,0","2,3","2,2","2,3","2,1","1,6","2,1","1,9","2,1","2,3","2,0","2,1","2,1","2,3","1,7","2,1","1,7","0,0","0,0","0,00","0,00","Нет","Нет","Разомкнут","Разомкнут","Выкл.","Выкл.","0","0","0","0","Не задано","Не задано","Допустимый сигнал","Допустимый сигнал","Синхронизация поддерживается","Синхронизация поддерживается","Допустимый сигнал","Допустимый сигнал","Синхронизация поддерживается","Синхронизация поддерживается","343,3","325,3","329,3","59","58","0,00","0,00","5,00","5,00","5,00","5,00","5,00","5,00","5,00","4,94","1263","1395","ОК","ОК",
21-май-2026,16:26:01.887,"0,0","None","0,00","19020111","19020111","449,0","5,6","5,6","18","61","323","329","322","332","371","332","346","332","318","340","335","332","321","364","339","364","31,5","31,5","Главный","Главный","0","0","0,00","0,00","1616","1613","0,00","0,00","1","144","0","0","0","0","0","0","27,6","27,6","1,6","1,3","0,0","0,0","2,3","2,1","2,3","2,1","1,6","2,1","1,9","2,1","2,3","2,0","2,1","2,1","2,3","1,7","2,0","1,7","0,0","0,0","0,00","0,00","Нет","Нет","Разомкнут","Разомкнут","Выкл.","Выкл.","0","0","0","0","Не задано","Не задано","Допустимый сигнал","Допустимый сигнал","Синхронизация поддерживается","Синхронизация поддерживается","Допустимый сигнал","Допустимый сигнал","Синхронизация поддерживается","Синхронизация поддерживается","345,3","327,5","331,5","59","58","0,00","0,00","5,00","5,00","5,00","5,00","5,00","5,00","5,00","5,00","1489","1550","ОК","ОК",
21-май-2026,16:26:02.887,"0,0","None","0,00","19020111","19020111","504,3","5,6","5,6","23","39","324","330","324","334","372","333","348","334","320","340","336","334","322","365","340","364","31,6","31,6","Главный","Главный","0","0","0,00","0,00","1589","1589","0,00","0,00","1","144","0","0","0","0","0","0","27,6","27,5","1,7","1,4","0,0","0,0","2,3","2,1","2,3","2,1","1,6","2,1","1,9","2,1","2,3","2,0","2,1","2,1","2,3","1,7","2,0","1,7","0,0","0,0","0,00","0,00","Нет","Нет","Разомкнут","Разомкнут","Выкл.","Выкл.","0","0","0","0","Не задано","Не задано","Допустимый сигнал","Допустимый сигнал","Синхронизация поддерживается","Синхронизация поддерживается","Допустимый сигнал","Допустимый сигнал","Синхронизация поддерживается","Синхронизация поддерживается","345,3","329,8","333,8","59","58","0,00","0,00","5,00","5,00","5,00","5,00","5,00","5,00","5,00","4,94","1632","1682","ОК","ОК",
21-май-2026,16:26:03.887,"0,0","None","0,00","19020111","19020111","511,9","5,6","5,6","30","23","323","330","324","334","374","333","348","334","320","341","336","335","322","366","340","365","31,6","31,6","Главный","Главный","0","0","0,00","0,00","1582","1589","0,00","0,00","1","144","0","0","0","0","0","0","27,6","27,6","1,7","1,4","0,0","0,0","2,3","2,2","2,3","2,1","1,6","2,1","1,9","2,1","2,3","2,0","2,1","2,1","2,3","1,6","2,0","1,7","0,0","0,0","0,00","0,00","Нет","Нет","Разомкнут","Разомкнут","Выкл.","Выкл.","0","0","0","0","Не задано","Не задано","Допустимый сигнал","Допустимый сигнал","Синхронизация поддерживается","Синхронизация поддерживается","Допустимый сигнал","Допустимый сигнал","Синхронизация поддерживается","Синхронизация поддерживается","346,5","331,3","335,3","59","58","0,00","0,00","5,00","5,00","5,00","5,00","5,00","5,00","5,00","4,94","1713","1738","ОК","ОК",
21-май-2026,16:26:04.887,"0,0","None","0,00","19020111","19020111","536,8","5,6","5,6","37","21","322","328","324","333","374","331","349","333","318","341","335","335","320","366","340","365","31,6","31,6","Главный","Главный","0","0","0,00","0,00","1582","1609","0,00","0,00","1","144","0","0","0","0","0","0","27,6","27,5","1,8","1,5","0,0","0,0","2,3","2,2","2,3","2,1","1,6","2,1","1,9","2,1","2,3","2,0","2,1","2,1","2,3","1,7","2,0","1,7","0,0","0,0","0,00","0,00","Нет","Нет","Разомкнут","Разомкнут","Выкл.","Выкл.","0","0","0","0","Не задано","Не задано","Допустимый сигнал","Допустимый сигнал","Синхронизация поддерживается","Синхронизация поддерживается","Допустимый сигнал","Допустимый сигнал","Синхронизация поддерживается","Синхронизация поддерживается","347,0","331,0","335,3","59","58","0,00","0,00","5,00","5,00","5,00","5,00","5,00","5,00","5,00","5,00","1796","1799","ОК","ОК",
21-май-2026,16:26:05.911,"0,0","None","0,00","19020111","19020111","549,3","5,6","5,6","52","40","319","324","321","328","374","326","348","329","313","339","332","334","316","366","338","364","31,6","31,6","Главный","Главный","0","0","0,00","0,00","1613","1599","0,00","0,00","1","144","0","0","0","0","0","0","27,6","27,6","1,8","1,6","0,0","0,0","2,3","2,3","2,3","2,2","1,6","2,3","1,9","2,2","2,4","2,1","2,1","2,1","2,4","1,7","2,1","1,7","0,0","0,0","0,00","0,00","Нет","Нет","Разомкнут","Разомкнут","Выкл.","Выкл.","0","0","0","0","Не задано","Не задано","Допустимый сигнал","Допустимый сигнал","Синхронизация поддерживается","Синхронизация поддерживается","Допустимый сигнал","Допустимый сигнал","Синхронизация поддерживается","Синхронизация поддерживается","346,5","328,0","332,8","59","58","0,00","0,00","5,00","5,00","5,00","5,00","5,00","5,00","4,94","5,00","1815","1804","ОК","ОК",
21-май-2026,16:26:06.911,"0,0","None","0,00","19020111","19020111","548,4","5,6","5,6","61","29","316","321","319","326","373","323","347","326","310","337","330","332","313","366","336","364","31,7","31,6","Главный","Главный","0","0","0,00","0,00","1596","1613","0,00","0,00","1","144","0","0","0","0","0","0","27,6","27,5","1,8","1,7","0,0","0,0","2,4","2,3","2,3","2,3","1,6","2,3","1,9","2,3","2,4","2,1","2,2","2,1","2,4","1,7","2,1","1,7","0,0","0,0","0,00","0,00","Нет","Нет","Разомкнут","Разомкнут","Выкл.","Выкл.","0","0","0","0","Не задано","Не задано","Допустимый сигнал","Допустимый сигнал","Синхронизация поддерживается","Синхронизация поддерживается","Допустимый сигнал","Допустимый сигнал","Синхронизация поддерживается","Синхронизация поддерживается","345,3","325,8","330,8","59","58","0,00","0,00","5,00","5,00","5,00","5,00","5,00","5,00","5,00","5,00","1839","1822","ОК","ОК",
21-май-2026,16:26:07.911,"0,0","None","0,00","19020111","19020111","552,8","5,6","5,6","80","22","313","321","316","326","372","323","346","326","310","335","330","330","313","364","336","362","31,7","31,7","Главный","Главный","0","0","0,00","0,00","1587","1594","0,00","0,00","1","144","0","0","0","0","0","0","27,6","27,4","1,8","1,8","0,0","0,0","2,4","2,3","2,4","2,3","1,6","2,3","1,9","2,3","2,4","2,1","2,2","2,2","2,4","1,7","2,1","1,8","0,0","0,0","0,00","0,00","Нет","Нет","Разомкнут","Разомкнут","Выкл.","Выкл.","0","0","0","0","Не задано","Не задано","Допустимый сигнал","Допустимый сигнал","Синхронизация поддерживается","Синхронизация поддерживается","Допустимый сигнал","Допустимый сигнал","Синхронизация поддерживается","Синхронизация поддерживается","343,8","325,8","330,8","59","58","0,00","0,00","5,00","5,00","5,00","5,00","5,00","5,00","5,00","5,00","1879","1848","ОК","ОК",
21-май-2026,16:26:08.911,"0,0","None","0,00","19020111","19020111","563,6","5,6","5,6","106","36","309","318","313","322","371","320","344","324","306","332","327","328","310","363","335","361","31,7","31,7","Главный","Главный","0","0","0,00","0,00","1601","1591","0,00","0,00","1","144","0","0","0","0","0","0","27,6","27,6","1,8","2,0","0,0","0,0","2,5","2,4","2,4","2,3","1,6","2,3","2,0","2,3","2,5","2,1","2,2","2,2","2,4","1,8","2,1","1,8","0,0","0,0","0,00","0,00","Нет","Нет","Разомкнут","Разомкнут","Выкл.","Выкл.","0","0","0","0","Не задано","Не задано","Допустимый сигнал","Допустимый сигнал","Синхронизация поддерживается","Синхронизация поддерживается","Допустимый сигнал","Допустимый сигнал","Синхронизация поддерживается","Синхронизация поддерживается","341,8","323,0","328,3","59","58","0,00","0,00","5,00","5,00","5,00","5,00","5,00","5,00","5,00","4,94","1915","1888","ОК","ОК",
21-май-2026,16:26:09.911,"0,0","None","0,00","19020111","19020111","563,6","5,6","5,6","106","36","305","318","309","322","369","320","342","324","306","329","327","325","310","360","335","359","31,7","31,7","Главный","Главный","0","0","0,00","0,00","1601","1591","0,00","0,00","1","144","0","0","0","0","0","0","27,6","27,6","1,8","2,0","0,0","0,0","2,6","2,4","2,5","2,3","1,6","2,3","2,0","2,3","2,5","2,2","2,2","2,3","2,4","1,8","2,1","1,8","0,0","0,0","0,00","0,00","Нет","Нет","Разомкнут","Разомкнут","Выкл.","Выкл.","0","0","0","0","Не задано","Не задано","Допустимый сигнал","Допустимый сигнал","Синхронизация поддерживается","Синхронизация поддерживается","Допустимый сигнал","Допустимый сигнал","Синхронизация поддерживается","Синхронизация поддерживается","339,5","323,0","328,3","59","58","0,00","0,00","5,00","5,00","5,00","5,00","5,00","5,00","5,00","4,94","1915","1911","ОК","ОК",
21-май-2026,16:26:10.911,"0,0","None","0,00","19020111","19020111","543,9","5,6","5,6","170","14","297","310","300","312","361","312","334","317","298","320","320","318","302","353","330","353","31,8","31,8","Главный","Главный","0","0","0,00","0,00","1543","1545","0,00","0,00","1","144","0","0","0","0","0","0","27,6","27,6","1,8","2,5","0,0","0,0","2,7","2,4","2,6","2,4","1,8","2,4","2,1","2,4","2,6","2,3","2,3","2,4","2,6","1,9","2,2","1,9","0,0","0,0","0,00","0,00","Нет","Нет","Разомкнут","Разомкнут","Выкл.","Выкл.","0","0","0","0","Не задано","Не задано","Допустимый сигнал","Допустимый сигнал","Синхронизация поддерживается","Синхронизация поддерживается","Допустимый сигнал","Допустимый сигнал","Синхронизация поддерживается","Синхронизация поддерживается","333,3","316,8","322,5","59","58","0,00","0,00","5,00","5,00","5,00","5,00","5,00","5,00","5,00","4,94","1917","1918","ОК","ОК",
21-май-2026,16:26:11.911,"0,0","None","0,00","19020111","19020111","539,6","5,6","5,6","194","6","297","305","300","307","361","309","334","312","295","320","316","318","298","353","326","353","31,8","31,8","Главный","Главный","0","0","0,00","0,00","1540","1545","0,00","0,00","1","144","0","0","0","0","0","0","27,6","27,6","1,8","2,7","0,0","0,0","2,7","2,6","2,6","2,5","1,8","2,5","2,1","2,4","2,7","2,3","2,4","2,4","2,6","1,9","2,3","1,9","0,0","0,0","0,00","0,00","Нет","Нет","Разомкнут","Разомкнут","Выкл.","Выкл.","0","0","0","0","Не задано","Не задано","Допустимый сигнал","Допустимый сигнал","Синхронизация поддерживается","Синхронизация поддерживается","Допустимый сигнал","Допустимый сигнал","Синхронизация поддерживается","Синхронизация поддерживается","333,3","312,8","318,5","59","58","0,00","0,00","5,00","5,00","5,00","5,00","5,00","5,00","5,00","4,94","1898","1900","ОК","ОК",
21-май-2026,16:26:12.911,"0,0","None","0,00","19020111","19020111","536,4","5,6","5,6","208","17","293","300","296","301","355","305","330","308","292","316","312","313","294","348","323","350","31,8","31,7","Главный","Главный","0","0","0,00","0,00","1555","1560","0,00","0,00","1","144","0","0","0","0","0","0","27,6","27,5","1,8","2,8","0,0","0,0","2,7","2,6","2,7","2,6","1,9","2,5","2,2","2,5","2,8","2,4","2,4","2,4","2,7","1,9","2,3","1,9","0,0","0,0","0,00","0,00","Нет","Нет","Разомкнут","Разомкнут","Выкл.","Выкл.","0","0","0","0","Не задано","Не задано","Допустимый сигнал","Допустимый сигнал","Синхронизация поддерживается","Синхронизация поддерживается","Допустимый сигнал","Допустимый сигнал","Синхронизация поддерживается","Синхронизация поддерживается","329,0","308,5","314,3","59","58","0,00","0,00","5,00","5,00","5,00","5,00","5,00","5,00","5,00","5,00","1900","1907","ОК","ОК",
21-май-2026,16:26:13.911,"0,0","None","0,00","19020111","19020111","542,9","5,6","5,6","220","25","290","294","292","294","348","300","325","301","286","312","305","309","287","342","318","346","31,6","31,5","Главный","Главный","0","0","0,00","0,00","1562","1543","0,00","0,00","1","144","0","0","0","0","0","0","27,5","27,6","1,8","2,9","0,0","0,0","2,8","2,7","2,8","2,7","1,9","2,6","2,3","2,6","2,8","2,4","2,5","2,5","2,8","2,1","2,4","1,9","0,0","0,0","0,00","0,00","Нет","Нет","Разомкнут","Разомкнут","Выкл.","Выкл.","0","0","0","0","Не задано","Не задано","Допустимый сигнал","Допустимый сигнал","Синхронизация поддерживается","Синхронизация поддерживается","Допустимый сигнал","Допустимый сигнал","Синхронизация поддерживается","Синхронизация поддерживается","324,5","301,0","306,3","60","58","0,00","0,00","5,00","5,00","5,00","5,00","5,00","5,00","5,00","4,94","1882","1869","ОК","ОК",
21-май-2026,16:26:14.911,"0,0","None","0,00","19020111","19020111","537,6","5,6","5,6","221","29","288","292","290","291","342","298","320","299","285","308","303","305","285","337","315","343","31,7","31,6","Главный","Главный","0","0","0,00","0,00","1560","1552","0,00","0,00","1","144","0","0","0","0","0","0","27,6","27,6","1,8","2,9","0,0","0,0","2,8","2,7","2,8","2,8","2,1","2,6","2,3","2,6","2,8","2,5","2,6","2,5","2,8","2,1","2,4","2,0","0,0","0,0","0,00","0,00","Нет","Нет","Разомкнут","Разомкнут","Выкл.","Выкл.","0","0","0","0","Не задано","Не задано","Допустимый сигнал","Допустимый сигнал","Синхронизация поддерживается","Синхронизация поддерживается","Допустимый сигнал","Допустимый сигнал","Синхронизация поддерживается","Синхронизация поддерживается","320,3","298,3","303,0","60","58","0,00","0,00","5,00","5,00","5,00","5,00","5,00","5,00","5,00","4,94","1844","1850","ОК","ОК",
21-май-2026,16:26:15.911,"0,0","None","0,00","19020111","19020111","534,9","5,6","5,6","222","24","286","292","288","291","337","298","316","299","285","305","303","302","285","333","315","340","31,6","31,7","Главный","Главный","0","0","0,00","0,00","1570","1535","0,00","0,00","1","144","0","0","0","0","0","0","27,6","27,6","1,8","2,9","0,0","0,0","2,8","2,7","2,8","2,8","2,1","2,6","2,4","2,6","2,8","2,5","2,6","2,6","2,8","2,1","2,4","2,1","0,0","0,0","0,00","0,00","Нет","Нет","Разомкнут","Разомкнут","Выкл.","Выкл.","0","0","0","0","Не задано","Не задано","Допустимый сигнал","Допустимый сигнал","Синхронизация поддерживается","Синхронизация поддерживается","Допустимый сигнал","Допустимый сигнал","Синхронизация поддерживается","Синхронизация поддерживается","316,5","298,3","303,0","60","58","0,00","0,00","5,00","5,00","5,00","5,00","5,00","5,00","5,00","5,00","1873","1868","ОК","ОК",
21-май-2026,16:26:16.911,"0,0","None","0,00","19020111","19020111","551,5","5,6","5,6","223","44","284","291","286","289","333","298","313","298","284","303","301","299","284","330","313","338","31,5","31,3","Главный","Главный","0","0","0,00","0,00","1565","1562","0,00","0,00","1","144","0","0","0","0","0","0","27,6","27,5","1,8","2,9","0,0","0,0","2,8","2,8","2,8","2,8","2,1","2,6","2,4","2,6","2,9","2,6","2,6","2,6","2,9","2,2","2,4","2,1","0,0","0,0","0,00","0,00","Нет","Нет","Разомкнут","Разомкнут","Выкл.","Выкл.","0","0","0","0","Не задано","Не задано","Допустимый сигнал","Допустимый сигнал","Синхронизация поддерживается","Синхронизация поддерживается","Допустимый сигнал","Допустимый сигнал","Синхронизация поддерживается","Синхронизация поддерживается","313,3","296,3","300,8","60","59","0,00","0,00","5,00","5,00","5,00","5,00","5,00","5,00","5,00","5,00","1875","1872","ОК","ОК",
21-май-2026,16:26:17.911,"0,0","None","0,00","19020111","19020111","537,5","5,6","5,6","221","20","284","290","285","288","330","297","310","297","283","302","300","298","282","327","312","336","30,9","31,8","Главный","Главный","0","0","0,00","0,00","1535","1543","0,00","0,00","1","144","0","0","0","0","0","0","27,6","27,5","1,8","2,9","0,0","0,0","2,9","2,8","2,8","2,8","2,2","2,6","2,4","2,6","2,9","2,6","2,6","2,6","2,9","2,3","2,4","2,1","0,0","0,0","0,00","0,00","Нет","Нет","Разомкнут","Разомкнут","Выкл.","Выкл.","0","0","0","0","Не задано","Не задано","Допустимый сигнал","Допустимый сигнал","Синхронизация поддерживается","Синхронизация поддерживается","Допустимый сигнал","Допустимый сигнал","Синхронизация поддерживается","Синхронизация поддерживается","310,8","294,8","299,0","60","59","0,00","0,00","5,00","5,00","5,00","5,00","5,00","5,00","5,00","5,00","1873","1864","ОК","ОК",
21-май-2026,16:26:18.911,"0,0","None","0,00","19020111","19020111","548,4","5,6","5,6","223","41","283","290","284","287","327","296","308","296","282","300","298","296","282","324","311","335","31,8","31,8","Главный","Главный","0","0","0,00","0,00","1565","1555","0,00","0,00","1","144","0","0","0","0","0","0","27,6","27,6","1,8","2,9","0,0","0,0","2,9","2,8","2,8","2,8","2,3","2,6","2,5","2,6","2,9","2,6","2,6","2,6","2,9","2,3","2,4","2,1","0,0","0,0","0,00","0,00","Нет","Нет","Разомкнут","Разомкнут","Выкл.","Выкл.","0","0","0","0","Не задано","Не задано","Допустимый сигнал","Допустимый сигнал","Синхронизация поддерживается","Синхронизация поддерживается","Допустимый сигнал","Допустимый сигнал","Синхронизация поддерживается","Синхронизация поддерживается","308,8","293,5","297,8","60","59","0,00","0,00","5,00","5,00","5,00","5,00","5,00","5,00","5,00","4,94","1871","1890","ОК","ОК",
21-май-2026,16:26:19.911,"0,0","None","0,00","19020111","19020111","538,8","5,6","5,6","223","20","282","288","283","285","324","296","306","295","281","299","297","295","280","322","308","334","31,7","31,7","Главный","Главный","0","0","0,00","0,00","1548","1555","0,00","0,00","1","144","0","0","0","0","0","0","27,6","27,6","1,8","2,9","0,0","0,0","2,9","2,8","2,9","2,8","2,3","2,6","2,5","2,7","2,9","2,6","2,6","2,7","2,9","2,3","2,4","2,1","0,0","0,0","0,00","0,00","Нет","Нет","Разомкнут","Разомкнут","Выкл.","Выкл.","0","0","0","0","Не задано","Не задано","Допустимый сигнал","Допустимый сигнал","Синхронизация поддерживается","Синхронизация поддерживается","Допустимый сигнал","Допустимый сигнал","Синхронизация поддерживается","Синхронизация поддерживается","307,0","292,0","295,5","60","59","0,00","0,00","5,00","5,00","5,00","5,00","5,00","5,00","5,00","5,00","1900","1877","ОК","ОК",
21-май-2026,16:26:20.911,"0,0","None","0,00","19020111","19020111","546,6","5,6","5,6","224","26","282","288","282","284","322","295","304","294","281","298","296","294","279","320","308","332","31,6","31,6","Главный","Главный","0","0","0,00","0,00","1552","1538","0,00","0,00","1","144","0","0","0","0","0","0","27,6","27,6","1,8","2,9","0,0","0,0","2,9","2,8","2,9","2,8","2,3","2,6","2,6","2,7","2,9","2,6","2,6","2,7","2,9","2,3","2,4","2,1","0,0","0,0","0,00","0,00","Нет","Нет","Разомкнут","Разомкнут","Выкл.","Выкл.","0","0","0","0","Не задано","Не задано","Допустимый сигнал","Допустимый сигнал","Синхронизация поддерживается","Синхронизация поддерживается","Допустимый сигнал","Допустимый сигнал","Синхронизация поддерживается","Синхронизация поддерживается","305,5","291,3","294,8","60","59","0,00","0,00","5,00","5,00","5,00","5,00","5,00","5,00","5,00","5,00","1878","1892","ОК","ОК",
21-май-2026,16:26:21.911,"0,0","None","0,00","19020111","19020111","536,0","5,6","5,6","224","28","281","288","282","284","320","295","302","294","281","297","296","292","279","318","308","331","31,6","31,6","Главный","Главный","0","0","0,00","0,00","1548","1543","0,00","0,00","1","144","0","0","0","0","0","0","27,6","27,6","1,8","2,9","0,0","0,0","2,9","2,8","2,9","2,8","2,3","2,6","2,6","2,7","2,9","2,6","2,6","2,7","2,9","2,3","2,4","2,1","0,0","0,0","0,00","0,00","Нет","Нет","Разомкнут","Разомкнут","Выкл.","Выкл.","0","0","0","0","Не задано","Не задано","Допустимый сигнал","Допустимый сигнал","Синхронизация поддерживается","Синхронизация поддерживается","Допустимый сигнал","Допустимый сигнал","Синхронизация поддерживается","Синхронизация поддерживается","304,0","291,3","294,8","60","59","0,00","0,00","5,00","5,00","5,00","5,00","5,00","5,00","5,00","5,00","1896","1882","ОК","ОК",
21-май-2026,16:26:22.911,"0,0","None","0,00","19020111","19020111","527,0","5,6","5,6","226","13","280","287","280","283","317","295","299","294","280","296","296","290","278","316","307","329","31,5","31,5","Главный","Главный","0","0","0,00","0,00","1555","1545","0,00","0,00","1","144","0","0","0","0","0","0","27,6","27,6","1,8","2,9","0,0","0,0","2,9","2,8","2,9","2,9","2,4","2,7","2,6","2,7","2,9","2,6","2,6","2,8","2,9","2,4","2,5","2,2","0,0","0,0","0,00","0,00","Нет","Нет","Разомкнут","Разомкнут","Выкл.","Выкл.","0","0","0","0","Не задано","Не задано","Допустимый сигнал","Допустимый сигнал","Синхронизация поддерживается","Синхронизация поддерживается","Допустимый сигнал","Допустимый сигнал","Синхронизация поддерживается","Синхронизация поддерживается","301,8","290,5","293,8","60","59","0,00","0,00","5,00","5,00","5,00","5,00","5,00","5,00","5,00","5,00","1888","1863","ОК","ОК",
21-май-2026,16:26:23.911,"0,0","None","0,00","19020111","19020111","526,9","5,6","5,6","226","21","280","286","280","283","317","294","299","293","280","296","295","290","278","316","306","329","31,4","31,4","Главный","Главный","0","0","0,00","0,00","1560","1533","0,00","0,00","1","144","0","0","0","0","0","0","27,5","27,6","1,8","2,9","0,0","0,0","2,9","2,8","2,9","2,9","2,4","2,7","2,6","2,7","2,9","2,6","2,7","2,8","2,9","2,4","2,5","2,2","0,0","0,0","0,00","0,00","Нет","Нет","Разомкнут","Разомкнут","Выкл.","Выкл.","0","0","0","0","Не задано","Не задано","Допустимый сигнал","Допустимый сигнал","Синхронизация поддерживается","Синхронизация поддерживается","Допустимый сигнал","Допустимый сигнал","Синхронизация поддерживается","Синхронизация поддерживается","301,8","290,0","293,0","60","59","0,00","0,00","5,00","5,00","5,00","5,00","5,00","5,00","5,00","5,00","1866","1884","ОК","ОК",
21-май-2026,16:26:24.911,"0,0","None","0,00","19020111","19020111","541,1","5,6","5,6","225","27","279","286","280","282","315","294","298","293","279","295","294","290","278","314","305","328","31,4","31,4","Главный","Главный","0","0","0,00","0,00","1535","1548","0,00","0,00","1","144","0","0","0","0","0","0","27,6","27,6","1,8","2,9","0,0","0,0","2,9","2,8","2,9","2,9","2,4","2,7","2,6","2,7","2,9","2,6","2,7","2,8","2,9","2,4","2,5","2,2","0,0","0,0","0,00","0,00","Нет","Нет","Разомкнут","Разомкнут","Выкл.","Выкл.","0","0","0","0","Не задано","Не задано","Допустимый сигнал","Допустимый сигнал","Синхронизация поддерживается","Синхронизация поддерживается","Допустимый сигнал","Допустимый сигнал","Синхронизация поддерживается","Синхронизация поддерживается","300,8","289,3","292,3","60","59","0,00","0,00","5,00","5,00","5,00","5,00","5,00","5,00","5,00","5,00","1900","1904","ОК","ОК",
21-май-2026,16:26:25.911,"0,0","None","0,00","19020111","19020111","546,9","5,6","5,6","227","23","278","285","280","281","314","294","297","292","278","294","293","289","276","313","304","327","31,3","31,4","Главный","Главный","0","0","0,00","0,00","1548","1548","0,00","0,00","1","144","0","0","0","0","0","0","27,6","27,6","1,8","2,9","0,0","0,0","2,9","2,8","2,9","2,9","2,4","2,7","2,6","2,7","2,9","2,7","2,7","2,8","2,9","2,4","2,5","2,2","0,0","0,0","0,00","0,00","Нет","Нет","Разомкнут","Разомкнут","Выкл.","Выкл.","0","0","0","0","Не задано","Не задано","Допустимый сигнал","Допустимый сигнал","Синхронизация поддерживается","Синхронизация поддерживается","Допустимый сигнал","Допустимый сигнал","Синхронизация поддерживается","Синхронизация поддерживается","299,8","288,3","291,0","60","59","0,00","0,00","5,00","5,00","5,00","5,00","5,00","5,00","4,94","5,00","1896","1920","ОК","ОК",
21-май-2026,16:26:26.911,"0,0","None","0,00","19020111","19020111","524,4","5,6","5,6","228","10","278","285","279","281","313","294","296","292","278","294","293","288","276","312","304","326","31,3","31,3","Главный","Главный","0","0","0,00","0,00","1574","1530","0,00","0,00","1","144","0","0","0","0","0","0","27,5","27,5","1,8","2,9","0,0","0,0","2,9","2,8","2,9","2,9","2,4","2,7","2,6","2,7","2,9","2,7","2,7","2,8","2,9","2,4","2,5","2,2","0,0","0,0","0,00","0,00","Нет","Нет","Разомкнут","Разомкнут","Выкл.","Выкл.","0","0","0","0","Не задано","Не задано","Допустимый сигнал","Допустимый сигнал","Синхронизация поддерживается","Синхронизация поддерживается","Допустимый сигнал","Допустимый сигнал","Синхронизация поддерживается","Синхронизация поддерживается","299,0","288,3","291,0","60","59","0,00","0,00","5,00","5,00","5,00","5,00","5,00","5,00","5,00","5,00","1883","1892","ОК","ОК",
21-май-2026,16:26:27.911,"0,0","None","0,00","19020111","19020111","537,9","5,6","5,6","226","43","277","284","278","280","310","293","294","292","278","293","292","287","276","310","303","325","31,3","31,3","Главный","Главный","0","0","0,00","0,00","1557","1552","0,00","0,00","1","144","0","0","0","0","0","0","27,5","27,6","1,8","2,9","0,0","0,0","2,9","2,8","2,9","2,9","2,4","2,7","2,7","2,7","2,9","2,7","2,7","2,8","2,9","2,4","2,6","2,3","0,0","0,0","0,00","0,00","Нет","Нет","Разомкнут","Разомкнут","Выкл.","Выкл.","0","0","0","0","Не задано","Не задано","Допустимый сигнал","Допустимый сигнал","Синхронизация поддерживается","Синхронизация поддерживается","Допустимый сигнал","Допустимый сигнал","Синхронизация поддерживается","Синхронизация поддерживается","297,5","287,8","290,5","60","59","0,00","0,00","5,00","5,00","5,00","5,00","5,00","5,00","5,00","4,94","1888","1886","ОК","ОК",
21-май-2026,16:26:28.911,"0,0","None","0,00","19020111","19020111","533,3","5,6","5,6","225","19","277","284","278","280","310","293","294","291","277","293","292","287","276","310","302","325","31,2","31,2","Главный","Главный","0","0","0,00","0,00","1562","1557","0,00","0,00","1","144","0","0","0","0","0","0","27,6","27,5","1,8","2,9","0,0","0,0","2,9","2,8","2,9","2,9","2,4","2,7","2,7","2,7","2,9","2,7","2,7","2,8","3,0","2,4","2,6","2,3","0,0","0,0","0,00","0,00","Нет","Нет","Разомкнут","Разомкнут","Выкл.","Выкл.","0","0","0","0","Не задано","Не задано","Допустимый сигнал","Допустимый сигнал","Синхронизация поддерживается","Синхронизация поддерживается","Допустимый сигнал","Допустимый сигнал","Синхронизация поддерживается","Синхронизация поддерживается","297,5","287,3","290,0","60","59","0,00","0,00","5,00","5,00","5,00","5,00","5,00","5,00","5,00","4,94","1886","1887","ОК","ОК",
21-май-2026,16:26:29.911,"0,0","None","0,00","19020111","19020111","535,0","5,6","5,6","228","21","277","284","278","279","309","292","294","290","277","292","292","286","275","309","302","324","31,1","31,1","Главный","Главный","0","0","0,00","0,00","1557","1548","0,00","0,00","1","144","0","0","0","0","0","0","27,6","27,5","1,8","2,9","0,0","0,0","2,9","2,8","2,9","2,9","2,4","2,7","2,7","2,8","2,9","2,7","2,7","2,8","3,0","2,4","2,6","2,3","0,0","0,0","0,00","0,00","Нет","Нет","Разомкнут","Разомкнут","Выкл.","Выкл.","0","0","0","0","Не задано","Не задано","Допустимый сигнал","Допустимый сигнал","Синхронизация поддерживается","Синхронизация поддерживается","Допустимый сигнал","Допустимый сигнал","Синхронизация поддерживается","Синхронизация поддерживается","296,8","286,8","289,3","60","59","0,00","0,00","5,00","5,00","5,00","5,00","5,00","5,00","5,00","5,00","1885","1884","ОК","ОК",
21-май-2026,16:26:30.911,"0,0","None","0,00","19020111","19020111","521,6","5,6","5,6","229","16","276","283","278","278","308","292","293","290","276","292","291","286","274","308","301","323","30,9","31,0","Главный","Главный","0","0","0,00","0,00","1538","1557","0,00","0,00","1","144","0","0","0","0","0","0","27,5","27,6","1,7","2,9","0,0","0,0","2,9","2,9","2,9","2,9","2,4","2,7","2,7","2,8","2,9","2,7","2,8","2,8","3,0","2,4","2,6","2,3","0,0","0,0","0,00","0,00","Нет","Нет","Разомкнут","Разомкнут","Выкл.","Выкл.","0","0","0","0","Не задано","Не задано","Допустимый сигнал","Допустимый сигнал","Синхронизация поддерживается","Синхронизация поддерживается","Допустимый сигнал","Допустимый сигнал","Синхронизация поддерживается","Синхронизация поддерживается","296,0","286,0","288,3","60","59","0,00","0,00","5,00","5,00","5,00","5,00","5,00","5,00","5,00","5,00","1878","1886","ОК","ОК",
21-май-2026,16:26:31.911,"0,0","None","0,00","19020111","19020111","537,9","5,6","5,6","227","27","276","283","277","278","307","291","292","290","276","291","290","285","274","307","300","322","30,8","30,9","Главный","Главный","0","0","0,00","0,00","1543","1557","0,00","0,00","1","144","0","0","0","0","0","0","27,6","27,6","1,8","2,9","0,0","0,0","2,9","2,9","2,9","2,9","2,5","2,7","2,7","2,8","3,0","2,7","2,8","2,8","3,0","2,5","2,6","2,3","0,0","0,0","0,00","0,00","Нет","Нет","Разомкнут","Разомкнут","Выкл.","Выкл.","0","0","0","0","Не задано","Не задано","Допустимый сигнал","Допустимый сигнал","Синхронизация поддерживается","Синхронизация поддерживается","Допустимый сигнал","Допустимый сигнал","Синхронизация поддерживается","Синхронизация поддерживается","295,3","285,5","287,8","60","59","0,00","0,00","5,00","5,00","5,00","5,00","5,00","5,00","5,00","5,00","1878","1875","ОК","ОК",
21-май-2026,16:26:32.911,"0,0","None","0,00","19020111","19020111","530,8","5,6","5,6","228","21","276","283","277","278","306","291","291","290","276","290","290","285","274","306","300","322","30,8","30,8","Главный","Главный","0","0","0,00","0,00","1535","1574","0,00","0,00","1","144","0","0","0","0","0","0","27,5","27,6","1,8","2,9","0,0","0,0","3,0","2,9","2,9","2,9","2,5","2,7","2,7","2,8","3,0","2,8","2,8","2,8","3,0","2,5","2,6","2,3","0,0","0,0","0,00","0,00","Нет","Нет","Разомкнут","Разомкнут","Выкл.","Выкл.","0","0","0","0","Не задано","Не задано","Допустимый сигнал","Допустимый сигнал","Синхронизация поддерживается","Синхронизация поддерживается","Допустимый сигнал","Допустимый сигнал","Синхронизация поддерживается","Синхронизация поддерживается","294,8","285,5","287,8","60","59","0,00","0,00","5,00","5,00","5,00","5,00","5,00","5,00","5,00","4,94","1881","1879","ОК","ОК",
21-май-2026,16:26:33.911,"0,0","None","0,00","19020111","19020111","536,0","5,6","5,6","227","37","275","282","276","278","305","291","290","289","276","290","290","284","274","305","300","321","30,8","30,8","Главный","Главный","0","0","0,00","0,00","1550","1535","0,00","0,00","1","144","0","0","0","0","0","0","27,5","27,6","1,8","2,9","0,0","0,0","3,0","2,9","2,9","2,9","2,5","2,7","2,8","2,8","3,0","2,8","2,8","2,8","3,0","2,5","2,6","2,3","0,0","0,0","0,00","0,00","Нет","Нет","Разомкнут","Разомкнут","Выкл.","Выкл.","0","0","0","0","Не задано","Не задано","Допустимый сигнал","Допустимый сигнал","Синхронизация поддерживается","Синхронизация поддерживается","Допустимый сигнал","Допустимый сигнал","Синхронизация поддерживается","Синхронизация поддерживается","293,8","285,3","287,5","60","59","0,00","0,00","5,00","5,00","5,00","5,00","5,00","5,00","5,00","5,00","1882","1883","ОК","ОК",
21-май-2026,16:26:34.911,"0,0","None","0,00","19020111","19020111","535,9","5,6","5,6","227","28","275","282","276","277","305","291","290","289","275","290","290","284","273","305","300","321","30,8","30,8","Главный","Главный","0","0","0,00","0,00","1557","1555","0,00","0,00","1","144","0","0","0","0","0","0","27,5","27,6","1,8","2,9","0,0","0,0","3,0","2,9","2,9","2,9","2,5","2,7","2,8","2,8","3,0","2,8","2,8","2,8","3,0","2,5","2,6","2,3","0,0","0,0","0,00","0,00","Нет","Нет","Разомкнут","Разомкнут","Выкл.","Выкл.","0","0","0","0","Не задано","Не задано","Допустимый сигнал","Допустимый сигнал","Синхронизация поддерживается","Синхронизация поддерживается","Допустимый сигнал","Допустимый сигнал","Синхронизация поддерживается","Синхронизация поддерживается","293,8","285,0","287,0","60","59","0,00","0,00","5,00","5,00","5,00","5,00","5,00","5,00","5,00","5,00","1877","1876","ОК","ОК",
21-май-2026,16:26:35.911,"0,0","None","0,00","19020111","19020111","524,5","5,6","5,6","227","16","274","282","276","277","304","291","290","289","275","290","289","284","273","304","299","320","30,8","30,8","Главный","Главный","0","0","0,00","0,00","1550","1557","0,00","0,00","1","144","0","0","0","0","0","0","27,6","27,6","1,7","2,9","0,0","0,0","3,0","2,9","2,9","2,9","2,5","2,8","2,8","2,8","3,0","2,8","2,8","2,8","3,0","2,5","2,6","2,3","0,0","0,0","0,00","0,00","Нет","Нет","Разомкнут","Разомкнут","Выкл.","Выкл.","0","0","0","0","Не задано","Не задано","Допустимый сигнал","Допустимый сигнал","Синхронизация поддерживается","Синхронизация поддерживается","Допустимый сигнал","Допустимый сигнал","Синхронизация поддерживается","Синхронизация поддерживается","293,3","284,5","286,8","60","59","0,00","0,00","5,00","5,00","5,00","5,00","5,00","5,00","5,00","4,94","1879","1880","ОК","ОК",
21-май-2026,16:26:36.911,"0,0","None","0,00","19020111","19020111","526,1","5,6","5,6","227","21","274","281","276","276","303","290","289","288","275","289","289","284","272","304","298","320","30,7","30,5","Главный","Главный","0","0","0,00","0,00","1557","1572","0,00","0,00","1","144","0","0","0","0","0","0","27,6","27,6","1,8","2,9","0,0","0,0","3,0","2,9","3,0","2,9","2,5","2,8","2,8","2,8","3,0","2,8","2,8","2,9","3,0","2,5","2,6","2,3","0,0","0,0","0,00","0,00","Нет","Нет","Разомкнут","Разомкнут","Выкл.","Выкл.","0","0","0","0","Не задано","Не задано","Допустимый сигнал","Допустимый сигнал","Синхронизация поддерживается","Синхронизация поддерживается","Допустимый сигнал","Допустимый сигнал","Синхронизация поддерживается","Синхронизация поддерживается","292,8","284,0","286,0","60","59","0,00","0,00","5,00","5,00","5,00","5,00","5,00","5,00","5,00","4,94","1883","1879","ОК","ОК",
21-май-2026,16:26:37.911,"0,0","None","0,00","19020111","19020111","544,1","5,6","5,6","228","39","274","281","275","276","303","290","289","288","274","289","288","283","272","303","298","319","30,7","30,7","Главный","Главный","0","0","0,00","0,00","1557","1562","0,00","0,00","1","144","0","0","0","0","0","0","27,6","27,6","1,8","2,9","0,0","0,0","3,0","2,9","3,0","2,9","2,6","2,8","2,8","2,8","3,0","2,8","2,8","2,9","3,0","2,6","2,6","2,3","0,0","0,0","0,00","0,00","Нет","Нет","Разомкнут","Разомкнут","Выкл.","Выкл.","0","0","0","0","Не задано","Не задано","Допустимый сигнал","Допустимый сигнал","Синхронизация поддерживается","Синхронизация поддерживается","Допустимый сигнал","Допустимый сигнал","Синхронизация поддерживается","Синхронизация поддерживается","292,3","283,8","285,8","60","59","0,00","0,00","5,00","5,00","5,00","5,00","5,00","5,00","5,00","5,00","1892","1882","ОК","ОК",
21-май-2026,16:26:38.911,"0,0","None","0,00","19020111","19020111","535,0","5,6","5,6","229","28","274","280","275","276","302","290","288","288","274","288","288","283","272","302","297","318","30,6","30,6","Главный","Главный","0","0","0,00","0,00","1526","1565","0,00","0,00","1","144","0","0","0","0","0","0","27,6","27,6","1,8","2,9","0,0","0,0","3,0","2,9","3,0","3,0","2,6","2,8","2,8","2,8","3,0","2,8","2,8","2,9","3,1","2,6","2,6","2,3","0,0","0,0","0,00","0,00","Нет","Нет","Разомкнут","Разомкнут","Выкл.","Выкл.","0","0","0","0","Не задано","Не задано","Допустимый сигнал","Допустимый сигнал","Синхронизация поддерживается","Синхронизация поддерживается","Допустимый сигнал","Допустимый сигнал","Синхронизация поддерживается","Синхронизация поддерживается","291,8","283,5","285,3","60","59","0,00","0,00","5,00","5,00","5,00","5,00","5,00","5,00","5,00","5,00","1888","1886","ОК","ОК",
21-май-2026,16:26:39.911,"0,0","None","0,00","19020111","19020111","524,8","5,6","5,6","228","19","273","280","274","276","301","290","288","288","274","288","288","282","272","302","297","318","30,5","30,6","Главный","Главный","0","0","0,00","0,00","1543","1543","0,00","0,00","1","144","0","0","0","0","0","0","27,5","27,6","1,8","2,9","0,0","0,0","3,0","2,9","3,0","3,0","2,6","2,8","2,8","2,8","3,0","2,8","2,8","2,9","3,1","2,6","2,6","2,3","0,0","0,0","0,00","0,00","Нет","Нет","Разомкнут","Разомкнут","Выкл.","Выкл.","0","0","0","0","Не задано","Не задано","Допустимый сигнал","Допустимый сигнал","Синхронизация поддерживается","Синхронизация поддерживается","Допустимый сигнал","Допустимый сигнал","Синхронизация поддерживается","Синхронизация поддерживается","291,3","283,5","285,3","60","59","0,00","0,00","5,00","5,00","5,00","5,00","5,00","5,00","5,00","4,94","1868","1862","ОК","ОК",
21-май-2026,16:26:40.911,"0,0","None","0,00","19020111","19020111","540,9","5,6","5,6","228","37","273","280","274","275","301","290","288","287","274","288","288","282","272","302","297","318","30,6","30,6","Главный","Главный","0","0","0,00","0,00","1560","1545","0,00","0,00","1","144","0","0","0","0","0","0","27,6","27,6","1,8","2,9","0,0","0,0","3,0","2,9","3,0","3,0","2,6","2,8","2,8","2,8","3,0","2,8","2,8","2,9","3,1","2,6","2,6","2,3","0,0","0,0","0,00","0,00","Нет","Нет","Разомкнут","Разомкнут","Выкл.","Выкл.","0","0","0","0","Не задано","Не задано","Допустимый сигнал","Допустимый сигнал","Синхронизация поддерживается","Синхронизация поддерживается","Допустимый сигнал","Допустимый сигнал","Синхронизация поддерживается","Синхронизация поддерживается","290,8","283,0","285,0","60","59","0,00","0,00","5,00","5,00","5,00","5,00","5,00","5,00","5,00","5,00","1905","1906","ОК","ОК",
21-май-2026,16:26:41.911,"0,0","None","0,00","19020111","19020111","534,4","5,6","5,6","230","14","273","280","274","275","300","290","287","287","274","288","288","282","272","301","296","317","30,6","30,6","Главный","Главный","0","0","0,00","0,00","1516","1550","0,00","0,00","1","144","0","0","0","0","0","0","27,6","27,6","1,8","2,9","0,0","0,0","3,0","2,9","3,0","3,0","2,6","2,8","2,8","2,8","3,0","2,8","2,8","2,9","3,1","2,6","2,6","2,3","0,0","0,0","0,00","0,00","Нет","Нет","Разомкнут","Разомкнут","Выкл.","Выкл.","0","0","0","0","Не задано","Не задано","Допустимый сигнал","Допустимый сигнал","Синхронизация поддерживается","Синхронизация поддерживается","Допустимый сигнал","Допустимый сигнал","Синхронизация поддерживается","Синхронизация поддерживается","290,5","282,8","284,8","60","59","0,00","0,00","5,00","5,00","5,00","5,00","5,00","5,00","5,00","5,00","1910","1906","ОК","ОК",
21-май-2026,16:26:42.946,"0,0","None","0,00","19020111","19020111","537,1","5,6","5,6","230","22","272","279","274","274","300","289","287","286","273","287","287","281","271","301","295","316","30,5","30,6","Главный","Главный","0","0","0,00","0,00","1557","1535","0,00","0,00","1","144","0","0","0","0","0","0","27,6","27,6","1,8","2,9","0,0","0,0","3,0","2,9","3,0","3,0","2,6","2,8","2,8","2,8","3,0","2,8","2,8","2,9","3,1","2,6","2,6","2,4","0,0","0,0","0,00","0,00","Нет","Нет","Разомкнут","Разомкнут","Выкл.","Выкл.","0","0","0","0","Не задано","Не задано","Допустимый сигнал","Допустимый сигнал","Синхронизация поддерживается","Синхронизация поддерживается","Допустимый сигнал","Допустимый сигнал","Синхронизация поддерживается","Синхронизация поддерживается","290,0","282,3","284,0","60","59","0,00","0,00","5,00","5,00","5,00","5,00","5,00","5,00","5,00","5,00","1902","1904","ОК","ОК",
21-май-2026,16:26:43.946,"0,0","None","0,00","19020111","19020111","542,9","5,6","5,6","230","33","272","279","274","274","299","289","286","286","273","287","287","281","271","300","295","316","30,5","30,5","Главный","Главный","0","0","0,00","0,00","1550","1540","0,00","0,00","1","144","0","0","0","0","0","0","27,6","27,6","1,8","2,9","0,0","0,0","3,0","2,9","3,0","3,0","2,6","2,8","2,8","2,8","3,0","2,8","2,8","2,9","3,1","2,6","2,6","2,4","0,0","0,0","0,00","0,00","Нет","Нет","Разомкнут","Разомкнут","Выкл.","Выкл.","0","0","0","0","Не задано","Не задано","Допустимый сигнал","Допустимый сигнал","Синхронизация поддерживается","Синхронизация поддерживается","Допустимый сигнал","Допустимый сигнал","Синхронизация поддерживается","Синхронизация поддерживается","289,8","282,0","283,8","60","59","0,00","0,00","5,00","5,00","5,00","5,00","5,00","5,00","5,00","4,94","1899","1900","ОК","ОК",
21-май-2026,16:26:44.946,"0,0","None","0,00","19020111","19020111","527,4","5,6","5,6","230","20","272","279","273","274","299","289","286","286","273","287","287","281","271","300","295","315","30,5","30,4","Главный","Главный","0","0","0,00","0,00","1562","1523","0,00","0,00","1","144","0","0","0","0","0","0","27,5","27,6","1,8","2,9","0,0","0,0","3,0","2,9","3,0","3,0","2,6","2,8","2,8","2,8","3,0","2,8","2,8","2,9","3,1","2,6","2,6","2,4","0,0","0,0","0,00","0,00","Нет","Нет","Разомкнут","Разомкнут","Выкл.","Выкл.","0","0","0","0","Не задано","Не задано","Допустимый сигнал","Допустимый сигнал","Синхронизация поддерживается","Синхронизация поддерживается","Допустимый сигнал","Допустимый сигнал","Синхронизация поддерживается","Синхронизация поддерживается","289,3","282,0","283,8","60","59","0,00","0,00","5,00","5,00","5,00","5,00","5,00","5,00","5,00","5,00","1906","1903","ОК","ОК",
21-май-2026,16:26:45.946,"0,0","None","0,00","19020111","19020111","532,1","5,6","5,6","232","31","272","279","273","274","298","288","285","286","272","286","286","280","270","299","295","314","30,5","30,5","Главный","Главный","0","0","0,00","0,00","1552","1538","0,00","0,00","1","144","0","0","0","0","0","0","27,5","27,6","1,8","3,0","0,0","0,0","3,0","2,9","3,0","3,0","2,6","2,8","2,8","2,8","3,0","2,8","2,8","2,9","3,1","2,6","2,7","2,4","0,0","0,0","0,00","0,00","Нет","Нет","Разомкнут","Разомкнут","Выкл.","Выкл.","0","0","0","0","Не задано","Не задано","Допустимый сигнал","Допустимый сигнал","Синхронизация поддерживается","Синхронизация поддерживается","Допустимый сигнал","Допустимый сигнал","Синхронизация поддерживается","Синхронизация поддерживается","288,5","281,5","283,5","60","59","0,00","0,00","5,00","5,00","5,00","5,00","5,00","5,00","5,00","4,94","1902","1903","ОК","ОК",
21-май-2026,16:26:46.946,"0,0","None","0,00","19020111","19020111","542,9","5,6","5,6","232","37","272","278","273","274","298","288","285","286","272","286","286","280","270","299","294","314","30,5","30,4","Главный","Главный","0","0","0,00","0,00","1565","1545","0,00","0,00","1","144","0","0","0","0","0","0","27,5","27,6","1,8","3,0","0,0","0,0","3,0","2,9","3,0","3,0","2,6","2,8","2,8","2,8","3,0","2,8","2,8","2,9","3,1","2,6","2,7","2,4","0,0","0,0","0,00","0,00","Нет","Нет","Разомкнут","Разомкнут","Выкл.","Выкл.","0","0","0","0","Не задано","Не задано","Допустимый сигнал","Допустимый сигнал","Синхронизация поддерживается","Синхронизация поддерживается","Допустимый сигнал","Допустимый сигнал","Синхронизация поддерживается","Синхронизация поддерживается","288,5","281,3","283,3","61","59","0,00","0,00","5,00","5,00","5,00","5,00","5,00","5,00","5,00","5,00","1902","1910","ОК","ОК",
21-май-2026,16:26:47.969,"0,0","None","0,00","19020111","19020111","527,8","5,6","5,6","231","10","272","278","272","273","297","288","285","285","272","286","285","280","270","298","294","314","30,4","30,4","Главный","Главный","0","0","0,00","0,00","1552","1550","0,00","0,00","1","144","0","0","0","0","0","0","27,6","27,6","1,8","2,9","0,0","0,0","3,1","2,9","3,0","3,0","2,6","2,8","2,8","2,8","3,1","2,8","2,8","2,9","3,1","2,6","2,7","2,4","0,0","0,0","0,00","0,00","Нет","Нет","Разомкнут","Разомкнут","Выкл.","Выкл.","0","0","0","0","Не задано","Не задано","Допустимый сигнал","Допустимый сигнал","Синхронизация поддерживается","Синхронизация поддерживается","Допустимый сигнал","Допустимый сигнал","Синхронизация поддерживается","Синхронизация поддерживается","288,3","280,8","282,5","61","59","0,00","0,00","5,00","5,00","5,00","5,00","5,00","5,00","5,00","5,00","1902","1909","ОК","ОК",
21-май-2026,16:26:48.969,"0,0","None","0,00","19020111","19020111","537,3","5,6","5,6","230","27","272","277","272","273","297","288","284","285","272","286","285","280","270","298","293","313","30,4","30,4","Главный","Главный","0","0","0,00","0,00","1579","1538","0,00","0,00","1","144","0","0","0","0","0","0","27,6","27,6","1,8","3,0","0,0","0,0","3,1","2,9","3,0","3,0","2,6","2,8","2,8","2,8","3,1","2,8","2,8","2,9","3,1","2,6","2,7","2,4","0,0","0,0","0,00","0,00","Нет","Нет","Разомкнут","Разомкнут","Выкл.","Выкл.","0","0","0","0","Не задано","Не задано","Допустимый сигнал","Допустимый сигнал","Синхронизация поддерживается","Синхронизация поддерживается","Допустимый сигнал","Допустимый сигнал","Синхронизация поддерживается","Синхронизация поддерживается","288,0","280,5","282,3","61","59","0,00","0,00","5,00","5,00","5,00","5,00","5,00","5,00","5,00","4,94","1902","1899","ОК","ОК",
21-май-2026,16:26:49.969,"0,0","None","0,00","19020111","19020111","532,4","5,6","5,6","233","20","272","277","272","273","296","288","284","285","272","285","285","279","270","298","293","312","30,3","30,3","Главный","Главный","0","0","0,00","0,00","1555","1550","0,00","0,00","1","144","0","0","0","0","0","0","27,5","27,6","1,8","3,0","0,0","0,0","3,1","2,9","3,0","3,0","2,6","2,8","2,8","2,8","3,1","2,8","2,8","2,9","3,1","2,6","2,7","2,4","0,0","0,0","0,00","0,00","Нет","Нет","Разомкнут","Разомкнут","Выкл.","Выкл.","0","0","0","0","Не задано","Не задано","Допустимый сигнал","Допустимый сигнал","Синхронизация поддерживается","Синхронизация поддерживается","Допустимый сигнал","Допустимый сигнал","Синхронизация поддерживается","Синхронизация поддерживается","287,5","280,5","282,3","61","59","0,00","0,00","5,00","5,00","5,00","5,00","5,00","5,00","5,00","5,00","1900","1900","ОК","ОК",
21-май-2026,16:26:50.969,"0,0","None","0,00","19020111","19020111","526,1","5,6","5,6","230","24","271","277","272","272","296","288","284","285","271","284","284","279","269","297","292","312","30,0","30,1","Главный","Главный","0","0","0,00","0,00","1562","1562","0,00","0,00","1","144","0","0","0","0","0","0","27,6","27,5","1,8","3,0","0,0","0,0","3,1","2,9","3,1","3,0","2,6","2,8","2,8","2,8","3,1","2,8","2,8","2,9","3,1","2,6","2,7","2,4","0,0","0,0","0,00","0,00","Нет","Нет","Разомкнут","Разомкнут","Выкл.","Выкл.","0","0","0","0","Не задано","Не задано","Допустимый сигнал","Допустимый сигнал","Синхронизация поддерживается","Синхронизация поддерживается","Допустимый сигнал","Допустимый сигнал","Синхронизация поддерживается","Синхронизация поддерживается","287,0","280,0","282,0","61","59","0,00","0,00","5,00","5,00","5,00","5,00","5,00","5,00","5,00","5,00","1898","1899","ОК","ОК",
21-май-2026,16:26:51.969,"0,0","None","0,00","19020111","19020111","537,8","5,6","5,6","232","34","271","277","272","272","296","287","284","284","271","284","284","279","269","297","292","312","30,4","30,3","Главный","Главный","0","0","0,00","0,00","1545","1567","0,00","0,00","1","144","0","0","0","0","0","0","27,6","27,6","1,8","3,0","0,0","0,0","3,1","2,9","3,1","3,0","2,6","2,8","2,9","2,8","3,1","2,8","2,8","2,9","3,1","2,6","2,7","2,4","0,0","0,0","0,00","0,00","Нет","Нет","Разомкнут","Разомкнут","Выкл.","Выкл.","0","0","0","0","Не задано","Не задано","Допустимый сигнал","Допустимый сигнал","Синхронизация поддерживается","Синхронизация поддерживается","Допустимый сигнал","Допустимый сигнал","Синхронизация поддерживается","Синхронизация поддерживается","287,0","280,0","281,8","61","59","0,00","0,00","5,00","5,00","5,00","5,00","5,00","5,00","5,00","5,00","1898","1898","ОК","ОК",
21-май-2026,16:26:52.969,"0,0","None","0,00","19020111","19020111","529,9","5,6","5,6","230","30","271","276","272","272","295","287","283","284","271","284","284","278","269","297","292","311","30,3","30,3","Главный","Главный","0","0","0,00","0,00","1550","1535","0,00","0,00","1","144","0","0","0","0","0","0","27,6","27,6","1,8","3,0","0,0","0,0","3,1","2,9","3,1","3,0","2,6","2,8","2,9","2,8","3,1","2,8","2,8","2,9","3,1","2,6","2,7","2,4","0,0","0,0","0,00","0,00","Нет","Нет","Разомкнут","Разомкнут","Выкл.","Выкл.","0","0","0","0","Не задано","Не задано","Допустимый сигнал","Допустимый сигнал","Синхронизация поддерживается","Синхронизация поддерживается","Допустимый сигнал","Допустимый сигнал","Синхронизация поддерживается","Синхронизация поддерживается","286,5","279,5","281,3","61","59","0,00","0,00","5,00","5,00","5,00","5,00","5,00","5,00","5,00","5,00","1901","1901","ОК","ОК",
21-май-2026,16:26:53.969,"0,0","None","0,00","19020111","19020111","541,0","5,6","5,6","232","34","270","276","272","272","295","287","283","284","271","284","284","278","269","296","292","310","30,3","30,3","Главный","Главный","0","0","0,00","0,00","1526","1570","0,00","0,00","1","144","0","0","0","0","0","0","27,6","27,5","1,8","2,9","0,0","0,0","3,1","2,9","3,1","3,0","2,7","2,8","2,9","2,8","3,1","2,8","2,8","2,9","3,1","2,6","2,7","2,4","0,0","0,0","0,00","0,00","Нет","Нет","Разомкнут","Разомкнут","Выкл.","Выкл.","0","0","0","0","Не задано","Не задано","Допустимый сигнал","Допустимый сигнал","Синхронизация поддерживается","Синхронизация поддерживается","Допустимый сигнал","Допустимый сигнал","Синхронизация поддерживается","Синхронизация поддерживается","286,3","279,5","281,3","61","59","0,00","0,00","5,00","5,00","5,00","5,00","5,00","5,00","4,94","5,00","1898","1895","ОК","ОК",
21-май-2026,16:26:54.969,"0,0","None","0,00","19020111","19020111","531,6","5,6","5,6","232","18","270","276","271","272","294","286","282","284","271","284","284","278","269","296","291","310","30,3","30,3","Главный","Главный","0","0","0,00","0,00","1562","1577","0,00","0,00","1","144","0","0","0","0","0","0","27,6","27,6","1,8","3,0","0,0","0,0","3,1","2,9","3,1","3,1","2,7","2,8","2,9","2,8","3,1","2,8","2,8","2,9","3,1","2,6","2,7","2,4","0,0","0,0","0,00","0,00","Нет","Нет","Разомкнут","Разомкнут","Выкл.","Выкл.","0","0","0","0","Не задано","Не задано","Допустимый сигнал","Допустимый сигнал","Синхронизация поддерживается","Синхронизация поддерживается","Допустимый сигнал","Допустимый сигнал","Синхронизация поддерживается","Синхронизация поддерживается","285,8","279,3","281,0","61","59","0,00","0,00","5,00","5,00","5,00","5,00","5,00","5,00","5,00","4,94","1902","1898","ОК","ОК",
21-май-2026,16:26:55.969,"0,0","None","0,00","19020111","19020111","530,3","5,6","5,6","231","20","270","276","271","272","294","286","282","284","270","284","283","278","268","296","291","310","30,3","30,2","Главный","Главный","0","0","0,00","0,00","1545","1574","0,00","0,00","1","144","0","0","0","0","0","0","27,6","27,6","1,8","2,9","0,0","0,0","3,1","3,0","3,1","3,1","2,7","2,8","2,9","2,8","3,1","2,8","2,9","2,9","3,1","2,6","2,8","2,4","0,0","0,0","0,00","0,00","Нет","Нет","Разомкнут","Разомкнут","Выкл.","Выкл.","0","0","0","0","Не задано","Не задано","Допустимый сигнал","Допустимый сигнал","Синхронизация поддерживается","Синхронизация поддерживается","Допустимый сигнал","Допустимый сигнал","Синхронизация поддерживается","Синхронизация поддерживается","285,8","279,0","280,8","61","59","0,00","0,00","5,00","5,00","5,00","5,00","5,00","5,00","5,00","4,94","1895","1898","ОК","ОК",
21-май-2026,16:26:56.969,"0,0","None","0,00","19020111","19020111","536,8","5,6","5,6","232","33","270","275","271","271","294","286","282","283","270","283","283","278","268","296","290","309","30,2","30,3","Главный","Главный","0","0","0,00","0,00","1530","1555","0,00","0,00","1","144","0","0","0","0","0","0","27,6","27,6","1,8","2,9","0,0","0,0","3,1","3,0","3,1","3,1","2,7","2,8","2,9","2,9","3,1","2,9","2,9","2,9","3,1","2,6","2,8","2,4","0,0","0,0","0,00","0,00","Нет","Нет","Разомкнут","Разомкнут","Выкл.","Выкл.","0","0","0","0","Не задано","Не задано","Допустимый сигнал","Допустимый сигнал","Синхронизация поддерживается","Синхронизация поддерживается","Допустимый сигнал","Допустимый сигнал","Синхронизация поддерживается","Синхронизация поддерживается","285,5","278,5","280,5","61","59","0,00","0,00","5,00","5,00","5,00","5,00","5,00","5,00","5,00","5,00","1900","1902","ОК","ОК",
21-май-2026,16:26:57.969,"0,0","None","0,00","19020111","19020111","524,0","5,6","5,6","232","26","270","275","270","271","294","286","282","283","270","283","283","278","268","295","290","308","30,2","30,2","Главный","Главный","0","0","0,00","0,00","1543","1570","0,00","0,00","1","144","0","0","0","0","0","0","27,6","27,6","1,8","2,9","0,0","0,0","3,1","3,0","3,1","3,1","2,7","2,8","2,9","2,9","3,1","2,9","2,9","2,9","3,1","2,6","2,8","2,4","0,0","0,0","0,00","0,00","Нет","Нет","Разомкнут","Разомкнут","Выкл.","Выкл.","0","0","0","0","Не задано","Не задано","Допустимый сигнал","Допустимый сигнал","Синхронизация поддерживается","Синхронизация поддерживается","Допустимый сигнал","Допустимый сигнал","Синхронизация поддерживается","Синхронизация поддерживается","285,3","278,5","280,5","61","59","0,00","0,00","5,00","5,00","5,00","5,00","5,00","5,00","5,00","4,94","1900","1903","ОК","ОК",
21-май-2026,16:26:58.969,"0,0","None","0,00","19020111","19020111","524,0","5,6","5,6","232","26","270","275","270","271","293","286","282","283","270","283","283","278","268","295","290","308","30,2","30,2","Главный","Главный","0","0","0,00","0,00","1543","1535","0,00","0,00","1","144","0","0","0","0","0","0","27,6","27,6","1,8","2,9","0,0","0,0","3,1","3,0","3,1","3,1","2,7","2,8","2,9","2,9","3,1","2,9","2,9","2,9","3,1","2,6","2,8","2,4","0,0","0,0","0,00","0,00","Нет","Нет","Разомкнут","Разомкнут","Выкл.","Выкл.","0","0","0","0","Не задано","Не задано","Допустимый сигнал","Допустимый сигнал","Синхронизация поддерживается","Синхронизация поддерживается","Допустимый сигнал","Допустимый сигнал","Синхронизация поддерживается","Синхронизация поддерживается","285,0","278,5","280,5","61","59","0,00","0,00","5,00","5,00","5,00","5,00","5,00","5,00","5,00","5,00","1900","1902","ОК","ОК",
21-май-2026,16:26:59.969,"0,0","None","0,00","19020111","19020111","532,9","5,6","5,6","231","22","269","275","270","271","292","286","281","283","270","283","283","277","268","294","290","307","30,2","30,2","Главный","Главный","0","0","0,00","0,00","1543","1552","0,00","0,00","1","144","0","0","0","0","0","0","27,4","27,6","1,8","2,9","0,0","0,0","3,1","3,0","3,1","3,1","2,7","2,8","2,9","2,9","3,1","2,9","2,9","2,9","3,1","2,7","2,8","2,5","0,0","0,0","0,00","0,00","Нет","Нет","Разомкнут","Разомкнут","Выкл.","Выкл.","0","0","0","0","Не задано","Не задано","Допустимый сигнал","Допустимый сигнал","Синхронизация поддерживается","Синхронизация поддерживается","Допустимый сигнал","Допустимый сигнал","Синхронизация поддерживается","Синхронизация поддерживается","284,5","278,3","280,0","61","59","0,00","0,00","5,00","5,00","5,00","5,00","5,00","5,00","5,00","5,00","1903","1911","ОК","ОК",
21-май-2026,16:27:00.969,"0,0","None","0,00","19020111","19020111","530,5","5,6","5,6","233","19","269","275","270","270","292","286","281","283","270","283","282","277","268","294","289","307","30,1","30,1","Главный","Главный","0","0","0,00","0,00","1545","1567","0,00","0,00","1","144","0","0","0","0","0","0","27,5","27,5","1,8","2,9","0,0","0,0","3,1","3,0","3,1","3,1","2,7","2,8","2,9","2,9","3,1","2,9","2,9","2,9","3,1","2,7","2,8","2,5","0,0","0,0","0,00","0,00","Нет","Нет","Разомкнут","Разомкнут","Выкл.","Выкл.","0","0","0","0","Не задано","Не задано","Допустимый сигнал","Допустимый сигнал","Синхронизация поддерживается","Синхронизация поддерживается","Допустимый сигнал","Допустимый сигнал","Синхронизация поддерживается","Синхронизация поддерживается","284,5","278,0","279,8","61","59","0,00","0,00","5,00","5,00","5,00","5,00","5,00","5,00","5,00","4,94","1909","1905","ОК","ОК",
21-май-2026,16:27:01.969,"0,0","None","0,00","19020111","19020111","528,3","5,6","5,6","234","20","269","274","270","270","292","285","281","283","270","282","282","277","267","294","289","307","30,1","30,2","Главный","Главный","0","0","0,00","0,00","1548","1555","0,00","0,00","1","144","0","0","0","0","0","0","27,5","27,6","1,8","2,9","0,0","0,0","3,1","3,0","3,1","3,1","2,7","2,8","2,9","2,9","3,1","2,9","2,9","2,9","3,1","2,7","2,8","2,5","0,0","0,0","0,00","0,00","Нет","Нет","Разомкнут","Разомкнут","Выкл.","Выкл.","0","0","0","0","Не задано","Не задано","Допустимый сигнал","Допустимый сигнал","Синхронизация поддерживается","Синхронизация поддерживается","Допустимый сигнал","Допустимый сигнал","Синхронизация поддерживается","Синхронизация поддерживается","284,3","277,8","279,5","61","59","0,00","0,00","5,00","5,00","5,00","5,00","5,00","5,00","5,00","5,00","1903","1898","ОК","ОК",
21-май-2026,16:27:02.969,"0,0","None","0,00","19020111","19020111","527,9","5,6","5,6","234","31","269","274","270","270","292","285","281","283","269","282","282","277","267","294","288","306","30,1","30,1","Главный","Главный","0","0","0,00","0,00","1545","1550","0,00","0,00","1","144","0","0","0","0","0","0","27,6","27,6","1,8","2,9","0,0","0,0","3,1","3,0","3,1","3,1","2,7","2,8","2,9","2,9","3,1","2,9","2,9","2,9","3,1","2,7","2,8","2,5","0,0","0,0","0,00","0,00","Нет","Нет","Разомкнут","Разомкнут","Выкл.","Выкл.","0","0","0","0","Не задано","Не задано","Допустимый сигнал","Допустимый сигнал","Синхронизация поддерживается","Синхронизация поддерживается","Допустимый сигнал","Допустимый сигнал","Синхронизация поддерживается","Синхронизация поддерживается","284,0","277,3","279,3","61","59","0,00","0,00","5,00","5,00","5,00","5,00","5,00","5,00","5,00","4,94","1907","1902","ОК","ОК",
21-май-2026,16:27:03.969,"0,0","None","0,00","19020111","19020111","524,1","5,6","5,6","234","23","269","274","270","270","292","285","280","282","269","282","282","277","267","294","288","306","30,1","30,1","Главный","Главный","0","0","0,00","0,00","1508","1555","0,00","0,00","1","144","0","0","0","0","0","0","27,6","27,6","1,8","3,0","0,0","0,0","3,1","3,0","3,1","3,1","2,7","2,8","2,9","2,9","3,1","2,9","2,9","2,9","3,1","2,7","2,8","2,5","0,0","0,0","0,00","0,00","Нет","Нет","Разомкнут","Разомкнут","Выкл.","Выкл.","0","0","0","0","Не задано","Не задано","Допустимый сигнал","Допустимый сигнал","Синхронизация поддерживается","Синхронизация поддерживается","Допустимый сигнал","Допустимый сигнал","Синхронизация поддерживается","Синхронизация поддерживается","283,8","277,3","279,0","61","59","0,00","0,00","5,00","5,00","5,00","5,00","5,00","5,00","5,00","5,00","1906","1904","ОК","ОК",
21-май-2026,16:27:04.969,"0,0","None","0,00","19020111","19020111","531,0","5,6","5,6","234","33","269","274","270","270","291","285","280","282","269","282","282","277","267","293","288","306","30,2","30,2","Главный","Главный","0","0","0,00","0,00","1548","1535","0,00","0,00","1","144","0","0","0","0","0","0","27,6","27,6","1,8","3,0","0,0","0,0","3,1","3,0","3,1","3,1","2,7","2,8","2,9","2,9","3,1","2,9","2,9","2,9","3,1","2,7","2,8","2,5","0,0","0,0","0,00","0,00","Нет","Нет","Разомкнут","Разомкнут","Выкл.","Выкл.","0","0","0","0","Не задано","Не задано","Допустимый сигнал","Допустимый сигнал","Синхронизация поддерживается","Синхронизация поддерживается","Допустимый сигнал","Допустимый сигнал","Синхронизация поддерживается","Синхронизация поддерживается","283,8","277,3","279,0","61","59","0,00","0,00","5,00","5,00","5,00","5,00","5,00","5,00","5,00","4,94","1903","1902","ОК","ОК",
21-май-2026,16:27:05.969,"0,0","None","0,00","19020111","19020111","532,3","5,6","5,6","233","22","268","274","270","269","290","284","280","282","269","282","282","276","266","293","288","305","30,2","30,2","Главный","Главный","0","0","0,00","0,00","1562","1530","0,00","0,00","1","144","0","0","0","0","0","0","27,6","27,5","1,8","3,0","0,0","0,0","3,1","3,0","3,1","3,1","2,8","2,8","2,9","2,9","3,1","2,9","2,9","2,9","3,1","2,7","2,8","2,5","0,0","0,0","0,00","0,00","Нет","Нет","Разомкнут","Разомкнут","Выкл.","Выкл.","0","0","0","0","Не задано","Не задано","Допустимый сигнал","Допустимый сигнал","Синхронизация поддерживается","Синхронизация поддерживается","Допустимый сигнал","Допустимый сигнал","Синхронизация поддерживается","Синхронизация поддерживается","283,3","277,0","279,0","61","59","0,00","0,00","5,00","5,00","5,00","5,00","5,00","5,00","5,00","5,00","1900","1896","ОК","ОК",
21-май-2026,16:27:06.969,"0,0","None","0,00","19020111","19020111","521,5","5,6","5,6","232","12","268","273","270","269","290","284","280","282","269","282","282","276","266","293","287","305","30,2","30,2","Главный","Главный","0","0","0,00","0,00","1552","1570","0,00","0,00","1","144","0","0","0","0","0","0","27,6","27,6","1,7","3,0","0,0","0,0","3,1","3,0","3,1","3,1","2,8","2,8","2,9","2,9","3,1","2,9","2,9","2,9","3,1","2,7","2,8","2,5","0,0","0,0","0,00","0,00","Нет","Нет","Разомкнут","Разомкнут","Выкл.","Выкл.","0","0","0","0","Не задано","Не задано","Допустимый сигнал","Допустимый сигнал","Синхронизация поддерживается","Синхронизация поддерживается","Допустимый сигнал","Допустимый сигнал","Синхронизация поддерживается","Синхронизация поддерживается","283,3","276,8","278,8","61","60","0,00","0,00","5,00","5,00","5,00","5,00","5,00","5,00","5,00","4,94","1899","1897","ОК","ОК",
21-май-2026,16:27:07.969,"0,0","None","0,00","19020111","19020111","517,5","5,6","5,6","233","14","268","273","269","269","290","284","280","282","268","282","281","276","266","292","287","304","30,1","30,1","Главный","Главный","0","0","0,00","0,00","1540","1523","0,00","0,00","1","144","0","0","0","0","0","0","27,6","27,6","1,7","3,0","0,0","0,0","3,1","3,0","3,1","3,1","2,8","2,8","2,9","2,9","3,1","2,9","2,9","2,9","3,1","2,7","2,8","2,5","0,0","0,0","0,00","0,00","Нет","Нет","Разомкнут","Разомкнут","Выкл.","Выкл.","0","0","0","0","Не задано","Не задано","Допустимый сигнал","Допустимый сигнал","Синхронизация поддерживается","Синхронизация поддерживается","Допустимый сигнал","Допустимый сигнал","Синхронизация поддерживается","Синхронизация поддерживается","283,0","276,5","278,5","61","60","0,00","0,00","5,00","5,00","5,00","5,00","5,00","5,00","5,00","5,00","1900","1897","ОК","ОК",
21-май-2026,16:27:08.969,"0,0","None","0,00","19020111","19020111","532,5","5,6","5,6","233","30","268","273","269","269","290","284","279","282","268","281","281","276","266","292","286","304","30,1","30,1","Главный","Главный","0","0","0,00","0,00","1540","1540","0,00","0,00","1","144","0","0","0","0","0","0","27,6","27,6","1,8","3,0","0,0","0,0","3,1","3,0","3,1","3,1","2,8","2,8","2,9","2,9","3,1","2,9","2,9","2,9","3,1","2,7","2,8","2,5","0,0","0,0","0,00","0,00","Нет","Нет","Разомкнут","Разомкнут","Выкл.","Выкл.","0","0","0","0","Не задано","Не задано","Допустимый сигнал","Допустимый сигнал","Синхронизация поддерживается","Синхронизация поддерживается","Допустимый сигнал","Допустимый сигнал","Синхронизация поддерживается","Синхронизация поддерживается","282,5","276,3","278,5","61","60","0,00","0,00","5,00","5,00","5,00","5,00","5,00","5,00","5,00","4,94","1894","1892","ОК","ОК",
21-май-2026,16:27:09.969,"0,0","None","0,00","19020111","19020111","527,8","5,6","5,6","233","33","268","273","269","269","290","284","279","282","268","281","281","276","266","292","286","304","30,1","30,1","Главный","Главный","0","0","0,00","0,00","1545","1533","0,00","0,00","1","144","0","0","0","0","0","0","27,5","27,6","1,8","3,0","0,0","0,0","3,1","3,0","3,1","3,1","2,8","2,8","2,9","2,9","3,1","2,9","2,9","2,9","3,1","2,7","2,8","2,5","0,0","0,0","0,00","0,00","Нет","Нет","Разомкнут","Разомкнут","Выкл.","Выкл.","0","0","0","0","Не задано","Не задано","Допустимый сигнал","Допустимый сигнал","Синхронизация поддерживается","Синхронизация поддерживается","Допустимый сигнал","Допустимый сигнал","Синхронизация поддерживается","Синхронизация поддерживается","282,3","276,3","278,3","61","60","0,00","0,00","5,00","5,00","5,00","5,00","5,00","5,00","5,00","4,94","1897","1895","ОК","ОК",
21-май-2026,16:27:10.969,"0,0","None","0,00","19020111","19020111","529,9","5,6","5,6","234","28","268","273","268","269","289","284","279","282","268","281","281","276","266","292","286","302","30,1","30,1","Главный","Главный","0","0","0,00","0,00","1545","1552","0,00","0,00","1","144","0","0","0","0","0","0","27,6","27,6","1,8","3,0","0,0","0,0","3,1","3,0","3,1","3,1","2,8","2,8","2,9","2,9","3,1","2,9","2,9","2,9","3,1","2,7","2,8","2,6","0,0","0,0","0,00","0,00","Нет","Нет","Разомкнут","Разомкнут","Выкл.","Выкл.","0","0","0","0","Не задано","Не задано","Допустимый сигнал","Допустимый сигнал","Синхронизация поддерживается","Синхронизация поддерживается","Допустимый сигнал","Допустимый сигнал","Синхронизация поддерживается","Синхронизация поддерживается","282,0","276,0","278,3","61","60","0,00","0,00","5,00","5,00","5,00","5,00","5,00","5,00","5,00","4,94","1895","1898","ОК","ОК",
21-май-2026,16:27:11.969,"0,0","None","0,00","19020111","19020111","515,4","5,6","5,6","234","13","268","272","268","268","289","284","279","282","268","281","280","276","266","292","285","302","30,1","30,1","Главный","Главный","0","0","0,00","0,00","1562","1552","0,00","0,00","1","144","0","0","0","0","0","0","27,6","27,6","1,7","3,0","0,0","0,0","3,1","3,0","3,1","3,1","2,8","2,8","2,9","2,9","3,1","2,9","2,9","2,9","3,1","2,7","2,8","2,6","0,0","0,0","0,00","0,00","Нет","Нет","Разомкнут","Разомкнут","Выкл.","Выкл.","0","0","0","0","Не задано","Не задано","Допустимый сигнал","Допустимый сигнал","Синхронизация поддерживается","Синхронизация поддерживается","Допустимый сигнал","Допустимый сигнал","Синхронизация поддерживается","Синхронизация поддерживается","282,0","276,0","278,0","61","60","0,00","0,00","5,00","5,00","5,00","5,00","5,00","5,00","5,00","4,94","1863","1898","ОК","ОК",
21-май-2026,16:27:12.969,"0,0","None","0,00","19020111","19020111","515,4","5,6","5,6","234","13","268","272","268","268","289","284","279","282","268","280","280","276","266","291","285","302","30,1","30,1","Главный","Главный","0","0","0,00","0,00","1562","1540","0,00","0,00","1","144","0","0","0","0","0","0","27,6","27,6","1,7","3,0","0,0","0,0","3,1","3,0","3,1","3,1","2,8","2,8","2,9","2,9","3,1","2,9","2,9","3,0","3,1","2,7","2,8","2,6","0,0","0,0","0,00","0,00","Нет","Нет","Разомкнут","Разомкнут","Выкл.","Выкл.","0","0","0","0","Не задано","Не задано","Допустимый сигнал","Допустимый сигнал","Синхронизация поддерживается","Синхронизация поддерживается","Допустимый сигнал","Допустимый сигнал","Синхронизация поддерживается","Синхронизация поддерживается","282,0","276,0","278,0","61","60","0,00","0,00","5,00","5,00","5,00","5,00","5,00","5,00","5,00","5,00","1863","1873","ОК","ОК",
21-май-2026,16:27:13.969,"0,0","None","0,00","19020111","19020111","536,4","5,6","5,6","233","34","268","272","268","268","289","283","278","282","268","280","280","275","265","291","285","302","30,1","30,1","Главный","Главный","0","0","0,00","0,00","1572","1538","0,00","0,00","1","144","0","0","0","0","0","0","27,6","27,6","1,8","3,0","0,0","0,0","3,1","3,0","3,1","3,1","2,8","2,9","2,9","2,9","3,1","2,9","2,9","3,0","3,1","2,7","2,8","2,6","0,0","0,0","0,00","0,00","Нет","Нет","Разомкнут","Разомкнут","Выкл.","Выкл.","0","0","0","0","Не задано","Не задано","Допустимый сигнал","Допустимый сигнал","Синхронизация поддерживается","Синхронизация поддерживается","Допустимый сигнал","Допустимый сигнал","Синхронизация поддерживается","Синхронизация поддерживается","281,5","275,5","277,8","61","60","0,00","0,00","5,00","5,00","5,00","5,00","5,00","5,00","4,94","5,00","1908","1911","ОК","ОК",
21-май-2026,16:27:14.969,"0,0","None","0,00","19020111","19020111","531,0","5,6","5,6","235","30","268","272","268","268","288","283","278","282","268","280","280","275","265","291","284","301","30,1","30,1","Главный","Главный","0","0","0,00","0,00","1528","1523","0,00","0,00","1","144","0","0","0","0","0","0","27,6","27,6","1,8","3,0","0,0","0,0","3,1","3,0","3,1","3,1","2,8","2,9","2,9","2,9","3,1","2,9","2,9","3,0","3,1","2,8","2,8","2,6","0,0","0,0","0,00","0,00","Нет","Нет","Разомкнут","Разомкнут","Выкл.","Выкл.","0","0","0","0","Не задано","Не задано","Допустимый сигнал","Допустимый сигнал","Синхронизация поддерживается","Синхронизация поддерживается","Допустимый сигнал","Допустимый сигнал","Синхронизация поддерживается","Синхронизация поддерживается","281,5","275,5","277,5","61","60","0,00","0,00","5,00","5,00","5,00","5,00","5,00","5,00","5,00","4,94","1898","1901","ОК","ОК",
21-май-2026,16:27:15.969,"0,0","None","0,00","19020111","19020111","527,5","5,6","5,6","234","21","268","272","268","268","288","283","278","282","268","280","280","275","265","290","284","301","30,1","30,1","Главный","Главный","0","0","0,00","0,00","1555","1545","0,00","0,00","1","144","0","0","0","0","0","0","27,6","27,6","1,8","3,0","0,0","0,0","3,1","3,0","3,1","3,1","2,8","2,9","2,9","2,9","3,1","2,9","2,9","3,0","3,1","2,8","2,8","2,6","0,0","0,0","0,00","0,00","Нет","Нет","Разомкнут","Разомкнут","Выкл.","Выкл.","0","0","0","0","Не задано","Не задано","Допустимый сигнал","Допустимый сигнал","Синхронизация поддерживается","Синхронизация поддерживается","Допустимый сигнал","Допустимый сигнал","Синхронизация поддерживается","Синхронизация поддерживается","281,3","275,3","277,5","61","60","0,00","0,00","5,00","5,00","5,00","5,00","5,00","5,00","5,00","5,00","1906","1902","ОК","ОК",
21-май-2026,16:27:16.969,"0,0","None","0,00","19020111","19020111","522,0","5,6","5,6","234","15","268","272","267","268","288","283","278","282","268","280","280","275","265","290","284","300","30,0","30,0","Главный","Главный","0","0","0,00","0,00","1560","1533","0,00","0,00","1","144","0","0","0","0","0","0","27,6","27,6","1,8","3,0","0,0","0,0","3,1","3,1","3,1","3,1","2,8","2,9","2,9","2,9","3,1","2,9","2,9","3,0","3,1","2,8","2,9","2,6","0,0","0,0","0,00","0,00","Нет","Нет","Разомкнут","Разомкнут","Выкл.","Выкл.","0","0","0","0","Не задано","Не задано","Допустимый сигнал","Допустимый сигнал","Синхронизация поддерживается","Синхронизация поддерживается","Допустимый сигнал","Допустимый сигнал","Синхронизация поддерживается","Синхронизация поддерживается","281,0","275,0","277,3","61","60","0,00","0,00","5,00","5,00","5,00","5,00","5,00","5,00","5,00","5,00","1896","1902","ОК","ОК",
21-май-2026,16:27:17.969,"0,0","None","0,00","19020111","19020111","526,4","5,6","5,6","234","23","267","272","267","268","288","282","278","282","268","280","280","274","264","290","283","300","30,0","30,1","Главный","Главный","0","0","0,00","0,00","1570","1562","0,00","0,00","1","144","0","0","0","0","0","0","27,5","27,6","1,8","3,0","0,0","0,0","3,1","3,1","3,1","3,1","2,8","2,9","2,9","2,9","3,1","2,9","2,9","3,0","3,1","2,8","2,9","2,6","0,0","0,0","0,00","0,00","Нет","Нет","Разомкнут","Разомкнут","Выкл.","Выкл.","0","0","0","0","Не задано","Не задано","Допустимый сигнал","Допустимый сигнал","Синхронизация поддерживается","Синхронизация поддерживается","Допустимый сигнал","Допустимый сигнал","Синхронизация поддерживается","Синхронизация поддерживается","280,8","275,0","277,3","61","60","0,00","0,00","5,00","5,00","5,00","5,00","5,00","5,00","5,00","4,94","1899","1902","ОК","ОК",
21-май-2026,16:27:18.969,"0,0","None","0,00","19020111","19020111","526,4","5,6","5,6","234","23","267","272","267","268","288","282","278","282","268","280","280","274","264","290","283","300","30,0","30,1","Главный","Главный","0","0","0,00","0,00","1570","1562","0,00","0,00","1","144","0","0","0","0","0","0","27,5","27,6","1,8","3,0","0,0","0,0","3,1","3,1","3,1","3,1","2,8","2,9","2,9","2,9","3,1","2,9","2,9","3,0","3,1","2,8","2,9","2,6","0,0","0,0","0,00","0,00","Нет","Нет","Разомкнут","Разомкнут","Выкл.","Выкл.","0","0","0","0","Не задано","Не задано","Допустимый сигнал","Допустимый сигнал","Синхронизация поддерживается","Синхронизация поддерживается","Допустимый сигнал","Допустимый сигнал","Синхронизация поддерживается","Синхронизация поддерживается","280,8","275,0","277,3","61","60","0,00","0,00","5,00","5,00","5,00","5,00","5,00","5,00","5,00","4,94","1899","1902","ОК","ОК",
21-май-2026,16:27:19.969,"0,0","None","0,00","19020111","19020111","531,3","5,6","5,6","236","30","267","272","267","268","287","282","278","281","267","280","280","274","264","290","283","299","30,0","30,0","Главный","Главный","0","0","0,00","0,00","1552","1574","0,00","0,00","1","144","0","0","0","0","0","0","27,6","27,6","1,8","3,0","0,0","0,0","3,1","3,1","3,1","3,1","2,8","2,9","2,9","2,9","3,1","2,9","2,9","3,0","3,2","2,8","2,9","2,6","0,0","0,0","0,00","0,00","Нет","Нет","Разомкнут","Разомкнут","Выкл.","Выкл.","0","0","0","0","Не задано","Не задано","Допустимый сигнал","Допустимый сигнал","Синхронизация поддерживается","Синхронизация поддерживается","Допустимый сигнал","Допустимый сигнал","Синхронизация поддерживается","Синхронизация поддерживается","280,3","274,8","276,8","61","60","0,00","0,00","5,00","5,00","5,00","5,00","5,00","5,00","5,00","4,94","1909","1904","ОК","ОК",
21-май-2026,16:27:20.969,"0,0","None","0,00","19020111","19020111","524,8","5,6","5,6","236","29","267","271","267","268","287","282","278","281","267","280","280","274","264","290","282","299","30,0","30,0","Главный","Главный","0","0","0,00","0,00","1562","1574","0,00","0,00","1","144","0","0","0","0","0","0","27,6","27,6","1,8","3,0","0,0","0,0","3,1","3,1","3,1","3,1","2,8","2,9","2,9","2,9","3,1","2,9","2,9","3,0","3,2","2,8","2,9","2,6","0,0","0,0","0,00","0,00","Нет","Нет","Разомкнут","Разомкнут","Выкл.","Выкл.","0","0","0","0","Не задано","Не задано","Допустимый сигнал","Допустимый сигнал","Синхронизация поддерживается","Синхронизация поддерживается","Допустимый сигнал","Допустимый сигнал","Синхронизация поддерживается","Синхронизация поддерживается","280,3","274,5","276,8","61","60","0,00","0,00","5,00","5,00","5,00","5,00","5,00","5,00","4,94","4,94","1903","1904","ОК","ОК",
21-май-2026,16:27:21.969,"0,0","None","0,00","19020111","19020111","525,0","5,6","5,6","235","23","267","271","267","268","287","282","278","281","267","279","280","274","264","290","282","299","30,0","30,0","Главный","Главный","0","0","0,00","0,00","1562","1535","0,00","0,00","1","144","0","0","0","0","0","0","27,6","27,6","1,8","3,0","0,0","0,0","3,1","3,1","3,1","3,1","2,8","2,9","2,9","2,9","3,1","2,9","2,9","3,0","3,2","2,8","2,9","2,6","0,0","0,0","0,00","0,00","Нет","Нет","Разомкнут","Разомкнут","Выкл.","Выкл.","0","0","0","0","Не задано","Не задано","Допустимый сигнал","Допустимый сигнал","Синхронизация поддерживается","Синхронизация поддерживается","Допустимый сигнал","Допустимый сигнал","Синхронизация поддерживается","Синхронизация поддерживается","280,3","274,5","276,5","61","60","0,00","0,00","5,00","5,00","5,00","5,00","5,00","5,00","4,94","5,00","1908","1908","ОК","ОК",
21-май-2026,16:27:22.969,"0,0","None","0,00","19020111","19020111","532,8","5,6","5,6","234","25","267","271","267","268","287","282","277","281","267","279","279","274","264","289","282","299","30,0","30,0","Главный","Главный","0","0","0,00","0,00","1535","1530","0,00","0,00","1","144","0","0","0","0","0","0","27,6","27,6","1,8","3,0","0,0","0,0","3,1","3,1","3,1","3,1","2,8","2,9","2,9","2,9","3,1","2,9","2,9","3,0","3,2","2,8","2,9","2,6","0,0","0,0","0,00","0,00","Нет","Нет","Разомкнут","Разомкнут","Выкл.","Выкл.","0","0","0","0","Не задано","Не задано","Допустимый сигнал","Допустимый сигнал","Синхронизация поддерживается","Синхронизация поддерживается","Допустимый сигнал","Допустимый сигнал","Синхронизация поддерживается","Синхронизация поддерживается","280,0","274,3","276,5","61","60","0,00","0,00","5,00","5,00","5,00","5,00","5,00","5,00","5,00","5,00","1904","1907","ОК","ОК",
21-май-2026,16:27:23.969,"0,0","None","0,00","19020111","19020111","522,3","5,6","5,6","236","27","267","271","267","267","286","282","277","281","267","279","279","274","264","289","282","298","30,0","30,0","Главный","Главный","0","0","0,00","0,00","1540","1552","0,00","0,00","1","144","0","0","0","0","0","0","27,6","27,6","1,8","3,0","0,0","0,0","3,1","3,1","3,1","3,1","2,8","2,9","2,9","2,9","3,1","2,9","2,9","3,0","3,2","2,8","2,9","2,6","0,0","0,0","0,00","0,00","Нет","Нет","Разомкнут","Разомкнут","Выкл.","Выкл.","0","0","0","0","Не задано","Не задано","Допустимый сигнал","Допустимый сигнал","Синхронизация поддерживается","Синхронизация поддерживается","Допустимый сигнал","Допустимый сигнал","Синхронизация поддерживается","Синхронизация поддерживается","279,8","274,0","276,3","61","60","0,00","0,00","5,00","5,00","5,00","5,00","5,00","5,00","5,00","5,00","1902","1906","ОК","ОК",
21-май-2026,16:27:24.969,"0,0","None","0,00","19020111","19020111","525,5","5,6","5,6","235","22","267","271","266","267","286","282","277","281","267","279","279","274","264","288","281","298","30,0","30,0","Главный","Главный","0","0","0,00","0,00","1555","1552","0,00","0,00","1","144","0","0","0","0","0","0","27,5","27,5","1,8","3,0","0,0","0,0","3,1","3,1","3,1","3,1","2,8","2,9","2,9","2,9","3,1","2,9","2,9","3,0","3,2","2,8","2,9","2,6","0,0","0,0","0,00","0,00","Нет","Нет","Разомкнут","Разомкнут","Выкл.","Выкл.","0","0","0","0","Не задано","Не задано","Допустимый сигнал","Допустимый сигнал","Синхронизация поддерживается","Синхронизация поддерживается","Допустимый сигнал","Допустимый сигнал","Синхронизация поддерживается","Синхронизация поддерживается","279,5","274,0","276,3","61","60","0,00","0,00","5,00","5,00","5,00","5,00","5,00","5,00","5,00","4,94","1907","1909","ОК","ОК",
21-май-2026,16:27:25.969,"0,0","None","0,00","19020111","19020111","523,1","5,6","5,6","236","16","267","271","266","267","286","282","276","281","267","279","278","274","264","288","281","298","30,0","30,0","Главный","Главный","0","0","0,00","0,00","1552","1548","0,00","0,00","1","144","0","0","0","0","0","0","27,6","27,6","1,8","3,0","0,0","0,0","3,1","3,1","3,1","3,1","2,8","2,9","2,9","2,9","3,1","2,9","2,9","3,0","3,2","2,8","2,9","2,6","0,0","0,0","0,00","0,00","Нет","Нет","Разомкнут","Разомкнут","Выкл.","Выкл.","0","0","0","0","Не задано","Не задано","Допустимый сигнал","Допустимый сигнал","Синхронизация поддерживается","Синхронизация поддерживается","Допустимый сигнал","Допустимый сигнал","Синхронизация поддерживается","Синхронизация поддерживается","279,3","273,8","276,0","61","60","0,00","0,00","5,00","5,00","5,00","5,00","5,00","5,00","5,00","4,94","1908","1908","ОК","ОК",
21-май-2026,16:27:26.969,"0,0","None","0,00","19020111","19020111","514,9","5,6","5,6","235","11","266","270","266","267","285","282","276","281","267","278","278","273","263","288","281","297","30,0","30,0","Главный","Главный","0","0","0,00","0,00","1567","1574","0,00","0,00","1","144","0","0","0","0","0","0","27,6","27,5","1,7","3,0","0,0","0,0","3,1","3,1","3,1","3,1","2,8","2,9","2,9","2,9","3,1","2,9","2,9","3,0","3,2","2,8","2,9","2,6","0,0","0,0","0,00","0,00","Нет","Нет","Разомкнут","Разомкнут","Выкл.","Выкл.","0","0","0","0","Не задано","Не задано","Допустимый сигнал","Допустимый сигнал","Синхронизация поддерживается","Синхронизация поддерживается","Допустимый сигнал","Допустимый сигнал","Синхронизация поддерживается","Синхронизация поддерживается","279,0","273,8","276,0","61","60","0,00","0,00","5,00","5,00","5,00","5,00","5,00","5,00","5,00","5,00","1907","1905","ОК","ОК",
21-май-2026,16:27:27.969,"0,0","None","0,00","19020111","19020111","515,0","5,6","5,6","236","13","266","270","266","267","285","281","276","280","266","278","278","274","263","288","280","297","30,0","30,0","Главный","Главный","0","0","0,00","0,00","1538","1540","0,00","0,00","1","144","0","0","0","0","0","0","27,4","27,6","1,7","3,0","0,0","0,0","3,1","3,1","3,1","3,1","2,8","2,9","2,9","2,9","3,1","2,9","2,9","3,0","3,2","2,8","2,9","2,6","0,0","0,0","0,00","0,00","Нет","Нет","Разомкнут","Разомкнут","Выкл.","Выкл.","0","0","0","0","Не задано","Не задано","Допустимый сигнал","Допустимый сигнал","Синхронизация поддерживается","Синхронизация поддерживается","Допустимый сигнал","Допустимый сигнал","Синхронизация поддерживается","Синхронизация поддерживается","278,8","273,5","275,8","61","60","0,00","0,00","5,00","5,00","5,00","5,00","5,00","5,00","5,00","4,94","1910","1909","ОК","ОК",
21-май-2026,16:27:28.969,"0,0","None","0,00","19020111","19020111","524,8","5,6","5,6","235","30","266","270","266","267","285","281","276","280","266","278","278","274","263","288","280","297","30,0","30,0","Главный","Главный","0","0","0,00","0,00","1543","1540","0,00","0,00","1","144","0","0","0","0","0","0","27,5","27,6","1,8","3,0","0,0","0,0","3,1","3,1","3,1","3,1","2,8","2,9","2,9","2,9","3,1","2,9","2,9","3,0","3,2","2,8","2,9","2,6","0,0","0,0","0,00","0,00","Нет","Нет","Разомкнут","Разомкнут","Выкл.","Выкл.","0","0","0","0","Не задано","Не задано","Допустимый сигнал","Допустимый сигнал","Синхронизация поддерживается","Синхронизация поддерживается","Допустимый сигнал","Допустимый сигнал","Синхронизация поддерживается","Синхронизация поддерживается","278,8","273,3","275,5","61","60","0,00","0,00","5,00","5,00","5,00","5,00","5,00","5,00","4,94","4,94","1910","1909","ОК","ОК",
21-май-2026,16:27:29.969,"0,0","None","0,00","19020111","19020111","521,9","5,6","5,6","235","25","266","270","266","266","285","281","276","280","266","278","278","273","263","288","280","296","30,0","30,0","Главный","Главный","0","0","0,00","0,00","1562","1565","0,00","0,00","1","144","0","0","0","0","0","0","27,5","27,6","1,7","3,0","0,0","0,0","3,1","3,1","3,1","3,1","2,8","2,9","2,9","2,9","3,1","2,9","2,9","3,0","3,2","2,8","2,9","2,6","0,0","0,0","0,00","0,00","Нет","Нет","Разомкнут","Разомкнут","Выкл.","Выкл.","0","0","0","0","Не задано","Не задано","Допустимый сигнал","Допустимый сигнал","Синхронизация поддерживается","Синхронизация поддерживается","Допустимый сигнал","Допустимый сигнал","Синхронизация поддерживается","Синхронизация поддерживается","278,8","273,3","275,5","61","60","0,00","0,00","5,00","5,00","5,00","5,00","5,00","5,00","5,00","5,00","1868","1897","ОК","ОК",
21-май-2026,16:27:30.969,"0,0","None","0,00","19020111","19020111","525,9","5,6","5,6","233","30","266","270","266","266","284","281","276","280","266","278","278","273","263","288","280","296","30,0","30,0","Главный","Главный","0","0","0,00","0,00","1550","1540","0,00","0,00","1","144","0","0","0","0","0","0","27,5","27,6","1,8","3,0","0,0","0,0","3,1","3,1","3,1","3,1","2,8","2,9","3,0","2,9","3,1","2,9","2,9","3,0","3,2","2,8","2,9","2,6","0,0","0,0","0,00","0,00","Нет","Нет","Разомкнут","Разомкнут","Выкл.","Выкл.","0","0","0","0","Не задано","Не задано","Допустимый сигнал","Допустимый сигнал","Синхронизация поддерживается","Синхронизация поддерживается","Допустимый сигнал","Допустимый сигнал","Синхронизация поддерживается","Синхронизация поддерживается","278,5","273,0","275,3","61","60","0,00","0,00","5,00","5,00","5,00","5,00","5,00","5,00","5,00","5,00","1906","1884","ОК","ОК",
21-май-2026,16:27:31.969,"0,0","None","0,00","19020111","19020111","559,3","5,6","5,6","241","54","266","270","266","266","284","281","276","280","266","278","278","273","263","287","280","296","30,0","30,0","Главный","Главный","0","0","0,00","0,00","1557","1552","0,00","0,00","1","144","0","0","0","0","0","0","27,6","27,5","1,8","3,1","0,0","0,0","3,1","3,1","3,1","3,1","2,8","2,9","3,0","2,9","3,1","2,9","2,9","3,0","3,2","2,8","2,9","2,6","0,0","0,0","0,00","0,00","Нет","Нет","Разомкнут","Разомкнут","Выкл.","Выкл.","0","0","0","0","Не задано","Не задано","Допустимый сигнал","Допустимый сигнал","Синхронизация поддерживается","Синхронизация поддерживается","Допустимый сигнал","Допустимый сигнал","Синхронизация поддерживается","Синхронизация поддерживается","278,5","273,0","275,0","62","60","0,00","0,00","5,00","5,00","5,00","5,00","5,00","5,00","5,00","4,94","1915","1914","ОК","ОК",
21-май-2026,16:27:32.969,"0,0","None","0,00","19020111","19020111","564,3","5,6","5,6","243","59","266","270","266","266","284","280","276","280","266","278","278","273","262","287","279","296","29,9","29,9","Главный","Главный","0","0","0,00","0,00","1560","1548","0,00","0,00","1","144","0","0","0","0","0","0","27,6","27,5","1,8","3,1","0,0","0,0","3,1","3,1","3,1","3,1","2,8","2,9","3,0","2,9","3,1","2,9","2,9","3,0","3,2","2,8","2,9","2,6","0,0","0,0","0,00","0,00","Нет","Нет","Разомкнут","Разомкнут","Выкл.","Выкл.","0","0","0","0","Не задано","Не задано","Допустимый сигнал","Допустимый сигнал","Синхронизация поддерживается","Синхронизация поддерживается","Допустимый сигнал","Допустимый сигнал","Синхронизация поддерживается","Синхронизация поддерживается","278,3","272,8","275,0","62","60","0,00","0,00","5,00","5,00","5,00","5,00","5,00","5,00","5,00","4,94","1914","1912","ОК","ОК",
21-май-2026,16:27:33.969,"0,0","None","0,00","19020111","19020111","564,3","5,6","5,6","243","59","266","270","266","266","284","280","276","280","266","278","278","273","262","287","279","296","29,9","29,9","Главный","Главный","0","0","0,00","0,00","1560","1548","0,00","0,00","1","144","0","0","0","0","0","0","27,6","27,5","1,8","3,1","0,0","0,0","3,1","3,1","3,1","3,1","2,8","2,9","3,0","2,9","3,1","2,9","2,9","3,0","3,2","2,8","2,9","2,6","0,0","0,0","0,00","0,00","Нет","Нет","Разомкнут","Разомкнут","Выкл.","Выкл.","0","0","0","0","Не задано","Не задано","Допустимый сигнал","Допустимый сигнал","Синхронизация поддерживается","Синхронизация поддерживается","Допустимый сигнал","Допустимый сигнал","Синхронизация поддерживается","Синхронизация поддерживается","278,3","272,8","275,0","62","60","0,00","0,00","5,00","5,00","5,00","5,00","5,00","5,00","5,00","4,94","1914","1912","ОК","ОК",
21-май-2026,16:27:34.969,"0,0","None","0,00","19020111","19020111","559,0","5,6","5,6","242","66","266","270","266","266","284","280","275","280","266","278","277","272","262","287","279","295","29,9","29,9","Главный","Главный","0","0","0,00","0,00","1540","1565","0,00","0,00","1","144","0","0","0","0","0","0","27,6","27,6","1,8","3,1","0,0","0,0","3,1","3,1","3,1","3,1","2,8","2,9","3,0","2,9","3,1","2,9","2,9","3,0","3,2","2,8","2,9","2,6","0,0","0,0","0,00","0,00","Нет","Нет","Разомкнут","Разомкнут","Выкл.","Выкл.","0","0","0","0","Не задано","Не задано","Допустимый сигнал","Допустимый сигнал","Синхронизация поддерживается","Синхронизация поддерживается","Допустимый сигнал","Допустимый сигнал","Синхронизация поддерживается","Синхронизация поддерживается","277,8","272,8","274,8","62","60","0,00","0,00","5,00","5,00","5,00","5,00","5,00","5,00","5,00","5,00","1912","1911","ОК","ОК",
21-май-2026,16:27:35.969,"0,0","None","0,00","19020111","19020111","551,9","5,6","5,6","243","53","266","270","265","266","284","280","275","280","266","278","277","272","262","286","278","295","29,9","29,9","Главный","Главный","0","0","0,00","0,00","1545","1528","0,00","0,00","1","144","0","0","0","0","0","0","27,6","27,6","1,8","3,1","0,0","0,0","3,1","3,1","3,1","3,1","2,8","2,9","3,0","2,9","3,1","2,9","2,9","3,0","3,2","2,8","2,9","2,7","0,0","0,0","0,00","0,00","Нет","Нет","Разомкнут","Разомкнут","Выкл.","Выкл.","0","0","0","0","Не задано","Не задано","Допустимый сигнал","Допустимый сигнал","Синхронизация поддерживается","Синхронизация поддерживается","Допустимый сигнал","Допустимый сигнал","Синхронизация поддерживается","Синхронизация поддерживается","277,8","272,5","274,8","62","60","0,00","0,00","5,00","5,00","5,00","5,00","5,00","5,00","5,00","5,00","1891","1913","ОК","ОК",
21-май-2026,16:27:36.969,"0,0","None","0,00","19020111","19020111","548,6","5,6","5,6","239","56","266","269","265","266","283","280","274","280","266","278","277","272","262","286","278","294","29,9","29,9","Главный","Главный","0","0","0,00","0,00","1560","1548","0,00","0,00","1","144","0","0","0","0","0","0","27,6","27,6","1,8","3,0","0,0","0,0","3,1","3,1","3,1","3,1","2,9","2,9","3,0","2,9","3,1","2,9","2,9","3,0","3,2","2,8","2,9","2,7","0,0","0,0","0,00","0,00","Нет","Нет","Разомкнут","Разомкнут","Выкл.","Выкл.","0","0","0","0","Не задано","Не задано","Допустимый сигнал","Допустимый сигнал","Синхронизация поддерживается","Синхронизация поддерживается","Допустимый сигнал","Допустимый сигнал","Синхронизация поддерживается","Синхронизация поддерживается","277,5","272,3","274,5","62","60","0,00","0,00","5,00","5,00","5,00","5,00","5,00","5,00","5,00","4,94","1889","1866","ОК","ОК",
21-май-2026,16:27:37.969,"0,0","None","0,00","19020111","19020111","548,6","5,6","5,6","239","56","265","269","265","266","283","280","274","280","266","277","277","272","262","286","278","294","29,9","29,9","Главный","Главный","0","0","0,00","0,00","1560","1543","0,00","0,00","1","144","0","0","0","0","0","0","27,6","27,6","1,8","3,0","0,0","0,0","3,1","3,1","3,1","3,1","2,9","2,9","3,0","2,9","3,1","2,9","2,9","3,0","3,2","2,8","2,9","2,7","0,0","0,0","0,00","0,00","Нет","Нет","Разомкнут","Разомкнут","Выкл.","Выкл.","0","0","0","0","Не задано","Не задано","Допустимый сигнал","Допустимый сигнал","Синхронизация поддерживается","Синхронизация поддерживается","Допустимый сигнал","Допустимый сигнал","Синхронизация поддерживается","Синхронизация поддерживается","277,3","272,3","274,5","62","60","0,00","0,00","5,00","5,00","5,00","5,00","5,00","5,00","5,00","5,00","1889","1906","ОК","ОК",
21-май-2026,16:27:38.969,"0,0","None","0,00","19020111","19020111","546,1","5,6","5,6","239","39","265","269","265","266","283","280","274","280","266","277","277","272","262","286","278","294","29,9","29,9","Главный","Главный","0","0","0,00","0,00","1552","1516","0,00","0,00","1","144","0","0","0","0","0","0","27,6","27,6","1,8","3,0","0,0","0,0","3,1","3,1","3,1","3,1","2,9","2,9","3,0","2,9","3,1","2,9","2,9","3,0","3,2","2,8","2,9","2,7","0,0","0,0","0,00","0,00","Нет","Нет","Разомкнут","Разомкнут","Выкл.","Выкл.","0","0","0","0","Не задано","Не задано","Допустимый сигнал","Допустимый сигнал","Синхронизация поддерживается","Синхронизация поддерживается","Допустимый сигнал","Допустимый сигнал","Синхронизация поддерживается","Синхронизация поддерживается","277,0","272,3","274,3","62","60","0,00","0,00","5,00","5,00","5,00","5,00","5,00","5,00","5,00","4,94","1914","1904","ОК","ОК",
21-май-2026,16:27:39.969,"0,0","None","0,00","19020111","19020111","537,0","5,6","5,6","237","39","265","269","265","266","283","280","274","280","265","277","277","272","262","286","278","294","29,9","29,9","Главный","Главный","0","0","0,00","0,00","1548","1535","0,00","0,00","1","144","0","0","0","0","0","0","27,5","27,6","1,8","3,1","0,0","0,0","3,1","3,1","3,1","3,1","2,9","2,9","3,0","2,9","3,1","2,9","2,9","3,0","3,2","2,8","2,9","2,7","0,0","0,0","0,00","0,00","Нет","Нет","Разомкнут","Разомкнут","Выкл.","Выкл.","0","0","0","0","Не задано","Не задано","Допустимый сигнал","Допустимый сигнал","Синхронизация поддерживается","Синхронизация поддерживается","Допустимый сигнал","Допустимый сигнал","Синхронизация поддерживается","Синхронизация поддерживается","277,0","272,0","274,0","62","60","0,00","0,00","5,00","5,00","5,00","5,00","5,00","5,00","5,00","4,94","1914","1916","ОК","ОК",
21-май-2026,16:27:40.969,"0,0","None","0,00","19020111","19020111","542,9","5,6","5,6","240","33","265","269","265","266","283","280","274","280","265","277","277","272","262","286","277","293","29,9","29,9","Главный","Главный","0","0","0,00","0,00","1570","1565","0,00","0,00","1","144","0","0","0","0","0","0","27,5","27,5","1,8","3,0","0,0","0,0","3,1","3,1","3,1","3,1","2,9","2,9","3,0","2,9","3,1","2,9","2,9","3,0","3,2","2,8","2,9","2,7","0,0","0,0","0,00","0,00","Нет","Нет","Разомкнут","Разомкнут","Выкл.","Выкл.","0","0","0","0","Не задано","Не задано","Допустимый сигнал","Допустимый сигнал","Синхронизация поддерживается","Синхронизация поддерживается","Допустимый сигнал","Допустимый сигнал","Синхронизация поддерживается","Синхронизация поддерживается","277,0","272,0","274,0","62","60","0,00","0,00","5,00","5,00","5,00","5,00","5,00","5,00","5,00","4,94","1911","1903","ОК","ОК",
21-май-2026,16:27:41.969,"0,0","None","0,00","19020111","19020111","542,0","5,6","5,6","240","44","265","268","264","265","282","280","274","280","265","277","277","272","262","286","277","292","29,9","29,9","Главный","Главный","0","0","0,00","0,00","1545","1535","0,00","0,00","1","144","0","0","0","0","0","0","27,5","27,6","1,8","3,0","0,0","0,0","3,1","3,1","3,2","3,1","2,9","2,9","3,0","2,9","3,1","2,9","2,9","3,1","3,2","2,8","2,9","2,7","0,0","0,0","0,00","0,00","Нет","Нет","Разомкнут","Разомкнут","Выкл.","Выкл.","0","0","0","0","Не задано","Не задано","Допустимый сигнал","Допустимый сигнал","Синхронизация поддерживается","Синхронизация поддерживается","Допустимый сигнал","Допустимый сигнал","Синхронизация поддерживается","Синхронизация поддерживается","276,5","271,8","273,8","62","60","0,00","0,00","5,00","5,00","5,00","5,00","5,00","5,00","4,94","5,00","1908","1905","ОК","ОК",
21-май-2026,16:27:42.969,"0,0","None","0,00","19020111","19020111","541,1","5,6","5,6","240","49","264","268","264","265","282","280","274","280","265","277","276","272","262","285","276","292","29,9","29,9","Главный","Главный","0","0","0,00","0,00","1535","1548","0,00","0,00","1","144","0","0","0","0","0","0","27,6","27,6","1,8","3,0","0,0","0,0","3,1","3,1","3,2","3,1","2,9","2,9","3,0","2,9","3,1","2,9","2,9","3,1","3,2","2,8","2,9","2,7","0,0","0,0","0,00","0,00","Нет","Нет","Разомкнут","Разомкнут","Выкл.","Выкл.","0","0","0","0","Не задано","Не задано","Допустимый сигнал","Допустимый сигнал","Синхронизация поддерживается","Синхронизация поддерживается","Допустимый сигнал","Допустимый сигнал","Синхронизация поддерживается","Синхронизация поддерживается","276,3","271,8","273,8","62","60","0,00","0,00","5,00","5,00","5,00","5,00","5,00","5,00","5,00","4,94","1906","1914","ОК","ОК",
21-май-2026,16:27:43.969,"0,0","None","0,00","19020111","19020111","540,9","5,6","5,6","240","44","264","268","264","265","282","280","274","280","265","276","276","272","262","285","276","292","29,9","29,8","Главный","Главный","0","0","0,00","0,00","1545","1555","0,00","0,00","1","144","0","0","0","0","0","0","27,6","27,6","1,8","3,1","0,0","0,0","3,1","3,1","3,2","3,1","2,9","2,9","3,0","2,9","3,1","2,9","2,9","3,1","3,2","2,8","2,9","2,7","0,0","0,0","0,00","0,00","Нет","Нет","Разомкнут","Разомкнут","Выкл.","Выкл.","0","0","0","0","Не задано","Не задано","Допустимый сигнал","Допустимый сигнал","Синхронизация поддерживается","Синхронизация поддерживается","Допустимый сигнал","Допустимый сигнал","Синхронизация поддерживается","Синхронизация поддерживается","276,3","271,5","273,8","62","60","0,00","0,00","5,00","5,00","5,00","5,00","5,00","5,00","5,00","5,00","1911","1906","ОК","ОК",
21-май-2026,16:27:44.969,"0,0","None","0,00","19020111","19020111","578,1","5,6","5,6","255","86","264","268","264","265","282","279","274","280","265","276","276","272","262","285","276","292","29,8","29,9","Главный","Главный","0","0","0,00","0,00","1557","1570","0,00","0,00","1","144","0","0","0","0","0","0","27,5","27,5","1,8","3,1","0,0","0,0","3,1","3,1","3,2","3,1","2,9","2,9","3,0","2,9","3,1","2,9","2,9","3,1","3,2","2,8","2,9","2,7","0,0","0,0","0,00","0,00","Нет","Нет","Разомкнут","Разомкнут","Выкл.","Выкл.","0","0","0","0","Не задано","Не задано","Допустимый сигнал","Допустимый сигнал","Синхронизация поддерживается","Синхронизация поддерживается","Допустимый сигнал","Допустимый сигнал","Синхронизация поддерживается","Синхронизация поддерживается","276,3","271,5","273,5","62","60","0,00","0,00","5,00","5,00","5,00","5,00","5,00","5,00","5,00","5,00","1907","1907","ОК","ОК",
21-май-2026,16:27:45.969,"0,0","None","0,00","19020111","19020111","600,0","5,6","5,6","249","105","264","268","264","265","282","279","274","279","265","276","276","272","262","285","276","292","29,8","29,8","Главный","Главный","0","0","0,00","0,00","1560","1557","0,00","0,00","1","144","0","0","0","0","0","0","27,5","27,5","1,9","3,1","0,0","0,0","3,1","3,1","3,2","3,1","2,9","2,9","3,0","2,9","3,1","2,9","2,9","3,1","3,2","2,8","2,9","2,7","0,0","0,0","0,00","0,00","Нет","Нет","Разомкнут","Разомкнут","Выкл.","Выкл.","0","0","0","0","Не задано","Не задано","Допустимый сигнал","Допустимый сигнал","Синхронизация поддерживается","Синхронизация поддерживается","Допустимый сигнал","Допустимый сигнал","Синхронизация поддерживается","Синхронизация поддерживается","276,0","271,3","273,3","62","60","0,00","0,00","5,00","5,00","5,00","5,00","5,00","5,00","5,00","4,94","1912","1907","ОК","ОК",
21-май-2026,16:27:46.969,"0,0","None","0,00","19020111","19020111","559,8","5,6","5,6","244","70","264","268","264","265","281","279","274","279","265","276","276","272","262","285","276","291","29,8","29,8","Главный","Главный","0","0","0,00","0,00","1557","1557","0,00","0,00","1","144","0","0","0","0","0","0","27,5","27,5","1,8","3,1","0,0","0,0","3,2","3,1","3,2","3,1","2,9","2,9","3,0","2,9","3,1","2,9","2,9","3,1","3,2","2,8","3,0","2,7","0,0","0,0","0,00","0,00","Нет","Нет","Разомкнут","Разомкнут","Выкл.","Выкл.","0","0","0","0","Не задано","Не задано","Допустимый сигнал","Допустимый сигнал","Синхронизация поддерживается","Синхронизация поддерживается","Допустимый сигнал","Допустимый сигнал","Синхронизация поддерживается","Синхронизация поддерживается","276,0","271,3","273,3","62","60","0,00","0,00","5,00","5,00","5,00","5,00","5,00","5,00","5,00","5,00","1910","1911","ОК","ОК",
21-май-2026,16:27:47.969,"0,0","None","0,00","19020111","19020111","575,4","5,6","5,6","247","82","264","268","264","265","281","279","273","279","264","276","276","271","261","284","275","291","29,8","29,8","Главный","Главный","0","0","0,00","0,00","1550","1530","0,00","0,00","1","144","0","0","0","0","0","0","27,4","27,6","1,8","3,1","0,0","0,0","3,2","3,1","3,2","3,1","2,9","2,9","3,0","2,9","3,2","2,9","2,9","3,1","3,2","2,8","3,0","2,7","0,0","0,0","0,00","0,00","Нет","Нет","Разомкнут","Разомкнут","Выкл.","Выкл.","0","0","0","0","Не задано","Не задано","Допустимый сигнал","Допустимый сигнал","Синхронизация поддерживается","Синхронизация поддерживается","Допустимый сигнал","Допустимый сигнал","Синхронизация поддерживается","Синхронизация поддерживается","275,8","271,0","273,0","62","60","0,00","0,00","5,00","5,00","5,00","5,00","5,00","5,00","5,00","4,94","1908","1910","ОК","ОК",
21-май-2026,16:27:48.969,"0,0","None","0,00","19020111","19020111","560,9","5,6","5,6","245","66","264","268","264","265","281","279","273","279","264","276","276","271","261","284","275","291","29,8","29,8","Главный","Главный","0","0","0,00","0,00","1535","1562","0,00","0,00","1","144","0","0","0","0","0","0","27,5","27,6","1,8","3,1","0,0","0,0","3,2","3,1","3,2","3,1","2,9","2,9","3,0","2,9","3,2","2,9","2,9","3,1","3,2","2,8","3,0","2,8","0,0","0,0","0,00","0,00","Нет","Нет","Разомкнут","Разомкнут","Выкл.","Выкл.","0","0","0","0","Не задано","Не задано","Допустимый сигнал","Допустимый сигнал","Синхронизация поддерживается","Синхронизация поддерживается","Допустимый сигнал","Допустимый сигнал","Синхронизация поддерживается","Синхронизация поддерживается","275,5","271,0","273,0","62","60","0,00","0,00","5,00","5,00","5,00","5,00","5,00","5,00","5,00","5,00","1910","1913","ОК","ОК",
21-май-2026,16:27:49.969,"0,0","None","0,00","19020111","19020111","562,6","5,6","5,6","243","69","264","268","264","264","281","278","273","279","264","276","276","271","261","284","274","290","29,8","29,8","Главный","Главный","0","0","0,00","0,00","1543","1528","0,00","0,00","1","144","0","0","0","0","0","0","27,5","27,5","1,8","3,1","0,0","0,0","3,2","3,1","3,2","3,1","2,9","2,9","3,0","2,9","3,2","2,9","2,9","3,1","3,2","2,8","3,0","2,8","0,0","0,0","0,00","0,00","Нет","Нет","Разомкнут","Разомкнут","Выкл.","Выкл.","0","0","0","0","Не задано","Не задано","Допустимый сигнал","Допустимый сигнал","Синхронизация поддерживается","Синхронизация поддерживается","Допустимый сигнал","Допустимый сигнал","Синхронизация поддерживается","Синхронизация поддерживается","275,5","270,8","272,8","62","60","0,00","0,00","5,00","5,00","5,00","5,00","5,00","5,00","5,00","5,00","1909","1901","ОК","ОК",
21-май-2026,16:27:50.969,"0,0","None","0,00","19020111","19020111","555,0","5,6","5,6","245","55","264","268","264","264","280","278","273","279","264","276","276","271","261","284","274","290","29,8","29,8","Главный","Главный","0","0","0,00","0,00","1552","1513","0,00","0,00","1","144","0","0","0","0","0","0","27,6","27,6","1,8","3,1","0,0","0,0","3,2","3,1","3,2","3,1","2,9","2,9","3,0","2,9","3,2","2,9","2,9","3,1","3,2","2,8","3,0","2,8","0,0","0,0","0,00","0,00","Нет","Нет","Разомкнут","Разомкнут","Выкл.","Выкл.","0","0","0","0","Не задано","Не задано","Допустимый сигнал","Допустимый сигнал","Синхронизация поддерживается","Синхронизация поддерживается","Допустимый сигнал","Допустимый сигнал","Синхронизация поддерживается","Синхронизация поддерживается","275,3","270,8","272,8","62","60","0,00","0,00","5,00","5,00","5,00","5,00","5,00","5,00","5,00","5,00","1902","1906","ОК","ОК",
21-май-2026,16:27:51.969,"0,0","None","0,00","19020111","19020111","566,0","5,6","5,6","245","63","264","268","264","264","280","278","273","279","264","276","276","271","261","284","274","290","29,8","29,8","Главный","Главный","0","0","0,00","0,00","1560","1521","0,00","0,00","1","144","0","0","0","0","0","0","27,5","27,6","1,8","3,1","0,0","0,0","3,2","3,1","3,2","3,1","2,9","2,9","3,0","2,9","3,2","2,9","2,9","3,1","3,2","2,8","3,0","2,8","0,0","0,0","0,00","0,00","Нет","Нет","Разомкнут","Разомкнут","Выкл.","Выкл.","0","0","0","0","Не задано","Не задано","Допустимый сигнал","Допустимый сигнал","Синхронизация поддерживается","Синхронизация поддерживается","Допустимый сигнал","Допустимый сигнал","Синхронизация поддерживается","Синхронизация поддерживается","275,0","270,5","272,5","62","60","0,00","0,00","5,00","5,00","5,00","5,00","5,00","5,00","5,00","4,94","1899","1904","ОК","ОК",
21-май-2026,16:27:52.969,"0,0","None","0,00","19020111","19020111","559,0","5,6","5,6","246","61","264","267","263","264","280","278","273","279","264","276","276","270","260","284","274","289","29,8","29,8","Главный","Главный","0","0","0,00","0,00","1562","1548","0,00","0,00","1","144","0","0","0","0","0","0","27,6","27,5","1,8","3,1","0,0","0,0","3,2","3,1","3,2","3,2","2,9","2,9","3,0","2,9","3,2","3,0","3,0","3,1","3,3","2,8","3,0","2,8","0,0","0,0","0,00","0,00","Нет","Нет","Разомкнут","Разомкнут","Выкл.","Выкл.","0","0","0","0","Не задано","Не задано","Допустимый сигнал","Допустимый сигнал","Синхронизация поддерживается","Синхронизация поддерживается","Допустимый сигнал","Допустимый сигнал","Синхронизация поддерживается","Синхронизация поддерживается","275,0","270,5","272,5","62","60","0,00","0,00","5,00","5,00","5,00","5,00","5,00","5,00","5,00","5,00","1902","1898","ОК","ОК",
21-май-2026,16:27:53.969,"0,0","None","0,00","19020111","19020111","562,6","5,6","5,6","244","72","264","267","263","264","280","278","273","279","264","276","276","270","260","284","273","289","29,8","29,8","Главный","Главный","0","0","0,00","0,00","1538","1560","0,00","0,00","1","144","0","0","0","0","0","0","27,6","27,6","1,8","3,1","0,0","0,0","3,2","3,1","3,2","3,2","2,9","2,9","3,0","2,9","3,2","3,0","3,0","3,1","3,3","2,8","3,0","2,8","0,0","0,0","0,00","0,00","Нет","Нет","Разомкнут","Разомкнут","Выкл.","Выкл.","0","0","0","0","Не задано","Не задано","Допустимый сигнал","Допустимый сигнал","Синхронизация поддерживается","Синхронизация поддерживается","Допустимый сигнал","Допустимый сигнал","Синхронизация поддерживается","Синхронизация поддерживается","275,0","270,3","272,3","62","60","0,00","0,00","5,00","5,00","5,00","5,00","5,00","5,00","5,00","5,00","1910","1914","ОК","ОК",
21-май-2026,16:27:54.969,"0,0","None","0,00","19020111","19020111","562,6","5,6","5,6","244","72","264","267","263","264","280","278","273","279","264","276","276","270","260","284","273","289","29,8","29,8","Главный","Главный","0","0","0,00","0,00","1538","1560","0,00","0,00","1","144","0","0","0","0","0","0","27,6","27,6","1,8","3,1","0,0","0,0","3,2","3,1","3,2","3,2","2,9","2,9","3,0","2,9","3,2","3,0","3,0","3,1","3,3","2,8","3,0","2,8","0,0","0,0","0,00","0,00","Нет","Нет","Разомкнут","Разомкнут","Выкл.","Выкл.","0","0","0","0","Не задано","Не задано","Допустимый сигнал","Допустимый сигнал","Синхронизация поддерживается","Синхронизация поддерживается","Допустимый сигнал","Допустимый сигнал","Синхронизация поддерживается","Синхронизация поддерживается","275,0","270,3","272,3","62","60","0,00","0,00","5,00","5,00","5,00","5,00","5,00","5,00","5,00","5,00","1910","1914","ОК","ОК",
21-май-2026,16:27:55.969,"0,0","None","0,00","19020111","19020111","544,1","5,6","5,6","236","60","264","267","263","264","280","278","272","279","264","275","276","270","260","283","273","289","29,8","29,8","Главный","Главный","0","0","0,00","0,00","1540","1513","0,00","0,00","1","144","0","0","0","0","0","0","27,6","27,6","1,8","3,0","0,0","0,0","3,2","3,1","3,2","3,2","2,9","2,9","3,0","2,9","3,2","3,0","3,0","3,1","3,3","2,9","3,0","2,8","0,0","0,0","0,00","0,00","Нет","Нет","Разомкнут","Разомкнут","Выкл.","Выкл.","0","0","0","0","Не задано","Не задано","Допустимый сигнал","Допустимый сигнал","Синхронизация поддерживается","Синхронизация поддерживается","Допустимый сигнал","Допустимый сигнал","Синхронизация поддерживается","Синхронизация поддерживается","274,8","270,0","272,0","62","60","0,00","0,00","5,00","5,00","5,00","5,00","5,00","5,00","5,00","5,00","1887","1909","ОК","ОК",
21-май-2026,16:27:56.969,"0,0","None","0,00","19020111","19020111","556,4","5,6","5,6","239","66","264","267","263","264","280","278","272","279","264","275","276","270","260","283","272","288","29,7","29,8","Главный","Главный","0","0","0,00","0,00","1550","1538","0,00","0,00","1","144","0","0","0","0","0","0","27,6","27,6","1,8","3,1","0,0","0,0","3,2","3,1","3,2","3,2","2,9","2,9","3,0","2,9","3,2","3,0","3,0","3,1","3,3","2,9","3,0","2,8","0,0","0,0","0,00","0,00","Нет","Нет","Разомкнут","Разомкнут","Выкл.","Выкл.","0","0","0","0","Не задано","Не задано","Допустимый сигнал","Допустимый сигнал","Синхронизация поддерживается","Синхронизация поддерживается","Допустимый сигнал","Допустимый сигнал","Синхронизация поддерживается","Синхронизация поддерживается","274,5","270,0","272,0","62","60","0,00","0,00","5,00","5,00","5,00","5,00","5,00","5,00","5,00","4,94","1879","1882","ОК","ОК",
21-май-2026,16:27:57.969,"0,0","None","0,00","19020111","19020111","546,3","5,6","5,6","242","53","264","267","263","264","279","278","272","279","264","276","276","270","260","283","272","288","29,8","29,8","Главный","Главный","0","0","0,00","0,00","1557","1533","0,00","0,00","1","144","0","0","0","0","0","0","27,5","27,6","1,8","3,1","0,0","0,0","3,2","3,1","3,2","3,2","2,9","2,9","3,0","2,9","3,2","3,0","3,0","3,1","3,3","2,9","3,0","2,8","0,0","0,0","0,00","0,00","Нет","Нет","Разомкнут","Разомкнут","Выкл.","Выкл.","0","0","0","0","Не задано","Не задано","Допустимый сигнал","Допустимый сигнал","Синхронизация поддерживается","Синхронизация поддерживается","Допустимый сигнал","Допустимый сигнал","Синхронизация поддерживается","Синхронизация поддерживается","274,5","270,0","272,0","62","60","0,00","0,00","5,00","5,00","5,00","5,00","5,00","5,00","5,00","5,00","1866","1879","ОК","ОК",
21-май-2026,16:27:58.969,"0,0","None","0,00","19020111","19020111","548,1","5,6","5,6","237","60","264","267","263","264","279","278","272","279","264","276","276","270","260","283","272","288","29,8","29,8","Главный","Главный","0","0","0,00","0,00","1555","1555","0,00","0,00","1","144","0","0","0","0","0","0","27,5","27,6","1,8","3,0","0,0","0,0","3,2","3,1","3,2","3,2","2,9","2,9","3,0","2,9","3,2","3,0","3,0","3,1","3,3","2,9","3,0","2,8","0,0","0,0","0,00","0,00","Нет","Нет","Разомкнут","Разомкнут","Выкл.","Выкл.","0","0","0","0","Не задано","Не задано","Допустимый сигнал","Допустимый сигнал","Синхронизация поддерживается","Синхронизация поддерживается","Допустимый сигнал","Допустимый сигнал","Синхронизация поддерживается","Синхронизация поддерживается","274,5","270,0","272,0","62","60","0,00","0,00","5,00","5,00","5,00","5,00","5,00","5,00","5,00","4,94","1864","1858","ОК","ОК",
21-май-2026,16:27:59.969,"0,0","None","0,00","19020111","19020111","553,0","5,6","5,6","215","67","264","267","263","264","279","278","272","279","264","276","276","270","260","283","272","288","29,8","29,8","Главный","Главный","0","0","0,00","0,00","1457","1494","0,00","0,00","1","144","0","0","0","0","0","0","27,5","27,6","1,8","2,8","0,0","0,0","3,2","3,1","3,2","3,2","2,9","2,9","3,0","2,9","3,2","3,0","3,0","3,1","3,3","2,9","3,0","2,8","0,0","0,0","0,00","0,00","Нет","Нет","Разомкнут","Разомкнут","Выкл.","Выкл.","0","0","0","0","Не задано","Не задано","Допустимый сигнал","Допустимый сигнал","Синхронизация поддерживается","Синхронизация поддерживается","Допустимый сигнал","Допустимый сигнал","Синхронизация поддерживается","Синхронизация поддерживается","274,5","270,0","272,0","62","60","0,00","0,00","5,00","5,00","5,00","5,00","5,00","5,00","5,00","4,94","1837","1906","ОК","ОК",
21-май-2026,16:28:00.969,"0,0","None","0,00","19020111","19020111","538,8","5,6","5,6","227","56","264","267","263","265","279","278","272","279","264","276","276","270","260","283","272","288","29,8","29,8","Главный","Главный","0","0","0,00","0,00","1550","1530","0,00","0,00","1","144","0","0","0","0","0","0","27,6","27,6","1,8","2,9","0,0","0,0","3,2","3,1","3,2","3,1","2,9","2,9","3,0","2,9","3,1","3,0","2,9","3,1","3,2","2,9","3,1","2,8","0,0","0,0","0,00","0,00","Нет","Нет","Разомкнут","Разомкнут","Выкл.","Выкл.","0","0","0","0","Не задано","Не задано","Допустимый сигнал","Допустимый сигнал","Синхронизация поддерживается","Синхронизация поддерживается","Допустимый сигнал","Допустимый сигнал","Синхронизация поддерживается","Синхронизация поддерживается","274,5","270,0","271,8","62","60","0,00","0,00","5,00","5,00","5,00","5,00","5,00","5,00","5,00","4,94","1832","1855","ОК","ОК",
21-май-2026,16:28:01.969,"0,0","None","0,00","19020111","19020111","574,6","5,6","5,6","235","92","264","268","263","265","279","278","327","280","265","276","276","270","260","283","272","288","29,8","29,8","Главный","Главный","0","0","0,00","0,00","1552","1543","0,00","0,00","1","144","0","0","0","0","0","0","27,4","27,6","1,8","3,0","0,0","0,0","3,1","3,1","3,2","3,1","2,9","2,9","1,7","2,9","3,1","2,9","2,9","3,1","3,2","2,9","3,0","2,8","0,0","0,0","0,00","0,00","Нет","Нет","Разомкнут","Разомкнут","Выкл.","Выкл.","0","0","0","0","Не задано","Не задано","Допустимый сигнал","Допустимый сигнал","Синхронизация поддерживается","Синхронизация поддерживается","Допустимый сигнал","Допустимый сигнал","Синхронизация поддерживается","Синхронизация поддерживается","274,5","270,3","272,0","62","60","0,00","0,00","5,00","5,00","5,00","5,00","5,00","5,00","5,00","5,00","1888","1854","ОК","ОК",
21-май-2026,16:28:02.969,"0,0","None","0,00","19020111","19020111","561,8","5,6","5,6","242","68","265","268","263","265","280","278","291","280","265","276","276","271","260","283","272","288","29,8","29,7","Главный","Главный","0","0","0,00","0,00","1550","1557","0,00","0,00","1","144","0","0","0","0","0","0","27,6","27,6","1,8","3,1","0,0","0,0","3,1","3,1","3,2","3,1","2,9","2,9","3,0","2,9","3,1","2,9","2,9","3,1","3,3","2,9","3,1","2,8","0,0","0,0","0,00","0,00","Нет","Нет","Разомкнут","Разомкнут","Выкл.","Выкл.","0","0","0","0","Не задано","Не задано","Допустимый сигнал","Допустимый сигнал","Синхронизация поддерживается","Синхронизация поддерживается","Допустимый сигнал","Допустимый сигнал","Синхронизация поддерживается","Синхронизация поддерживается","281,5","270,5","273,3","62","60","0,00","0,00","5,00","5,00","5,00","5,00","5,00","5,00","5,00","4,94","1887","1885","ОК","ОК",
21-май-2026,16:28:03.969,"0,0","None","0,00","19020111","19020111","564,0","5,6","5,6","243","78","265","268","263","265","280","278","280","280","265","276","276","271","260","283","272","288","29,7","29,7","Главный","Главный","0","0","0,00","0,00","1565","1552","0,00","0,00","1","144","0","0","0","0","0","0","27,5","27,6","1,8","3,1","0,0","0,0","3,1","3,1","3,2","3,1","2,9","2,9","3,0","2,9","3,1","2,9","2,9","3,1","3,3","2,9","3,1","2,8","0,0","0,0","0,00","0,00","Нет","Нет","Разомкнут","Разомкнут","Выкл.","Выкл.","0","0","0","0","Не задано","Не задано","Допустимый сигнал","Допустимый сигнал","Синхронизация поддерживается","Синхронизация поддерживается","Допустимый сигнал","Допустимый сигнал","Синхронизация поддерживается","Синхронизация поддерживается","277,0","270,5","273,3","62","60","0,00","0,00","5,00","5,00","5,00","5,00","5,00","5,00","5,00","4,94","1869","1890","ОК","ОК",
21-май-2026,16:28:04.969,"0,0","None","0,00","19020111","19020111","552,0","5,6","5,6","242","67","264","267","263","264","279","278","275","279","264","276","276","271","260","283","272","287","29,7","29,7","Главный","Главный","0","0","0,00","0,00","1545","1562","0,00","0,00","1","144","0","0","0","0","0","0","27,5","27,6","1,8","3,1","0,0","0,0","3,2","3,1","3,2","3,2","2,9","2,9","3,0","2,9","3,2","3,0","3,0","3,1","3,3","2,9","3,1","2,8","0,0","0,0","0,00","0,00","Нет","Нет","Разомкнут","Разомкнут","Выкл.","Выкл.","0","0","0","0","Не задано","Не задано","Допустимый сигнал","Допустимый сигнал","Синхронизация поддерживается","Синхронизация поддерживается","Допустимый сигнал","Допустимый сигнал","Синхронизация поддерживается","Синхронизация поддерживается","275,5","270,5","273,0","62","60","0,00","0,00","5,00","5,00","5,00","5,00","5,00","5,00","5,00","4,94","1864","1838","ОК","ОК",
21-май-2026,16:28:05.969,"0,0","None","0,00","19020111","19020111","552,0","5,6","5,6","242","67","264","267","263","264","279","278","275","279","264","276","276","271","260","283","272","287","29,7","29,7","Главный","Главный","0","0","0,00","0,00","1545","1562","0,00","0,00","1","144","0","0","0","0","0","0","27,5","27,6","1,8","3,1","0,0","0,0","3,2","3,1","3,2","3,2","2,9","2,9","3,0","2,9","3,2","3,0","3,0","3,1","3,3","2,9","3,1","2,8","0,0","0,0","0,00","0,00","Нет","Нет","Разомкнут","Разомкнут","Выкл.","Выкл.","0","0","0","0","Не задано","Не задано","Допустимый сигнал","Допустимый сигнал","Синхронизация поддерживается","Синхронизация поддерживается","Допустимый сигнал","Допустимый сигнал","Синхронизация поддерживается","Синхронизация поддерживается","275,5","270,5","273,0","62","60","0,00","0,00","5,00","5,00","5,00","5,00","5,00","5,00","5,00","4,94","1864","1838","ОК","ОК",
21-май-2026,16:28:06.969,"0,0","None","0,00","19020111","19020111","570,9","5,6","5,6","246","80","264","267","262","264","279","278","287","279","264","275","275","270","260","283","271","287","29,7","29,7","Главный","Главный","0","0","0,00","0,00","1535","1574","0,00","0,00","1","144","0","0","0","0","0","0","27,6","27,4","1,8","3,1","0,0","0,0","3,2","3,1","3,2","3,2","2,9","2,9","3,0","2,9","3,2","3,0","3,0","3,1","3,3","2,9","3,1","2,8","0,0","0,0","0,00","0,00","Нет","Нет","Разомкнут","Разомкнут","Выкл.","Выкл.","0","0","0","0","Не задано","Не задано","Допустимый сигнал","Допустимый сигнал","Синхронизация поддерживается","Синхронизация поддерживается","Допустимый сигнал","Допустимый сигнал","Синхронизация поддерживается","Синхронизация поддерживается","279,5","269,8","272,3","62","60","0,00","0,00","5,00","5,00","5,00","5,00","5,00","5,00","4,94","4,94","1877","1898","ОК","ОК",
21-май-2026,16:28:07.969,"0,0","None","0,00","19020111","19020111","568,0","5,6","5,6","245","69","264","267","262","264","278","278","278","279","264","275","275","270","260","282","271","286","29,7","29,7","Главный","Главный","0","0","0,00","0,00","1567","1557","0,00","0,00","1","144","0","0","0","0","0","0","27,5","27,6","1,8","3,1","0,0","0,0","3,2","3,1","3,2","3,2","2,9","2,9","3,0","2,9","3,2","3,0","3,0","3,1","3,3","2,9","3,1","2,8","0,0","0,0","0,00","0,00","Нет","Нет","Разомкнут","Разомкнут","Выкл.","Выкл.","0","0","0","0","Не задано","Не задано","Допустимый сигнал","Допустимый сигнал","Синхронизация поддерживается","Синхронизация поддерживается","Допустимый сигнал","Допустимый сигнал","Синхронизация поддерживается","Синхронизация поддерживается","275,8","269,8","272,5","62","60","0,00","0,00","5,00","5,00","5,00","5,00","5,00","5,00","5,00","5,00","1904","1907","ОК","ОК",
21-май-2026,16:28:08.969,"0,0","None","0,00","19020111","19020111","562,3","5,6","5,6","244","66","264","266","262","264","278","278","274","278","264","275","275","270","259","282","270","286","29,7","29,7","Главный","Главный","0","0","0,00","0,00","1538","1535","0,00","0,00","1","144","0","0","0","0","0","0","27,6","27,5","1,8","3,1","0,0","0,0","3,2","3,1","3,2","3,2","2,9","2,9","3,1","2,9","3,2","3,0","3,0","3,1","3,3","2,9","3,1","2,8","0,0","0,0","0,00","0,00","Нет","Нет","Разомкнут","Разомкнут","Выкл.","Выкл.","0","0","0","0","Не задано","Не задано","Допустимый сигнал","Допустимый сигнал","Синхронизация поддерживается","Синхронизация поддерживается","Допустимый сигнал","Допустимый сигнал","Синхронизация поддерживается","Синхронизация поддерживается","274,5","269,5","272,3","62","60","0,00","0,00","5,00","5,00","5,00","5,00","5,00","5,00","5,00","5,00","1866","1901","ОК","ОК",
21-май-2026,16:28:09.969,"0,0","None","0,00","19020111","19020111","543,3","5,6","5,6","239","60","264","266","262","264","278","277","272","278","264","275","274","270","259","282","270","286","29,7","29,7","Главный","Главный","0","0","0,00","0,00","1565","1567","0,00","0,00","1","144","0","0","0","0","0","0","27,6","27,5","1,8","3,0","0,0","0,0","3,2","3,1","3,2","3,2","2,9","2,9","3,1","2,9","3,2","3,0","3,0","3,1","3,3","2,9","3,1","2,8","0,0","0,0","0,00","0,00","Нет","Нет","Разомкнут","Разомкнут","Выкл.","Выкл.","0","0","0","0","Не задано","Не задано","Допустимый сигнал","Допустимый сигнал","Синхронизация поддерживается","Синхронизация поддерживается","Допустимый сигнал","Допустимый сигнал","Синхронизация поддерживается","Синхронизация поддерживается","273,8","269,3","271,3","62","60","0,00","0,00","5,00","5,00","5,00","5,00","5,00","5,00","5,00","4,94","1899","1895","ОК","ОК",
21-май-2026,16:28:10.969,"0,0","None","0,00","19020111","19020111","524,4","5,6","5,6","240","37","264","266","261","264","278","277","272","278","264","274","274","270","259","282","270","286","29,7","29,7","Главный","Главный","0","0","0,00","0,00","1526","1562","0,00","0,00","1","144","0","0","0","0","0","0","27,6","27,5","1,7","3,1","0,0","0,0","3,2","3,1","3,2","3,2","2,9","2,9","3,1","2,9","3,2","3,0","3,0","3,1","3,3","2,9","3,1","2,8","0,0","0,0","0,00","0,00","Нет","Нет","Разомкнут","Разомкнут","Выкл.","Выкл.","0","0","0","0","Не задано","Не задано","Допустимый сигнал","Допустимый сигнал","Синхронизация поддерживается","Синхронизация поддерживается","Допустимый сигнал","Допустимый сигнал","Синхронизация поддерживается","Синхронизация поддерживается","273,5","269,0","271,0","62","60","0,00","0,00","5,00","5,00","5,00","5,00","5,00","5,00","5,00","4,94","1911","1882","ОК","ОК",
21-май-2026,16:28:11.969,"0,0","None","0,00","19020111","19020111","538,5","5,6","5,6","240","46","264","266","261","264","278","277","272","278","263","274","274","270","259","282","270","286","29,7","29,7","Главный","Главный","0","0","0,00","0,00","1535","1557","0,00","0,00","1","144","0","0","0","0","0","0","27,5","27,6","1,8","3,0","0,0","0,0","3,2","3,1","3,2","3,2","2,9","2,9","3,1","2,9","3,2","3,0","3,0","3,1","3,3","2,9","3,1","2,8","0,0","0,0","0,00","0,00","Нет","Нет","Разомкнут","Разомкнут","Выкл.","Выкл.","0","0","0","0","Не задано","Не задано","Допустимый сигнал","Допустимый сигнал","Синхронизация поддерживается","Синхронизация поддерживается","Допустимый сигнал","Допустимый сигнал","Синхронизация поддерживается","Синхронизация поддерживается","273,3","269,0","270,8","62","60","0,00","0,00","5,00","5,00","5,00","5,00","5,00","5,00","4,94","5,00","1905","1884","ОК","ОК",
21-май-2026,16:28:12.969,"0,0","None","0,00","19020111","19020111","545,0","5,6","5,6","241","42","264","266","261","263","278","277","271","278","263","274","274","270","259","282","269","285","29,7","29,7","Главный","Главный","0","0","0,00","0,00","1548","1545","0,00","0,00","1","144","0","0","0","0","0","0","27,6","27,4","1,8","3,1","0,0","0,0","3,2","3,1","3,2","3,2","2,9","2,9","3,1","2,9","3,2","3,0","3,0","3,1","3,3","2,9","3,1","2,8","0,0","0,0","0,00","0,00","Нет","Нет","Разомкнут","Разомкнут","Выкл.","Выкл.","0","0","0","0","Не задано","Не задано","Допустимый сигнал","Допустимый сигнал","Синхронизация поддерживается","Синхронизация поддерживается","Допустимый сигнал","Допустимый сигнал","Синхронизация поддерживается","Синхронизация поддерживается","273,3","268,8","270,8","62","60","0,00","0,00","5,00","5,00","5,00","5,00","5,00","5,00","5,00","5,00","1909","1902","ОК","ОК",
21-май-2026,16:28:13.969,"0,0","None","0,00","19020111","19020111","537,6","5,6","5,6","242","32","264","266","261","263","277","277","271","278","263","274","274","270","259","282","269","285","29,7","29,7","Главный","Главный","0","0","0,00","0,00","1550","1555","0,00","0,00","1","144","0","0","0","0","0","0","27,4","27,6","1,8","3,1","0,0","0,0","3,2","3,1","3,2","3,2","2,9","2,9","3,1","2,9","3,2","3,0","3,0","3,1","3,3","2,9","3,1","2,8","0,0","0,0","0,00","0,00","Нет","Нет","Разомкнут","Разомкнут","Выкл.","Выкл.","0","0","0","0","Не задано","Не задано","Допустимый сигнал","Допустимый сигнал","Синхронизация поддерживается","Синхронизация поддерживается","Допустимый сигнал","Допустимый сигнал","Синхронизация поддерживается","Синхронизация поддерживается","273,0","268,8","270,8","62","60","0,00","0,00","5,00","5,00","5,00","5,00","5,00","5,00","5,00","5,00","1895","1897","ОК","ОК",
21-май-2026,16:28:14.969,"0,0","None","0,00","19020111","19020111","524,6","5,6","5,6","241","15","264","266","261","263","277","277","271","278","263","274","274","269","258","281","269","285","29,8","29,7","Главный","Главный","0","0","0,00","0,00","1565","1545","0,00","0,00","1","144","0","0","0","0","0","0","27,6","27,6","1,7","3,1","0,0","0,0","3,2","3,1","3,2","3,2","2,9","2,9","3,1","2,9","3,2","3,0","3,0","3,1","3,3","2,9","3,1","2,8","0,0","0,0","0,00","0,00","Нет","Нет","Разомкнут","Разомкнут","Выкл.","Выкл.","0","0","0","0","Не задано","Не задано","Допустимый сигнал","Допустимый сигнал","Синхронизация поддерживается","Синхронизация поддерживается","Допустимый сигнал","Допустимый сигнал","Синхронизация поддерживается","Синхронизация поддерживается","272,8","268,8","270,5","62","61","0,00","0,00","5,00","5,00","5,00","5,00","5,00","5,00","5,00","5,00","1860","1880","ОК","ОК",
21-май-2026,16:28:15.969,"0,0","None","0,00","19020111","19020111","535,6","5,6","5,6","238","73","264","266","261","263","277","277","270","278","263","274","274","269","258","281","269","284","29,7","29,7","Главный","Главный","0","0","0,00","0,00","1565","1557","0,00","0,00","1","144","0","0","0","0","0","0","27,6","27,6","1,8","3,0","0,0","0,0","3,2","3,1","3,2","3,2","2,9","2,9","3,1","2,9","3,2","3,0","3,0","3,1","3,3","2,9","3,1","2,8","0,0","0,0","0,00","0,00","Нет","Нет","Разомкнут","Разомкнут","Выкл.","Выкл.","0","0","0","0","Не задано","Не задано","Допустимый сигнал","Допустимый сигнал","Синхронизация поддерживается","Синхронизация поддерживается","Допустимый сигнал","Допустимый сигнал","Синхронизация поддерживается","Синхронизация поддерживается","272,8","268,5","270,5","62","60","0,00","0,00","5,00","5,00","5,00","5,00","5,00","5,00","5,00","5,00","1916","1893","ОК","ОК",
21-май-2026,16:28:16.969,"0,0","None","0,00","19020111","19020111","539,5","5,6","5,6","241","39","264","266","261","263","277","276","343","278","263","274","274","269","258","281","268","284","29,7","29,7","Главный","Главный","0","0","0,00","0,00","1557","1548","0,00","0,00","1","144","0","0","0","0","0","0","27,6","27,5","1,8","3,1","0,0","0,0","3,2","3,1","3,2","3,2","2,9","2,9","1,4","2,9","3,2","3,0","3,0","3,1","3,3","2,9","3,1","2,8","0,0","0,0","0,00","0,00","Нет","Нет","Разомкнут","Разомкнут","Выкл.","Выкл.","0","0","0","0","Не задано","Не задано","Допустимый сигнал","Допустимый сигнал","Синхронизация поддерживается","Синхронизация поддерживается","Допустимый сигнал","Допустимый сигнал","Синхронизация поддерживается","Синхронизация поддерживается","272,5","268,3","270,3","62","61","0,00","0,00","5,00","5,00","5,00","5,00","5,00","5,00","4,94","5,00","1924","1896","ОК","ОК",
21-май-2026,16:28:17.969,"0,0","None","0,00","19020111","19020111","542,0","5,6","5,6","240","29","264","266","261","263","276","276","365","278","263","274","274","269","258","281","268","284","29,7","29,7","Главный","Главный","0","0","0,00","0,00","1540","1540","0,00","0,00","1","144","0","0","0","0","0","0","27,6","27,5","1,8","3,1","0,0","0,0","3,2","3,1","3,2","3,2","2,9","2,9","1,5","2,9","3,2","3,0","3,0","3,1","3,3","2,9","3,1","2,8","0,0","0,0","0,00","0,00","Нет","Нет","Разомкнут","Разомкнут","Выкл.","Выкл.","0","0","0","0","Не задано","Не задано","Допустимый сигнал","Допустимый сигнал","Синхронизация поддерживается","Синхронизация поддерживается","Допустимый сигнал","Допустимый сигнал","Синхронизация поддерживается","Синхронизация поддерживается","281,5","268,3","270,3","62","61","0,00","0,00","5,00","5,00","5,00","5,00","5,00","5,00","5,00","5,00","1862","1885","ОК","ОК",
21-май-2026,16:28:18.969,"0,0","None","0,00","19020111","19020111","537,3","5,6","5,6","240","56","264","266","261","263","276","276","302","278","263","274","273","269","258","281","268","284","29,7","29,7","Главный","Главный","0","0","0,00","0,00","1557","1560","0,00","0,00","1","144","0","0","0","0","0","0","27,4","27,6","1,8","3,0","0,0","0,0","3,2","3,1","3,2","3,2","2,9","2,9","3,1","2,9","3,2","3,0","3,0","3,1","3,3","2,9","3,1","2,8","0,0","0,0","0,00","0,00","Нет","Нет","Разомкнут","Разомкнут","Выкл.","Выкл.","0","0","0","0","Не задано","Не задано","Допустимый сигнал","Допустимый сигнал","Синхронизация поддерживается","Синхронизация поддерживается","Допустимый сигнал","Допустимый сигнал","Синхронизация поддерживается","Синхронизация поддерживается","284,3","268,3","270,8","62","61","0,00","0,00","5,00","5,00","5,00","5,00","5,00","5,00","5,00","5,00","1877","1902","ОК","ОК",
21-май-2026,16:28:19.969,"0,0","None","0,00","19020111","19020111","528,8","5,6","5,6","240","46","263","266","261","263","276","276","282","278","263","274","273","269","258","281","268","283","29,7","29,7","Главный","Главный","0","0","0,00","0,00","1557","1526","0,00","0,00","1","144","0","0","0","0","0","0","27,6","27,6","1,8","3,1","0,0","0,0","3,2","3,1","3,2","3,2","2,9","2,9","3,1","2,9","3,2","3,0","3,0","3,1","3,3","2,9","3,1","2,9","0,0","0,0","0,00","0,00","Нет","Нет","Разомкнут","Разомкнут","Выкл.","Выкл.","0","0","0","0","Не задано","Не задано","Допустимый сигнал","Допустимый сигнал","Синхронизация поддерживается","Синхронизация поддерживается","Допустимый сигнал","Допустимый сигнал","Синхронизация поддерживается","Синхронизация поддерживается","276,3","268,0","270,8","62","61","0,00","0,00","5,00","5,00","5,00","5,00","5,00","5,00","4,94","4,94","1860","1878","ОК","ОК",
21-май-2026,16:28:20.969,"0,0","None","0,00","19020111","19020111","550,3","5,6","5,6","241","65","263","266","261","263","276","276","274","278","263","274","273","269","258","280","268","283","29,7","29,7","Главный","Главный","0","0","0,00","0,00","1535","1528","0,00","0,00","1","144","0","0","0","0","0","0","27,5","27,5","1,8","3,1","0,0","0,0","3,2","3,1","3,2","3,2","2,9","2,9","3,1","2,9","3,2","3,0","3,0","3,1","3,3","2,9","3,1","2,9","0,0","0,0","0,00","0,00","Нет","Нет","Разомкнут","Разомкнут","Выкл.","Выкл.","0","0","0","0","Не задано","Не задано","Допустимый сигнал","Допустимый сигнал","Синхронизация поддерживается","Синхронизация поддерживается","Допустимый сигнал","Допустимый сигнал","Синхронизация поддерживается","Синхронизация поддерживается","273,5","268,0","270,5","62","61","0,00","0,00","5,00","5,00","5,00","5,00","5,00","5,00","5,00","4,94","1900","1897","ОК","ОК",
21-май-2026,16:28:21.969,"0,0","None","0,00","19020111","19020111","537,1","5,6","5,6","241","38","263","266","261","263","276","276","272","278","262","274","273","269","258","280","268","283","29,7","29,7","Главный","Главный","0","0","0,00","0,00","1579","1557","0,00","0,00","1","144","0","0","0","0","0","0","27,6","27,6","1,8","3,0","0,0","0,0","3,2","3,1","3,2","3,2","2,9","2,9","3,1","2,9","3,2","3,0","3,0","3,1","3,3","2,9","3,1","2,9","0,0","0,0","0,00","0,00","Нет","Нет","Разомкнут","Разомкнут","Выкл.","Выкл.","0","0","0","0","Не задано","Не задано","Допустимый сигнал","Допустимый сигнал","Синхронизация поддерживается","Синхронизация поддерживается","Допустимый сигнал","Допустимый сигнал","Синхронизация поддерживается","Синхронизация поддерживается","272,5","268,0","270,5","62","61","0,00","0,00","5,00","5,00","5,00","5,00","5,00","5,00","5,00","5,00","1890","1887","ОК","ОК",
21-май-2026,16:28:22.969,"0,0","None","0,00","19020111","19020111","532,8","5,6","5,6","241","46","263","265","261","262","276","276","270","278","262","274","273","269","258","280","267","283","29,7","29,7","Главный","Главный","0","0","0,00","0,00","1538","1560","0,00","0,00","1","144","0","0","0","0","0","0","27,6","27,6","1,8","3,0","0,0","0,0","3,2","3,1","3,2","3,2","2,9","2,9","3,1","2,9","3,2","3,0","3,0","3,1","3,3","2,9","3,1","2,9","0,0","0,0","0,00","0,00","Нет","Нет","Разомкнут","Разомкнут","Выкл.","Выкл.","0","0","0","0","Не задано","Не задано","Допустимый сигнал","Допустимый сигнал","Синхронизация поддерживается","Синхронизация поддерживается","Допустимый сигнал","Допустимый сигнал","Синхронизация поддерживается","Синхронизация поддерживается","272,0","268,0","270,3","62","61","0,00","0,00","5,00","5,00","5,00","5,00","5,00","5,00","5,00","4,94","1883","1875","ОК","ОК",
21-май-2026,16:28:23.969,"0,0","None","0,00","19020111","19020111","547,5","5,6","5,6","242","55","263","265","260","262","276","276","270","278","262","274","273","269","258","280","267","282","29,7","29,7","Главный","Главный","0","0","0,00","0,00","1567","1530","0,00","0,00","1","144","0","0","0","0","0","0","27,4","27,5","1,8","3,1","0,0","0,0","3,2","3,1","3,3","3,2","2,9","2,9","3,1","2,9","3,2","3,0","3,0","3,1","3,3","2,9","3,1","2,9","0,0","0,0","0,00","0,00","Нет","Нет","Разомкнут","Разомкнут","Выкл.","Выкл.","0","0","0","0","Не задано","Не задано","Допустимый сигнал","Допустимый сигнал","Синхронизация поддерживается","Синхронизация поддерживается","Допустимый сигнал","Допустимый сигнал","Синхронизация поддерживается","Синхронизация поддерживается","272,0","267,8","269,8","62","61","0,00","0,00","5,00","5,00","5,00","5,00","5,00","5,00","5,00","5,00","1889","1887","ОК","ОК",
21-май-2026,16:28:24.969,"0,0","None","0,00","19020111","19020111","550,9","5,6","5,6","242","59","262","265","260","262","276","276","270","278","262","274","273","269","258","280","267","282","29,7","29,7","Главный","Главный","0","0","0,00","0,00","1543","1562","0,00","0,00","1","144","0","0","0","0","0","0","27,6","27,6","1,8","3,0","0,0","0,0","3,2","3,1","3,3","3,2","3,0","2,9","3,1","2,9","3,2","3,0","3,0","3,1","3,3","2,9","3,1","2,9","0,0","0,0","0,00","0,00","Нет","Нет","Разомкнут","Разомкнут","Выкл.","Выкл.","0","0","0","0","Не задано","Не задано","Допустимый сигнал","Допустимый сигнал","Синхронизация поддерживается","Синхронизация поддерживается","Допустимый сигнал","Допустимый сигнал","Синхронизация поддерживается","Синхронизация поддерживается","271,8","267,8","269,5","62","61","0,00","0,00","5,00","5,00","5,00","5,00","5,00","5,00","5,00","4,94","1898","1889","ОК","ОК",
21-май-2026,16:28:25.969,"0,0","None","0,00","19020111","19020111","546,8","5,6","5,6","240","51","262","265","260","262","275","276","270","278","262","274","273","269","257","280","267","282","29,8","29,7","Главный","Главный","0","0","0,00","0,00","1552","1567","0,00","0,00","1","144","0","0","0","0","0","0","27,5","27,5","1,8","3,1","0,0","0,0","3,2","3,1","3,3","3,2","3,0","2,9","3,1","2,9","3,2","3,0","3,0","3,1","3,3","2,9","3,1","2,9","0,0","0,0","0,00","0,00","Нет","Нет","Разомкнут","Разомкнут","Выкл.","Выкл.","0","0","0","0","Не задано","Не задано","Допустимый сигнал","Допустимый сигнал","Синхронизация поддерживается","Синхронизация поддерживается","Допустимый сигнал","Допустимый сигнал","Синхронизация поддерживается","Синхронизация поддерживается","271,5","267,5","269,5","62","61","0,00","0,00","5,00","5,00","5,00","5,00","5,00","5,00","5,00","5,00","1906","1905","ОК","ОК",
21-май-2026,16:28:26.969,"0,0","None","0,00","19020111","19020111","542,9","5,6","5,6","231","60","262","265","260","262","275","276","270","278","262","273","273","268","257","280","266","282","29,7","29,7","Главный","Главный","0","0","0,00","0,00","1479","1562","0,00","0,00","1","144","0","0","0","0","0","0","27,6","27,4","1,8","2,9","0,0","0,0","3,2","3,1","3,3","3,2","3,0","2,9","3,1","2,9","3,2","3,0","3,0","3,1","3,3","2,9","3,1","2,9","0,0","0,0","0,00","0,00","Нет","Нет","Разомкнут","Разомкнут","Выкл.","Выкл.","0","0","0","0","Не задано","Не задано","Допустимый сигнал","Допустимый сигнал","Синхронизация поддерживается","Синхронизация поддерживается","Допустимый сигнал","Допустимый сигнал","Синхронизация поддерживается","Синхронизация поддерживается","271,5","267,5","269,3","62","61","0,00","0,00","5,00","5,00","5,00","5,00","5,00","5,00","5,00","4,94","1916","1899","ОК","ОК",
21-май-2026,16:28:27.969,"0,0","None","0,00","19020111","19020111","542,4","5,6","5,6","236","49","262","265","260","262","275","276","269","278","262","274","273","269","257","280","266","282","29,7","29,7","Главный","Главный","0","0","0,00","0,00","1548","1543","0,00","0,00","1","144","0","0","0","0","0","0","27,6","27,6","1,8","3,0","0,0","0,0","3,2","3,1","3,3","3,2","3,0","2,9","3,1","2,9","3,2","3,0","3,0","3,1","3,3","2,9","3,1","2,9","0,0","0,0","0,00","0,00","Нет","Нет","Разомкнут","Разомкнут","Выкл.","Выкл.","0","0","0","0","Не задано","Не задано","Допустимый сигнал","Допустимый сигнал","Синхронизация поддерживается","Синхронизация поддерживается","Допустимый сигнал","Допустимый сигнал","Синхронизация поддерживается","Синхронизация поддерживается","271,3","267,5","269,3","62","61","0,00","0,00","5,00","5,00","5,00","5,00","5,00","5,00","5,00","5,00","1876","1882","ОК","ОК",
21-май-2026,16:28:28.969,"0,0","None","0,00","19020111","19020111","549,3","5,6","5,6","238","63","263","265","260","262","275","276","337","278","262","274","273","269","257","280","266","282","29,7","29,7","Главный","Главный","0","0","0,00","0,00","1572","1545","0,00","0,00","1","144","0","0","0","0","0","0","27,6","27,6","1,8","3,0","0,0","0,0","3,2","3,1","3,3","3,2","3,0","2,9","1,5","2,9","3,2","3,0","3,0","3,1","3,3","2,9","3,1","2,9","0,0","0,0","0,00","0,00","Нет","Нет","Разомкнут","Разомкнут","Выкл.","Выкл.","0","0","0","0","Не задано","Не задано","Допустимый сигнал","Допустимый сигнал","Синхронизация поддерживается","Синхронизация поддерживается","Допустимый сигнал","Допустимый сигнал","Синхронизация поддерживается","Синхронизация поддерживается","271,3","267,5","269,3","62","61","0,00","0,00","5,00","5,00","5,00","5,00","5,00","5,00","5,00","4,94","1873","1870","ОК","ОК",
21-май-2026,16:28:29.969,"0,0","None","0,00","19020111","19020111","538,1","5,6","5,6","240","52","263","265","260","262","275","276","292","278","262","274","273","269","258","280","266","281","29,7","29,8","Главный","Главный","0","0","0,00","0,00","1560","1570","0,00","0,00","1","144","0","0","0","0","0","0","27,6","27,5","1,8","3,1","0,0","0,0","3,2","3,1","3,2","3,2","3,0","2,9","3,1","2,9","3,2","3,0","3,0","3,1","3,3","2,9","3,1","2,9","0,0","0,0","0,00","0,00","Нет","Нет","Разомкнут","Разомкнут","Выкл.","Выкл.","0","0","0","0","Не задано","Не задано","Допустимый сигнал","Допустимый сигнал","Синхронизация поддерживается","Синхронизация поддерживается","Допустимый сигнал","Допустимый сигнал","Синхронизация поддерживается","Синхронизация поддерживается","279,8","267,5","269,3","62","61","0,00","0,00","5,00","5,00","5,00","5,00","5,00","5,00","5,00","5,00","1890","1883","ОК","ОК",
21-май-2026,16:28:30.969,"0,0","None","0,00","19020111","19020111","555,0","5,6","5,6","243","80","263","265","260","262","275","276","277","278","262","274","273","269","258","280","266","281","29,8","29,8","Главный","Главный","0","0","0,00","0,00","1567","1565","0,00","0,00","1","144","0","0","0","0","0","0","27,6","27,6","1,8","3,1","0,0","0,0","3,2","3,1","3,3","3,2","3,0","2,9","3,1","2,9","3,2","3,0","3,0","3,1","3,3","2,9","3,1","2,9","0,0","0,0","0,00","0,00","Нет","Нет","Разомкнут","Разомкнут","Выкл.","Выкл.","0","0","0","0","Не задано","Не задано","Допустимый сигнал","Допустимый сигнал","Синхронизация поддерживается","Синхронизация поддерживается","Допустимый сигнал","Допустимый сигнал","Синхронизация поддерживается","Синхронизация поддерживается","274,3","267,5","270,0","63","61","0,00","0,00","5,00","5,00","5,00","5,00","5,00","5,00","5,00","4,94","1902","1896","ОК","ОК",
21-май-2026,16:28:31.969,"0,0","None","0,00","19020111","19020111","543,1","5,6","5,6","241","58","263","265","260","262","275","276","272","278","262","273","273","269","257","280","266","281","29,7","29,8","Главный","Главный","0","0","0,00","0,00","1538","1540","0,00","0,00","1","144","0","0","0","0","0","0","27,6","27,6","1,8","3,1","0,0","0,0","3,2","3,1","3,3","3,2","3,0","3,0","3,1","2,9","3,2","3,0","3,0","3,1","3,3","2,9","3,1","2,9","0,0","0,0","0,00","0,00","Нет","Нет","Разомкнут","Разомкнут","Выкл.","Выкл.","0","0","0","0","Не задано","Не задано","Допустимый сигнал","Допустимый сигнал","Синхронизация поддерживается","Синхронизация поддерживается","Допустимый сигнал","Допустимый сигнал","Синхронизация поддерживается","Синхронизация поддерживается","272,3","267,5","270,0","63","61","0,00","0,00","5,00","5,00","5,00","5,00","5,00","5,00","4,94","4,94","1861","1852","ОК","ОК",
21-май-2026,16:28:32.969,"0,0","None","0,00","19020111","19020111","543,1","5,6","5,6","242","63","263","264","260","262","275","275","281","277","262","273","272","269","256","280","265","281","29,7","29,7","Главный","Главный","0","0","0,00","0,00","1533","1550","0,00","0,00","1","144","0","0","0","0","0","0","27,5","27,6","1,8","3,0","0,0","0,0","3,2","3,2","3,3","3,2","3,0","3,0","2,8","2,9","3,2","3,0","3,0","3,1","3,3","2,9","3,1","2,9","0,0","0,0","0,00","0,00","Нет","Нет","Разомкнут","Разомкнут","Выкл.","Выкл.","0","0","0","0","Не задано","Не задано","Допустимый сигнал","Допустимый сигнал","Синхронизация поддерживается","Синхронизация поддерживается","Допустимый сигнал","Допустимый сигнал","Синхронизация поддерживается","Синхронизация поддерживается","271,5","266,8","269,3","63","61","0,00","0,00","5,00","5,00","5,00","5,00","5,00","5,00","5,00","5,00","1909","1880","ОК","ОК",
21-май-2026,16:28:33.969,"0,0","None","0,00","19020111","19020111","534,6","5,6","5,6","242","53","263","264","260","261","274","275","338","277","262","273","272","269","256","280","265","280","29,8","29,7","Главный","Главный","0","0","0,00","0,00","1538","1533","0,00","0,00","1","144","0","0","0","0","0","0","27,5","27,6","1,8","3,1","0,0","0,0","3,2","3,2","3,3","3,2","3,0","3,0","1,6","2,9","3,2","3,0","3,0","3,1","3,3","2,9","3,1","2,9","0,0","0,0","0,00","0,00","Нет","Нет","Разомкнут","Разомкнут","Выкл.","Выкл.","0","0","0","0","Не задано","Не задано","Допустимый сигнал","Допустимый сигнал","Синхронизация поддерживается","Синхронизация поддерживается","Допустимый сигнал","Допустимый сигнал","Синхронизация поддерживается","Синхронизация поддерживается","272,5","266,5","269,3","63","61","0,00","0,00","5,00","5,00","5,00","5,00","5,00","5,00","5,00","5,00","1885","1894","ОК","ОК",
21-май-2026,16:28:34.969,"0,0","None","0,00","19020111","19020111","544,0","5,6","5,6","242","56","263","264","260","261","274","275","371","277","262","273","272","269","256","280","264","280","29,8","29,8","Главный","Главный","0","0","0,00","0,00","1550","1516","0,00","0,00","1","144","0","0","0","0","0","0","27,4","27,5","1,8","3,1","0,0","0,0","3,2","3,2","3,3","3,2","3,0","3,0","1,3","2,9","3,2","3,0","3,0","3,1","3,3","2,9","3,2","2,9","0,0","0,0","0,00","0,00","Нет","Нет","Разомкнут","Разомкнут","Выкл.","Выкл.","0","0","0","0","Не задано","Не задано","Допустимый сигнал","Допустимый сигнал","Синхронизация поддерживается","Синхронизация поддерживается","Допустимый сигнал","Допустимый сигнал","Синхронизация поддерживается","Синхронизация поддерживается","279,5","266,5","269,3","63","61","0,00","0,00","5,00","5,00","5,00","5,00","5,00","5,00","5,00","4,94","1892","1885","ОК","ОК",
21-май-2026,16:28:35.969,"0,0","None","0,00","19020111","19020111","548,8","5,6","5,6","242","54","263","264","260","261","274","275","309","277","262","273","272","268","256","279","264","280","29,8","29,8","Главный","Главный","0","0","0,00","0,00","1550","1538","0,00","0,00","1","144","0","0","0","0","0","0","27,6","27,6","1,8","3,1","0,0","0,0","3,2","3,2","3,3","3,2","3,0","3,0","2,9","2,9","3,2","3,0","3,0","3,1","3,3","2,9","3,2","2,9","0,0","0,0","0,00","0,00","Нет","Нет","Разомкнут","Разомкнут","Выкл.","Выкл.","0","0","0","0","Не задано","Не задано","Допустимый сигнал","Допустимый сигнал","Синхронизация поддерживается","Синхронизация поддерживается","Допустимый сигнал","Допустимый сигнал","Синхронизация поддерживается","Синхронизация поддерживается","283,5","266,5","269,3","63","61","0,00","0,00","5,00","5,00","5,00","5,00","5,00","5,00","5,00","5,00","1901","1895","ОК","ОК",
21-май-2026,16:28:36.969,"0,0","None","0,00","19020111","19020111","544,1","5,6","5,6","243","48","263","264","260","261","274","274","282","277","262","273","272","268","256","279","264","280","29,8","29,8","Главный","Главный","0","0","0,00","0,00","1535","1526","0,00","0,00","1","144","0","0","0","0","0","0","27,6","27,6","1,8","3,1","0,0","0,0","3,2","3,2","3,3","3,2","3,0","3,0","3,1","2,9","3,2","3,0","3,1","3,1","3,3","2,9","3,2","2,9","0,0","0,0","0,00","0,00","Нет","Нет","Разомкнут","Разомкнут","Выкл.","Выкл.","0","0","0","0","Не задано","Не задано","Допустимый сигнал","Допустимый сигнал","Синхронизация поддерживается","Синхронизация поддерживается","Допустимый сигнал","Допустимый сигнал","Синхронизация поддерживается","Синхронизация поддерживается","275,8","266,3","269,0","63","61","0,00","0,00","5,00","5,00","5,00","5,00","5,00","5,00","5,00","4,94","1894","1901","ОК","ОК",
21-май-2026,16:28:37.969,"0,0","None","0,00","19020111","19020111","551,5","5,6","5,6","244","76","262","264","260","261","274","274","325","276","261","272","272","268","256","279","264","280","29,8","29,8","Главный","Главный","0","0","0,00","0,00","1562","1538","0,00","0,00","1","144","0","0","0","0","0","0","27,6","27,4","1,8","3,1","0,0","0,0","3,2","3,2","3,3","3,2","3,0","3,0","1,9","2,9","3,2","3,0","3,1","3,1","3,3","2,9","3,2","2,9","0,0","0,0","0,00","0,00","Нет","Нет","Разомкнут","Разомкнут","Выкл.","Выкл.","0","0","0","0","Не задано","Не задано","Допустимый сигнал","Допустимый сигнал","Синхронизация поддерживается","Синхронизация поддерживается","Допустимый сигнал","Допустимый сигнал","Синхронизация поддерживается","Синхронизация поддерживается","272,3","266,3","269,0","63","61","0,00","0,00","5,00","5,00","5,00","5,00","5,00","5,00","5,00","4,94","1900","1900","ОК","ОК",
21-май-2026,16:28:38.969,"0,0","None","0,00","19020111","19020111","552,8","5,6","5,6","246","64","262","264","260","261","274","274","287","276","261","272","272","268","256","279","264","279","29,8","29,8","Главный","Главный","0","0","0,00","0,00","1562","1550","0,00","0,00","1","144","0","0","0","0","0","0","27,6","27,6","1,8","3,1","0,0","0,0","3,2","3,2","3,3","3,2","3,0","3,0","3,1","2,9","3,2","3,0","3,1","3,1","3,3","2,9","3,2","2,9","0,0","0,0","0,00","0,00","Нет","Нет","Разомкнут","Разомкнут","Выкл.","Выкл.","0","0","0","0","Не задано","Не задано","Допустимый сигнал","Допустимый сигнал","Синхронизация поддерживается","Синхронизация поддерживается","Допустимый сигнал","Допустимый сигнал","Синхронизация поддерживается","Синхронизация поддерживается","277,5","266,0","268,8","63","61","0,00","0,00","5,00","5,00","5,00","5,00","5,00","5,00","5,00","5,00","1895","1904","ОК","ОК",
21-май-2026,16:28:39.969,"0,0","None","0,00","19020111","19020111","558,9","5,6","5,6","245","68","262","263","260","261","274","274","276","276","261","272","272","268","256","278","264","279","29,8","29,8","Главный","Главный","0","0","0,00","0,00","1562","1540","0,00","0,00","1","144","0","0","0","0","0","0","27,6","27,6","1,8","3,1","0,0","0,0","3,2","3,2","3,3","3,2","3,0","3,0","3,1","2,9","3,2","3,0","3,1","3,1","3,3","2,9","3,2","2,9","0,0","0,0","0,00","0,00","Нет","Нет","Разомкнут","Разомкнут","Выкл.","Выкл.","0","0","0","0","Не задано","Не задано","Допустимый сигнал","Допустимый сигнал","Синхронизация поддерживается","Синхронизация поддерживается","Допустимый сигнал","Допустимый сигнал","Синхронизация поддерживается","Синхронизация поддерживается","272,8","265,8","268,8","63","61","0,00","0,00","5,00","5,00","5,00","5,00","5,00","5,00","5,00","4,94","1894","1886","ОК","ОК",
21-май-2026,16:28:40.969,"0,0","None","0,00","19020111","19020111","560,1","5,6","5,6","246","69","262","263","259","260","273","274","276","276","261","272","272","268","255","278","263","279","29,8","29,8","Главный","Главный","0","0","0,00","0,00","1530","1552","0,00","0,00","1","144","0","0","0","0","0","0","27,5","27,6","1,8","3,1","0,0","0,0","3,2","3,2","3,3","3,3","3,0","3,0","2,9","2,9","3,2","3,0","3,1","3,1","3,3","2,9","3,2","2,9","0,0","0,0","0,00","0,00","Нет","Нет","Разомкнут","Разомкнут","Выкл.","Выкл.","0","0","0","0","Не задано","Не задано","Допустимый сигнал","Допустимый сигнал","Синхронизация поддерживается","Синхронизация поддерживается","Допустимый сигнал","Допустимый сигнал","Синхронизация поддерживается","Синхронизация поддерживается","271,0","265,5","268,5","63","61","0,00","0,00","5,00","5,00","5,00","5,00","5,00","5,00","5,00","5,00","1894","1890","ОК","ОК",
21-май-2026,16:28:41.969,"0,0","None","0,00","19020111","19020111","540,1","5,6","5,6","242","57","262","263","259","260","273","274","294","276","261","272","271","268","255","278","263","278","29,8","29,8","Главный","Главный","0","0","0,00","0,00","1535","1570","0,00","0,00","1","144","0","0","0","0","0","0","27,6","27,5","1,8","3,1","0,0","0,0","3,2","3,2","3,3","3,3","3,0","3,0","2,5","2,9","3,2","3,0","3,1","3,1","3,3","2,9","3,2","2,9","0,0","0,0","0,00","0,00","Нет","Нет","Разомкнут","Разомкнут","Выкл.","Выкл.","0","0","0","0","Не задано","Не задано","Допустимый сигнал","Допустимый сигнал","Синхронизация поддерживается","Синхронизация поддерживается","Допустимый сигнал","Допустимый сигнал","Синхронизация поддерживается","Синхронизация поддерживается","271,0","265,5","268,3","63","61","0,00","0,00","5,00","5,00","5,00","5,00","5,00","5,00","5,00","5,00","1900","1891","ОК","ОК",
21-май-2026,16:28:42.969,"0,0","None","0,00","19020111","19020111","538,8","5,6","5,6","244","52","262","262","259","260","273","274","332","276","261","272","271","268","255","278","263","278","29,8","29,8","Главный","Главный","0","0","0,00","0,00","1552","1565","0,00","0,00","1","144","0","0","0","0","0","0","27,5","27,6","1,8","3,1","0,0","0,0","3,2","3,2","3,3","3,3","3,0","3,0","1,8","2,9","3,2","3,1","3,1","3,1","3,3","2,9","3,2","2,9","0,0","0,0","0,00","0,00","Нет","Нет","Разомкнут","Разомкнут","Выкл.","Выкл.","0","0","0","0","Не задано","Не задано","Допустимый сигнал","Допустимый сигнал","Синхронизация поддерживается","Синхронизация поддерживается","Допустимый сигнал","Допустимый сигнал","Синхронизация поддерживается","Синхронизация поддерживается","273,3","265,5","268,3","63","61","0,00","0,00","5,00","5,00","5,00","5,00","5,00","5,00","5,00","4,94","1894","1899","ОК","ОК",
21-май-2026,16:28:43.969,"0,0","None","0,00","19020111","19020111","545,5","5,6","5,6","242","59","262","262","259","260","273","274","371","276","261","272","271","268","255","278","262","278","29,8","29,8","Главный","Главный","0","0","0,00","0,00","1533","1567","0,00","0,00","1","144","0","0","0","0","0","0","27,4","27,4","1,8","3,1","0,0","0,0","3,2","3,2","3,3","3,3","3,0","3,0","1,3","2,9","3,2","3,1","3,1","3,1","3,3","2,9","3,2","2,9","0,0","0,0","0,00","0,00","Нет","Нет","Разомкнут","Разомкнут","Выкл.","Выкл.","0","0","0","0","Не задано","Не задано","Допустимый сигнал","Допустимый сигнал","Синхронизация поддерживается","Синхронизация поддерживается","Допустимый сигнал","Допустимый сигнал","Синхронизация поддерживается","Синхронизация поддерживается","278,0","265,3","268,0","63","61","0,00","0,00","5,00","5,00","5,00","5,00","5,00","5,00","5,00","5,00","1891","1890","ОК","ОК",
21-май-2026,16:28:44.969,"0,0","None","0,00","19020111","19020111","538,0","5,6","5,6","239","46","262","262","259","260","273","274","338","276","261","272","271","268","255","278","262","278","29,8","29,8","Главный","Главный","0","0","0,00","0,00","1543","1535","0,00","0,00","1","144","0","0","0","0","0","0","27,6","27,6","1,8","3,1","0,0","0,0","3,2","3,2","3,3","3,3","3,0","3,0","2,3","2,9","3,2","3,1","3,1","3,1","3,3","2,9","3,2","2,9","0,0","0,0","0,00","0,00","Нет","Нет","Разомкнут","Разомкнут","Выкл.","Выкл.","0","0","0","0","Не задано","Не задано","Допустимый сигнал","Допустимый сигнал","Синхронизация поддерживается","Синхронизация поддерживается","Допустимый сигнал","Допустимый сигнал","Синхронизация поддерживается","Синхронизация поддерживается","282,5","265,3","268,0","63","61","0,00","0,00","5,00","5,00","5,00","5,00","5,00","5,00","5,00","5,00","1884","1901","ОК","ОК",
21-май-2026,16:28:45.969,"0,0","None","0,00","19020111","19020111","493,1","5,6","5,6","173","13","262","262","259","260","273","274","351","276","261","272","271","267","255","278","262","278","29,8","29,8","Главный","Главный","0","0","0,00","0,00","1389","1499","0,00","0,00","1","144","0","0","0","0","0","0","27,4","27,4","1,6","2,5","0,0","0,0","3,2","3,2","3,3","3,3","3,0","3,0","1,8","2,9","3,2","3,1","3,1","3,1","3,3","2,9","3,2","2,9","0,0","0,0","0,00","0,00","Нет","Нет","Разомкнут","Разомкнут","Выкл.","Выкл.","0","0","0","0","Не задано","Не задано","Допустимый сигнал","Допустимый сигнал","Синхронизация поддерживается","Синхронизация поддерживается","Допустимый сигнал","Допустимый сигнал","Синхронизация поддерживается","Синхронизация поддерживается","278,5","265,3","268,0","63","61","0,00","0,00","5,00","5,00","5,00","5,00","5,00","5,00","5,00","4,94","1689","1815","ОК","ОК",
21-май-2026,16:28:46.969,"0,0","None","0,00","19020111","19020111","519,0","5,6","5,6","174","96","262","262","259","260","273","274","295","276","261","272","271","268","255","278","262","278","29,8","29,8","Главный","Главный","0","0","0,00","0,00","1467","1362","0,00","0,00","1","144","0","0","0","0","0","0","27,5","27,6","1,7","2,5","0,0","0,0","3,2","3,2","3,3","3,3","3,0","3,0","3,1","2,9","3,2","3,1","3,1","3,1","3,3","2,9","3,2","2,9","0,0","0,0","0,00","0,00","Нет","Нет","Разомкнут","Разомкнут","Выкл.","Выкл.","0","0","0","0","Не задано","Не задано","Допустимый сигнал","Допустимый сигнал","Синхронизация поддерживается","Синхронизация поддерживается","Допустимый сигнал","Допустимый сигнал","Синхронизация поддерживается","Синхронизация поддерживается","280,0","265,3","268,0","63","61","0,00","0,00","5,00","5,00","5,00","5,00","5,00","5,00","5,00","4,94","1828","1708","ОК","ОК",
21-май-2026,16:28:47.969,"0,0","None","0,00","19020111","19020111","531,6","5,6","5,6","181","58","264","264","260","262","274","275","279","277","262","272","272","268","256","279","262","278","29,8","29,8","Главный","Главный","0","0","0,00","0,00","1489","1494","0,00","0,00","1","144","0","0","0","0","0","0","27,6","27,6","1,8","2,6","0,0","0,0","3,2","3,2","3,3","3,2","3,0","3,0","3,1","2,9","3,2","3,0","3,0","3,1","3,3","2,9","3,2","2,9","0,0","0,0","0,00","0,00","Нет","Нет","Разомкнут","Разомкнут","Выкл.","Выкл.","0","0","0","0","Не задано","Не задано","Допустимый сигнал","Допустимый сигнал","Синхронизация поддерживается","Синхронизация поддерживается","Допустимый сигнал","Допустимый сигнал","Синхронизация поддерживается","Синхронизация поддерживается","273,3","265,3","268,0","63","61","0,00","0,00","5,00","5,00","5,00","5,00","5,00","5,00","5,00","5,00","1826","1841","ОК","ОК",
21-май-2026,16:28:48.969,"0,0","None","0,00","19020111","19020111","473,6","5,6","5,6","147","5","265","265","261","263","275","276","274","278","264","273","273","269","257","280","263","278","29,8","29,8","Главный","Главный","0","0","0,00","0,00","1313","1484","0,00","0,00","1","144","0","0","0","0","0","0","27,3","27,4","1,6","2,3","0,0","0,0","3,1","3,1","3,2","3,2","2,9","2,9","3,1","2,9","3,2","3,0","3,0","3,1","3,3","2,9","3,2","2,9","0,0","0,0","0,00","0,00","Нет","Нет","Разомкнут","Разомкнут","Выкл.","Выкл.","0","0","0","0","Не задано","Не задано","Допустимый сигнал","Допустимый сигнал","Синхронизация поддерживается","Синхронизация поддерживается","Допустимый сигнал","Допустимый сигнал","Синхронизация поддерживается","Синхронизация поддерживается","271,8","266,3","268,8","63","61","0,00","0,00","5,00","5,00","5,00","5,00","5,00","5,00","5,00","5,00","1628","1794","ОК","ОК",
21-май-2026,16:28:49.969,"0,0","None","0,00","19020111","19020111","439,6","5,6","5,6","118","29","265","266","262","264","276","276","272","279","264","274","274","270","258","281","263","279","29,8","29,8","Главный","Главный","0","0","0,00","0,00","1301","1291","0,00","0,00","1","144","0","0","0","0","0","0","27,5","27,5","1,5","2,1","0,0","0,0","3,1","3,1","3,2","3,2","2,9","2,9","3,0","2,9","3,1","3,0","3,0","3,1","3,3","2,9","3,2","2,9","0,0","0,0","0,00","0,00","Нет","Нет","Разомкнут","Разомкнут","Выкл.","Выкл.","0","0","0","0","Не задано","Не задано","Допустимый сигнал","Допустимый сигнал","Синхронизация поддерживается","Синхронизация поддерживается","Допустимый сигнал","Допустимый сигнал","Синхронизация поддерживается","Синхронизация поддерживается","272,0","267,3","270,0","63","61","0,00","0,00","5,00","5,00","5,00","5,00","5,00","5,00","5,00","5,00","1547","1573","ОК","ОК",
21-май-2026,16:28:50.969,"0,0","None","0,00","19020111","19020111","433,8","5,6","5,6","89","43","266","266","262","265","278","277","273","280","266","275","275","271","259","282","264","279","29,8","29,8","Главный","Главный","0","0","0,00","0,00","1135","1269","0,00","0,00","1","144","0","0","0","0","0","0","27,5","27,4","1,5","1,9","0,0","0,0","3,1","3,1","3,2","3,1","2,9","2,9","3,0","2,9","3,1","3,0","3,0","3,1","3,3","2,9","3,2","2,9","0,0","0,0","0,00","0,00","Нет","Нет","Разомкнут","Разомкнут","Выкл.","Выкл.","0","0","0","0","Не задано","Не задано","Допустимый сигнал","Допустимый сигнал","Синхронизация поддерживается","Синхронизация поддерживается","Допустимый сигнал","Допустимый сигнал","Синхронизация поддерживается","Синхронизация поддерживается","272,5","268,0","270,3","63","61","0,00","0,00","5,00","5,00","5,00","5,00","5,00","5,00","5,00","4,94","1453","1513","ОК","ОК",
21-май-2026,16:28:51.969,"0,0","None","0,00","19020111","19020111","372,1","5,6","5,6","58","11","268","268","264","268","280","278","274","282","267","276","276","272","261","284","264","280","29,8","29,8","Главный","Главный","0","0","0,00","0,00","1039","1078","0,00","0,00","1","144","0","0","0","0","0","0","27,5","27,6","1,4","1,6","0,0","0,0","3,1","3,1","3,1","3,1","2,9","2,9","3,0","2,9","3,1","2,9","2,9","3,0","3,2","2,8","3,1","2,9","0,0","0,0","0,00","0,00","Нет","Нет","Разомкнут","Разомкнут","Выкл.","Выкл.","0","0","0","0","Не задано","Не задано","Допустимый сигнал","Допустимый сигнал","Синхронизация поддерживается","Синхронизация поддерживается","Допустимый сигнал","Допустимый сигнал","Синхронизация поддерживается","Синхронизация поддерживается","273,5","269,0","271,0","63","61","0,00","0,00","5,00","5,00","5,00","5,00","5,00","5,00","5,00","5,00","1227","1331","ОК","ОК",
21-май-2026,16:28:52.969,"0,0","None","0,00","19020111","19020111","363,3","5,6","5,6","44","46","271","271","266","271","282","280","277","284","270","278","278","275","263","287","265","281","29,8","29,8","Главный","Главный","0","0","0,00","0,00","1012","1027","0,00","0,00","1","144","0","0","0","0","0","0","27,6","27,6","1,4","1,5","0,0","0,0","3,0","3,0","3,1","3,0","2,8","2,9","2,9","2,8","3,1","2,9","2,9","2,9","3,1","2,8","3,1","2,9","0,0","0,0","0,00","0,00","Нет","Нет","Разомкнут","Разомкнут","Выкл.","Выкл.","0","0","0","0","Не задано","Не задано","Допустимый сигнал","Допустимый сигнал","Синхронизация поддерживается","Синхронизация поддерживается","Допустимый сигнал","Допустимый сигнал","Синхронизация поддерживается","Синхронизация поддерживается","275,3","270,5","272,5","63","61","0,00","0,00","5,00","5,00","5,00","5,00","5,00","5,00","5,00","4,94","1202","1196","ОК","ОК",
21-май-2026,16:28:53.969,"0,0","None","0,00","19020111","19020111","361,0","5,6","5,6","36","44","274","278","269","279","286","286","280","290","276","281","284","278","270","290","268","282","29,8","29,8","Главный","Главный","0","0","0,00","0,00","1025","1012","0,00","0,00","1","144","0","0","0","0","0","0","27,6","27,6","1,4","1,4","0,0","0,0","2,9","2,9","3,1","2,9","2,8","2,8","2,9","2,7","2,9","2,9","2,8","2,9","3,0","2,7","3,1","2,8","0,0","0,0","0,00","0,00","Нет","Нет","Разомкнут","Разомкнут","Выкл.","Выкл.","0","0","0","0","Не задано","Не задано","Допустимый сигнал","Допустимый сигнал","Синхронизация поддерживается","Синхронизация поддерживается","Допустимый сигнал","Допустимый сигнал","Синхронизация поддерживается","Синхронизация поддерживается","277,5","275,8","278,0","63","61","0,00","0,00","5,00","5,00","5,00","5,00","5,00","5,00","4,94","5,00","1188","1198","ОК","ОК",
21-май-2026,16:28:54.969,"0,0","None","0,00","19020111","19020111","374,3","5,6","5,6","35","63","278","280","272","283","289","289","284","294","280","284","287","281","273","293","270","284","29,8","29,8","Главный","Главный","0","0","0,00","0,00","1105","1017","0,00","0,00","1","144","0","0","0","0","0","0","27,6","27,4","1,4","1,4","0,0","0,0","2,9","2,9","3,0","2,8","2,7","2,7","2,8","2,6","2,9","2,8","2,8","2,9","3,0","2,6","3,1","2,8","0,0","0,0","0,00","0,00","Нет","Нет","Разомкнут","Разомкнут","Выкл.","Выкл.","0","0","0","0","Не задано","Не задано","Допустимый сигнал","Допустимый сигнал","Синхронизация поддерживается","Синхронизация поддерживается","Допустимый сигнал","Допустимый сигнал","Синхронизация поддерживается","Синхронизация поддерживается","280,5","279,0","281,3","62","61","0,00","0,00","5,00","5,00","5,00","5,00","5,00","5,00","5,00","5,00","1218","1187","ОК","ОК",
21-май-2026,16:28:55.969,"0,0","None","0,00","19020111","19020111","448,4","5,6","5,6","38","129","282","283","276","286","293","291","287","296","282","288","290","285","275","296","272","286","29,9","29,9","Главный","Главный","0","0","0,00","0,00","1540","1328","0,00","0,00","1","144","0","0","0","0","0","0","27,5","27,6","1,6","1,5","0,0","0,0","2,8","2,8","2,9","2,8","2,6","2,7","2,8","2,6","2,8","2,8","2,7","2,8","2,9","2,6","3,0","2,8","0,0","0,0","0,00","0,00","Нет","Нет","Разомкнут","Разомкнут","Выкл.","Выкл.","0","0","0","0","Не задано","Не задано","Допустимый сигнал","Допустимый сигнал","Синхронизация поддерживается","Синхронизация поддерживается","Допустимый сигнал","Допустимый сигнал","Синхронизация поддерживается","Синхронизация поддерживается","283,8","282,0","284,5","62","61","0,00","0,00","5,00","5,00","5,00","5,00","5,00","5,00","5,00","4,94","1511","1352","ОК","ОК",
21-май-2026,16:28:57.023,"0,0","None","0,00","19020111","19020111","504,4","5,6","5,6","46","106","284","284","279","288","296","292","290","298","284","290","291","288","276","299","272","288","29,9","29,9","Главный","Главный","0","0","0,00","0,00","1618","1601","0,00","0,00","1","144","0","0","0","0","0","0","27,6","27,4","1,6","1,6","0,0","0,0","2,8","2,8","2,9","2,8","2,6","2,7","2,7","2,6","2,8","2,7","2,7","2,8","2,9","2,6","3,0","2,8","0,0","0,0","0,00","0,00","Нет","Нет","Разомкнут","Разомкнут","Выкл.","Выкл.","0","0","0","0","Не задано","Не задано","Допустимый сигнал","Допустимый сигнал","Синхронизация поддерживается","Синхронизация поддерживается","Допустимый сигнал","Допустимый сигнал","Синхронизация поддерживается","Синхронизация поддерживается","287,0","284,5","287,0","62","61","0,00","0,00","5,00","5,00","5,00","5,00","5,00","5,00","4,94","5,00","1682","1600","ОК","ОК",
21-май-2026,16:28:58.023,"0,0","None","0,00","19020111","19020111","498,6","5,6","5,6","56","58","286","284","281","288","298","292","292","298","284","292","291","290","276","302","273","289","29,9","29,9","Главный","Главный","0","0","0,00","0,00","1577","1582","0,00","0,00","1","144","0","0","0","0","0","0","27,5","27,4","1,7","1,6","0,0","0,0","2,8","2,8","2,9","2,8","2,6","2,7","2,7","2,6","2,8","2,7","2,7","2,7","2,9","2,5","3,0","2,8","0,0","0,0","0,00","0,00","Нет","Нет","Разомкнут","Разомкнут","Выкл.","Выкл.","0","0","0","0","Не задано","Не задано","Допустимый сигнал","Допустимый сигнал","Синхронизация поддерживается","Синхронизация поддерживается","Допустимый сигнал","Допустимый сигнал","Синхронизация поддерживается","Синхронизация поддерживается","289,5","285,5","288,5","62","61","0,00","0,00","5,00","5,00","5,00","5,00","5,00","5,00","4,94","5,00","1686","1707","ОК","ОК",
21-май-2026,16:28:59.299,"0,0","None","0,00","19020111","19020111","498,6","5,6","5,6","56","58","285","284","281","288","300","292","294","298","284","293","291","291","276","304","273","290","29,9","29,9","Главный","Главный","0","0","0,00","0,00","1577","1582","0,00","0,00","1","144","0","0","0","0","0","0","27,5","27,6","1,7","1,6","0,0","0,0","2,8","2,8","2,9","2,8","2,6","2,7","2,6","2,6","2,8","2,7","2,7","2,7","2,9","2,5","3,0","2,8","0,0","0,0","0,00","0,00","Нет","Нет","Разомкнут","Разомкнут","Выкл.","Выкл.","0","0","0","0","Не задано","Не задано","Допустимый сигнал","Допустимый сигнал","Синхронизация поддерживается","Синхронизация поддерживается","Допустимый сигнал","Допустимый сигнал","Синхронизация поддерживается","Синхронизация поддерживается","291,3","285,5","288,5","62","61","0,00","0,00","5,00","5,00","5,00","5,00","5,00","5,00","4,94","4,94","1686","1665","ОК","ОК",
21-май-2026,16:29:00.299,"0,0","None","0,00","19020111","19020111","448,9","5,6","5,6","73","34","282","283","279","288","302","290","295","298","282","291","291","290","275","305","273","290","29,9","29,9","Главный","Главный","0","0","0,00","0,00","1584","1574","0,00","0,00","1","144","0","0","0","0","0","0","27,6","27,6","1,6","1,8","0,0","0,0","2,9","2,9","2,9","2,8","2,6","2,8","2,6","2,6","2,9","2,8","2,8","2,8","3,0","2,5","3,0","2,8","0,0","0,0","0,00","0,00","Нет","Нет","Разомкнут","Разомкнут","Выкл.","Выкл.","0","0","0","0","Не задано","Не задано","Допустимый сигнал","Допустимый сигнал","Синхронизация поддерживается","Синхронизация поддерживается","Допустимый сигнал","Допустимый сигнал","Синхронизация поддерживается","Синхронизация поддерживается","292,0","285,8","289,0","62","61","0,00","0,00","5,00","5,00","5,00","5,00","5,00","5,00","5,00","5,00","1560","1553","ОК","ОК",
21-май-2026,16:29:01.299,"0,0","None","0,00","19020111","19020111","448,9","5,6","5,6","73","34","282","283","279","288","302","290","295","298","282","291","291","290","275","305","273","290","29,9","29,9","Главный","Главный","0","0","0,00","0,00","1584","1574","0,00","0,00","1","144","0","0","0","0","0","0","27,6","27,6","1,6","1,8","0,0","0,0","2,9","2,9","2,9","2,8","2,6","2,8","2,6","2,6","2,9","2,8","2,8","2,8","3,0","2,5","3,0","2,8","0,0","0,0","0,00","0,00","Нет","Нет","Разомкнут","Разомкнут","Выкл.","Выкл.","0","0","0","0","Не задано","Не задано","Допустимый сигнал","Допустимый сигнал","Синхронизация поддерживается","Синхронизация поддерживается","Допустимый сигнал","Допустимый сигнал","Синхронизация поддерживается","Синхронизация поддерживается","292,0","285,8","289,0","62","61","0,00","0,00","5,00","5,00","5,00","5,00","5,00","5,00","5,00","5,00","1560","1553","ОК","ОК",
21-май-2026,16:29:02.299,"0,0","None","0,00","19020111","19020111","477,8","5,6","5,6","103","62","278","280","274","285","301","287","294","294","278","288","288","288","272","304","272","288","29,9","30,0","Главный","Главный","0","0","0,00","0,00","1587","1584","0,00","0,00","1","144","0","0","0","0","0","0","27,6","27,5","1,6","1,9","0,0","0,0","2,9","2,9","3,0","2,8","2,6","2,8","2,7","2,7","2,9","2,8","2,8","2,8","3,1","2,5","3,1","2,8","0,0","0,0","0,00","0,00","Нет","Нет","Разомкнут","Разомкнут","Выкл.","Выкл.","0","0","0","0","Не задано","Не задано","Допустимый сигнал","Допустимый сигнал","Синхронизация поддерживается","Синхронизация поддерживается","Допустимый сигнал","Допустимый сигнал","Синхронизация поддерживается","Синхронизация поддерживается","290,5","283,8","287,5","62","61","0,00","0,00","5,00","5,00","5,00","5,00","5,00","5,00","5,00","5,00","1650","1655","ОК","ОК",
21-май-2026,16:29:03.299,"0,0","None","0,00","19020111","19020111","490,3","5,6","5,6","122","55","276","278","272","283","299","284","293","292","276","286","287","286","270","302","270","287","30,0","30,0","Главный","Главный","0","0","0,00","0,00","1562","1570","0,00","0,00","1","144","0","0","0","0","0","0","27,6","27,6","1,6","2,1","0,0","0,0","3,0","2,9","3,1","2,9","2,6","2,9","2,7","2,7","3,0","2,8","2,8","2,8","3,1","2,6","3,1","2,8","0,0","0,0","0,00","0,00","Нет","Нет","Разомкнут","Разомкнут","Выкл.","Выкл.","0","0","0","0","Не задано","Не задано","Допустимый сигнал","Допустимый сигнал","Синхронизация поддерживается","Синхронизация поддерживается","Допустимый сигнал","Допустимый сигнал","Синхронизация поддерживается","Синхронизация поддерживается","289,3","282,0","286,0","62","61","0,00","0,00","5,00","5,00","5,00","5,00","5,00","5,00","5,00","4,94","1693","1702","ОК","ОК",
21-май-2026,16:29:04.299,"0,0","None","0,00","19020111","19020111","506,1","5,6","5,6","148","59","273","275","269","280","297","282","291","290","274","283","285","284","266","300","269","286","30,0","30,1","Главный","Главный","0","0","0,00","0,00","1565","1599","0,00","0,00","1","144","0","0","0","0","0","0","27,6","27,6","1,7","2,3","0,0","0,0","3,1","3,0","3,1","2,9","2,6","2,9","2,8","2,8","3,0","2,9","2,8","2,9","3,1","2,6","3,1","2,8","0,0","0,0","0,00","0,00","Нет","Нет","Разомкнут","Разомкнут","Выкл.","Выкл.","0","0","0","0","Не задано","Не задано","Допустимый сигнал","Допустимый сигнал","Синхронизация поддерживается","Синхронизация поддерживается","Допустимый сигнал","Допустимый сигнал","Синхронизация поддерживается","Синхронизация поддерживается","287,3","280,0","284,3","63","61","0,00","0,00","5,00","5,00","5,00","5,00","5,00","5,00","4,94","5,00","1756","1773","ОК","ОК",
21-май-2026,16:29:05.299,"0,0","None","0,00","19020111","19020111","530,1","5,6","5,6","182","69","270","272","266","277","294","280","289","288","271","280","282","282","264","297","268","284","30,1","30,2","Главный","Главный","0","0","0,00","0,00","1596","1601","0,00","0,00","1","144","0","0","0","0","0","0","27,6","27,5","1,8","2,6","0,0","0,0","3,1","3,1","3,1","3,0","2,7","2,9","2,8","2,8","3,1","2,9","2,9","2,9","3,2","2,6","3,1","2,9","0,0","0,0","0,00","0,00","Нет","Нет","Разомкнут","Разомкнут","Выкл.","Выкл.","0","0","0","0","Не задано","Не задано","Допустимый сигнал","Допустимый сигнал","Синхронизация поддерживается","Синхронизация поддерживается","Допустимый сигнал","Допустимый сигнал","Синхронизация поддерживается","Синхронизация поддерживается","285,0","277,8","282,0","63","61","0,00","0,00","5,00","5,00","5,00","5,00","5,00","5,00","5,00","4,94","1836","1830","ОК","ОК",
21-май-2026,16:29:06.299,"0,0","None","0,00","19020111","19020111","522,8","5,6","5,6","206","35","268","268","264","271","291","275","286","283","266","278","278","279","258","294","264","282","30,2","30,2","Главный","Главный","0","0","0,00","0,00","1574","1577","0,00","0,00","1","144","0","0","0","0","0","0","27,6","27,6","1,8","2,8","0,0","0,0","3,1","3,1","3,2","3,1","2,8","3,0","2,8","2,9","3,2","2,9","3,0","2,9","3,3","2,7","3,2","2,9","0,0","0,0","0,00","0,00","Нет","Нет","Разомкнут","Разомкнут","Выкл.","Выкл.","0","0","0","0","Не задано","Не задано","Допустимый сигнал","Допустимый сигнал","Синхронизация поддерживается","Синхронизация поддерживается","Допустимый сигнал","Допустимый сигнал","Синхронизация поддерживается","Синхронизация поддерживается","282,5","275,3","279,8","63","61","0,00","0,00","5,00","5,00","5,00","5,00","5,00","5,00","5,00","5,00","1855","1860","ОК","ОК",
21-май-2026,16:29:07.299,"0,0","None","0,00","19020111","19020111","509,1","5,6","5,6","208","35","266","264","261","267","288","272","312","279","262","276","274","277","255","291","261","280","30,3","30,3","Главный","Главный","0","0","0,00","0,00","1477","1362","0,00","0,00","1","144","0","0","0","0","0","0","27,6","27,5","1,7","2,8","0,0","0,0","3,1","3,2","3,3","3,2","2,8","3,1","2,2","2,9","3,3","3,0","3,0","3,0","3,4","2,8","3,3","2,9","0,0","0,0","0,00","0,00","Нет","Нет","Разомкнут","Разомкнут","Выкл.","Выкл.","0","0","0","0","Не задано","Не задано","Допустимый сигнал","Допустимый сигнал","Синхронизация поддерживается","Синхронизация поддерживается","Допустимый сигнал","Допустимый сигнал","Синхронизация поддерживается","Синхронизация поддерживается","280,0","270,3","275,8","63","61","0,00","0,00","5,00","5,00","5,00","5,00","5,00","5,00","5,00","5,00","1804","1650","ОК","ОК",
21-май-2026,16:29:08.299,"0,0","None","0,00","19020111","19020111","469,8","5,6","5,6","137","5","265","262","260","264","285","270","292","277","260","274","272","275","253","289","259","279","30,3","30,3","Главный","Главный","0","0","0,00","0,00","1247","1269","0,00","0,00","1","144","0","0","0","0","0","0","27,4","27,4","1,6","2,3","0,0","0,0","3,1","3,2","3,3","3,2","2,8","3,1","2,9","2,9","3,3","3,0","3,1","3,0","3,4","2,8","3,3","2,9","0,0","0,0","0,00","0,00","Нет","Нет","Разомкнут","Разомкнут","Выкл.","Выкл.","0","0","0","0","Не задано","Не задано","Допустимый сигнал","Допустимый сигнал","Синхронизация поддерживается","Синхронизация поддерживается","Допустимый сигнал","Допустимый сигнал","Синхронизация поддерживается","Синхронизация поддерживается","281,3","266,8","272,5","63","61","0,00","0,00","5,00","5,00","5,00","5,00","5,00","5,00","5,00","4,94","1597","1604","ОК","ОК",
21-май-2026,16:29:09.299,"0,0","None","0,00","19020111","19020111","478,0","5,6","5,6","135","70","267","261","260","263","284","270","285","276","260","274","271","275","252","289","258","279","30,4","30,4","Главный","Главный","0","0","0,00","0,00","1347","1601","0,00","0,00","1","144","0","0","0","0","0","0","27,6","27,5","1,6","2,3","0,0","0,0","3,1","3,2","3,3","3,2","2,8","3,1","2,9","2,9","3,3","3,0","3,1","3,0","3,4","2,8","3,3","2,9","0,0","0,0","0,00","0,00","Нет","Нет","Разомкнут","Разомкнут","Выкл.","Выкл.","0","0","0","0","Не задано","Не задано","Допустимый сигнал","Допустимый сигнал","Синхронизация поддерживается","Синхронизация поддерживается","Допустимый сигнал","Допустимый сигнал","Синхронизация поддерживается","Синхронизация поддерживается","277,5","264,8","270,5","63","61","0,00","0,00","5,00","5,00","5,00","5,00","5,00","5,00","5,00","4,94","1674","1675","ОК","ОК",
21-май-2026,16:29:10.299,"0,0","None","0,00","19020111","19020111","498,0","5,6","5,6","144","55","268","262","261","264","285","271","283","277","261","276","272","276","254","289","258","279","30,4","30,4","Главный","Главный","0","0","0,00","0,00","1623","1611","0,00","0,00","1","144","0","0","0","0","0","0","27,6","27,5","1,7","2,3","0,0","0,0","3,1","3,2","3,2","3,1","2,8","3,0","2,9","2,9","3,2","2,9","3,0","2,9","3,3","2,8","3,3","2,9","0,0","0,0","0,00","0,00","Нет","Нет","Разомкнут","Разомкнут","Выкл.","Выкл.","0","0","0","0","Не задано","Не задано","Допустимый сигнал","Допустимый сигнал","Синхронизация поддерживается","Синхронизация поддерживается","Допустимый сигнал","Допустимый сигнал","Синхронизация поддерживается","Синхронизация поддерживается","276,8","264,0","269,5","63","61","0,00","0,00","5,00","5,00","5,00","5,00","5,00","5,00","5,00","4,94","1721","1631","ОК","ОК",
21-май-2026,16:29:11.299,"0,0","None","0,00","19020111","19020111","445,9","5,6","5,6","105","5","268","265","261","267","285","274","283","280","264","276","274","276","256","289","260","279","30,5","30,4","Главный","Главный","0","0","0,00","0,00","1486","1611","0,00","0,00","1","144","0","0","0","0","0","0","27,5","27,5","1,6","2,0","0,0","0,0","3,1","3,1","3,2","3,1","2,8","3,0","2,9","2,9","3,1","2,9","3,0","2,9","3,3","2,8","3,3","2,9","0,0","0,0","0,00","0,00","Нет","Нет","Разомкнут","Разомкнут","Выкл.","Выкл.","0","0","0","0","Не задано","Не задано","Допустимый сигнал","Допустимый сигнал","Синхронизация поддерживается","Синхронизация поддерживается","Допустимый сигнал","Допустимый сигнал","Синхронизация поддерживается","Синхронизация поддерживается","276,8","266,5","271,8","63","61","0,00","0,00","5,00","5,00","5,00","5,00","5,00","5,00","4,94","4,94","1547","1631","ОК","ОК",
21-май-2026,16:29:12.729,"0,0","None","0,00","19020111","19020111","441,6","5,6","5,6","89","45","269","266","262","269","286","276","283","281","266","276","276","276","258","290","260","279","30,5","30,4","Главный","Главный","0","0","0,00","0,00","1203","1447","0,00","0,00","1","144","0","0","0","0","0","0","27,5","27,4","1,6","1,9","0,0","0,0","3,1","3,1","3,2","3,1","2,8","2,9","2,9","2,9","3,1","2,9","2,9","2,9","3,3","2,8","3,2","2,9","0,0","0,0","0,00","0,00","Нет","Нет","Разомкнут","Разомкнут","Выкл.","Выкл.","0","0","0","0","Не задано","Не задано","Допустимый сигнал","Допустимый сигнал","Синхронизация поддерживается","Синхронизация поддерживается","Допустимый сигнал","Допустимый сигнал","Синхронизация поддерживается","Синхронизация поддерживается","277,3","267,5","272,8","63","61","0,00","0,00","5,00","5,00","5,00","5,00","5,00","5,00","5,00","4,94","1507","1541","ОК","ОК",
21-май-2026,16:29:13.929,"0,0","None","0,00","19020111","19020111","461,5","5,6","5,6","91","73","272","270","265","273","290","278","285","284","268","279","278","279","261","293","262","280","30,5","30,5","Главный","Главный","0","0","0,00","0,00","1484","1440","0,00","0,00","1","144","0","0","0","0","0","0","27,5","27,5","1,6","1,9","0,0","0,0","3,0","3,1","3,1","3,0","2,7","2,9","2,8","2,8","3,1","2,9","2,9","2,9","3,2","2,7","3,2","2,9","0,0","0,0","0,00","0,00","Нет","Нет","Разомкнут","Разомкнут","Выкл.","Выкл.","0","0","0","0","Не задано","Не задано","Допустимый сигнал","Допустимый сигнал","Синхронизация поддерживается","Синхронизация поддерживается","Допустимый сигнал","Допустимый сигнал","Синхронизация поддерживается","Синхронизация поддерживается","279,0","270,5","275,5","63","61","0,00","0,00","5,00","5,00","5,00","5,00","5,00","5,00","4,94","4,94","1608","1519","ОК","ОК",
21-май-2026,16:29:14.988,"0,0","None","0,00","19020111","19020111","460,9","5,6","5,6","86","52","274","271","267","274","292","278","287","285","269","281","279","281","262","295","263","282","30,5","30,5","Главный","Главный","0","0","0,00","0,00","1310","1413","0,00","0,00","1","144","0","0","0","0","0","0","27,6","27,5","1,6","1,9","0,0","0,0","3,0","3,1","3,1","3,0","2,7","2,9","2,8","2,8","3,1","2,9","2,9","2,9","3,2","2,6","3,2","2,9","0,0","0,0","0,00","0,00","Нет","Нет","Разомкнут","Разомкнут","Выкл.","Выкл.","0","0","0","0","Не задано","Не задано","Допустимый сигнал","Допустимый сигнал","Синхронизация поддерживается","Синхронизация поддерживается","Допустимый сигнал","Допустимый сигнал","Синхронизация поддерживается","Синхронизация поддерживается","280,8","272,0","277,0","63","61","0,00","0,00","5,00","5,00","5,00","5,00","5,00","5,00","5,00","5,00","1603","1553","ОК","ОК",
21-май-2026,16:29:15.988,"0,0","None","0,00","19020111","19020111","453,4","5,6","5,6","85","48","274","271","268","275","294","279","288","286","270","282","280","282","262","296","263","282","30,5","30,5","Главный","Главный","0","0","0,00","0,00","1643","1442","0,00","0,00","1","144","0","0","0","0","0","0","27,5","27,5","1,6","1,8","0,0","0,0","3,0","3,1","3,1","3,0","2,6","2,9","2,8","2,8","3,1","2,9","2,9","2,9","3,2","2,6","3,2","2,9","0,0","0,0","0,00","0,00","Нет","Нет","Разомкнут","Разомкнут","Выкл.","Выкл.","0","0","0","0","Не задано","Не задано","Допустимый сигнал","Допустимый сигнал","Синхронизация поддерживается","Синхронизация поддерживается","Допустимый сигнал","Допустимый сигнал","Синхронизация поддерживается","Синхронизация поддерживается","282,3","272,8","278,0","63","61","0,00","0,00","5,00","5,00","5,00","5,00","5,00","5,00","5,00","4,94","1562","1528","ОК","ОК",
21-май-2026,16:29:16.988,"0,0","None","0,00","19020111","19020111","430,5","5,6","5,6","69","22","274","271","268","275","296","279","289","286","270","282","280","282","262","298","263","283","30,5","30,5","Главный","Главный","0","0","0,00","0,00","1535","1565","0,00","0,00","1","144","0","0","0","0","0","0","27,6","27,4","1,5","1,7","0,0","0,0","3,0","3,1","3,1","3,0","2,6","2,9","2,8","2,8","3,1","2,9","2,9","2,9","3,2","2,6","3,2","2,9","0,0","0,0","0,00","0,00","Нет","Нет","Разомкнут","Разомкнут","Выкл.","Выкл.","0","0","0","0","Не задано","Не задано","Допустимый сигнал","Допустимый сигнал","Синхронизация поддерживается","Синхронизация поддерживается","Допустимый сигнал","Допустимый сигнал","Синхронизация поддерживается","Синхронизация поддерживается","283,3","273,0","278,3","63","61","0,00","0,00","5,00","5,00","5,00","5,00","5,00","5,00","5,00","4,94","1415","1536","ОК","ОК",
21-май-2026,16:29:17.988,"0,0","None","0,00","19020111","19020111","405,0","5,6","5,6","59","33","274","272","268","276","296","280","290","287","270","283","280","283","262","298","264","283","30,6","30,5","Главный","Главный","0","0","0,00","0,00","1254","1428","0,00","0,00","1","144","0","0","0","0","0","0","27,5","27,3","1,4","1,6","0,0","0,0","3,0","3,0","3,1","2,9","2,6","2,9","2,8","2,8","3,1","2,9","2,9","2,9","3,2","2,6","3,2","2,8","0,0","0,0","0,00","0,00","Нет","Нет","Разомкнут","Разомкнут","Выкл.","Выкл.","0","0","0","0","Не задано","Не задано","Допустимый сигнал","Допустимый сигнал","Синхронизация поддерживается","Синхронизация поддерживается","Допустимый сигнал","Допустимый сигнал","Синхронизация поддерживается","Синхронизация поддерживается","284,0","273,3","278,5","63","61","0,00","0,00","5,00","5,00","5,00","5,00","5,00","5,00","5,00","4,94","1393","1377","ОК","ОК",
21-май-2026,16:29:18.988,"0,0","None","0,00","19020111","19020111","451,5","5,6","5,6","68","89","275","274","268","278","298","281","290","288","271","284","282","284","264","299","264","284","30,6","30,6","Главный","Главный","0","0","0,00","0,00","1550","1313","0,00","0,00","1","144","0","0","0","0","0","0","27,5","27,5","1,6","1,7","0,0","0,0","3,0","3,0","3,1","2,9","2,6","2,9","2,7","2,8","3,0","2,8","2,9","2,8","3,1","2,6","3,2","2,8","0,0","0,0","0,00","0,00","Нет","Нет","Разомкнут","Разомкнут","Выкл.","Выкл.","0","0","0","0","Не задано","Не задано","Допустимый сигнал","Допустимый сигнал","Синхронизация поддерживается","Синхронизация поддерживается","Допустимый сигнал","Допустимый сигнал","Синхронизация поддерживается","Синхронизация поддерживается","284,5","273,8","279,0","63","61","0,00","0,00","5,00","5,00","5,00","5,00","5,00","5,00","5,00","4,94","1548","1471","ОК","ОК",
21-май-2026,16:29:19.988,"0,0","None","0,00","19020111","19020111","459,5","5,6","5,6","76","58","277","274","270","279","299","281","292","289","272","284","282","285","264","300","264","284","30,6","30,6","Главный","Главный","0","0","0,00","0,00","1601","1606","0,00","0,00","1","144","0","0","0","0","0","0","27,5","27,6","1,6","1,8","0,0","0,0","2,9","3,0","3,1","2,9","2,6","2,9","2,7","2,8","3,0","2,8","2,9","2,8","3,1","2,6","3,1","2,8","0,0","0,0","0,00","0,00","Нет","Нет","Разомкнут","Разомкнут","Выкл.","Выкл.","0","0","0","0","Не задано","Не задано","Допустимый сигнал","Допустимый сигнал","Синхронизация поддерживается","Синхронизация поддерживается","Допустимый сигнал","Допустимый сигнал","Синхронизация поддерживается","Синхронизация поддерживается","285,3","275,0","280,3","63","61","0,00","0,00","5,00","5,00","5,00","5,00","5,00","5,00","5,00","5,00","1589","1519","ОК","ОК",
21-май-2026,16:29:21.028,"0,0","None","0,00","19020111","19020111","476,9","5,6","5,6","96","52","277","274","270","279","300","281","293","289","272","286","282","286","264","302","264","284","30,6","30,6","Главный","Главный","0","0","0,00","0,00","1577","1567","0,00","0,00","1","144","0","0","0","0","0","0","27,6","27,4","1,6","1,9","0,0","0,0","2,9","3,0","3,1","2,9","2,6","2,9","2,7","2,8","3,1","2,8","2,9","2,8","3,2","2,6","3,1","2,8","0,0","0,0","0,00","0,00","Нет","Нет","Разомкнут","Разомкнут","Выкл.","Выкл.","0","0","0","0","Не задано","Не задано","Допустимый сигнал","Допустимый сигнал","Синхронизация поддерживается","Синхронизация поддерживается","Допустимый сигнал","Допустимый сигнал","Синхронизация поддерживается","Синхронизация поддерживается","286,3","275,8","281,0","63","61","0,00","0,00","5,00","5,00","5,00","5,00","5,00","5,00","5,00","4,94","1650","1601","ОК","ОК",
21-май-2026,16:29:22.028,"0,0","None","0,00","19020111","19020111","481,6","5,6","5,6","116","57","277","273","270","278","302","280","294","288","270","286","281","286","263","303","264","285","30,6","30,7","Главный","Главный","0","0","0,00","0,00","1562","1589","0,00","0,00","1","144","0","0","0","0","0","0","27,5","27,4","1,6","2,1","0,0","0,0","2,9","3,0","3,1","2,9","2,6","2,9","2,7","2,8","3,1","2,8","2,9","2,8","3,2","2,5","3,2","2,8","0,0","0,0","0,00","0,00","Нет","Нет","Разомкнут","Разомкнут","Выкл.","Выкл.","0","0","0","0","Не задано","Не задано","Допустимый сигнал","Допустимый сигнал","Синхронизация поддерживается","Синхронизация поддерживается","Допустимый сигнал","Допустимый сигнал","Синхронизация поддерживается","Синхронизация поддерживается","287,3","275,8","281,3","63","61","0,00","0,00","5,00","5,00","5,00","5,00","5,00","5,00","5,00","4,94","1674","1663","ОК","ОК",
21-май-2026,16:29:23.277,"0,0","None","0,00","19020111","19020111","481,6","5,6","5,6","116","57","276","273","270","278","302","280","294","288","270","285","281","286","263","303","264","285","30,6","30,7","Главный","Главный","0","0","0,00","0,00","1562","1579","0,00","0,00","1","144","0","0","0","0","0","0","27,5","27,6","1,6","2,1","0,0","0,0","3,0","3,0","3,1","2,9","2,6","2,9","2,7","2,8","3,1","2,8","2,9","2,8","3,2","2,5","3,2","2,8","0,0","0,0","0,00","0,00","Нет","Нет","Разомкнут","Разомкнут","Выкл.","Выкл.","0","0","0","0","Не задано","Не задано","Допустимый сигнал","Допустимый сигнал","Синхронизация поддерживается","Синхронизация поддерживается","Допустимый сигнал","Допустимый сигнал","Синхронизация поддерживается","Синхронизация поддерживается","287,5","275,8","281,3","63","61","0,00","0,00","5,00","5,00","5,00","5,00","5,00","5,00","5,00","4,94","1674","1677","ОК","ОК",
21-май-2026,16:29:24.277,"0,0","None","0,00","19020111","19020111","454,5","5,6","5,6","95","26","273","271","266","276","299","278","291","287","269","282","280","283","261","300","264","283","30,7","30,7","Главный","Главный","0","0","0,00","0,00","1447","1477","0,00","0,00","1","144","0","0","0","0","0","0","27,6","27,5","1,6","1,9","0,0","0,0","3,0","3,1","3,1","3,0","2,6","2,9","2,8","2,8","3,1","2,9","2,9","2,9","3,3","2,6","3,2","2,9","0,0","0,0","0,00","0,00","Нет","Нет","Разомкнут","Разомкнут","Выкл.","Выкл.","0","0","0","0","Не задано","Не задано","Допустимый сигнал","Допустимый сигнал","Синхронизация поддерживается","Синхронизация поддерживается","Допустимый сигнал","Допустимый сигнал","Синхронизация поддерживается","Синхронизация поддерживается","286,0","274,8","280,5","63","61","0,00","0,00","5,00","5,00","5,00","5,00","5,00","5,00","5,00","5,00","1552","1536","ОК","ОК",
21-май-2026,16:29:25.277,"0,0","None","0,00","19020111","19020111","442,8","5,6","5,6","87","40","272","270","265","274","298","277","290","286","267","282","278","283","259","299","262","282","30,8","30,8","Главный","Главный","0","0","0,00","0,00","1589","1433","0,00","0,00","1","144","0","0","0","0","0","0","27,5","27,6","1,6","1,9","0,0","0,0","3,0","3,1","3,1","3,0","2,6","2,9","2,8","2,8","3,1","2,9","2,9","2,9","3,3","2,6","3,2","2,9","0,0","0,0","0,00","0,00","Нет","Нет","Разомкнут","Разомкнут","Выкл.","Выкл.","0","0","0","0","Не задано","Не задано","Допустимый сигнал","Допустимый сигнал","Синхронизация поддерживается","Синхронизация поддерживается","Допустимый сигнал","Допустимый сигнал","Синхронизация поддерживается","Синхронизация поддерживается","284,8","273,3","279,0","63","61","0,00","0,00","5,00","5,00","5,00","5,00","5,00","5,00","5,00","4,94","1524","1512","ОК","ОК",
21-май-2026,16:29:26.277,"0,0","None","0,00","19020111","19020111","425,9","5,6","5,6","74","35","273","270","266","274","298","277","291","285","267","282","278","283","259","299","262","282","30,8","30,8","Главный","Главный","0","0","0,00","0,00","1244","1120","0,00","0,00","1","144","0","0","0","0","0","0","27,5","27,5","1,5","1,8","0,0","0,0","3,0","3,1","3,1","3,0","2,6","2,9","2,7","2,8","3,1","2,9","2,9","2,9","3,3","2,6","3,2","2,9","0,0","0,0","0,00","0,00","Нет","Нет","Разомкнут","Разомкнут","Выкл.","Выкл.","0","0","0","0","Не задано","Не задано","Допустимый сигнал","Допустимый сигнал","Синхронизация поддерживается","Синхронизация поддерживается","Допустимый сигнал","Допустимый сигнал","Синхронизация поддерживается","Синхронизация поддерживается","284,3","271,8","277,5","63","61","0,00","0,00","5,00","5,00","5,00","5,00","5,00","5,00","5,00","5,00","1458","1436","ОК","ОК",
21-май-2026,16:29:27.277,"0,0","None","0,00","19020111","19020111","422,1","5,6","5,6","68","45","274","270","266","274","300","278","292","286","268","283","278","284","260","300","262","283","30,8","30,8","Главный","Главный","0","0","0,00","0,00","1183","1188","0,00","0,00","1","144","0","0","0","0","0","0","27,4","27,4","1,5","1,7","0,0","0,0","3,0","3,1","3,1","3,0","2,6","2,9","2,7","2,8","3,1","2,8","2,9","2,8","3,3","2,6","3,2","2,9","0,0","0,0","0,00","0,00","Нет","Нет","Разомкнут","Разомкнут","Выкл.","Выкл.","0","0","0","0","Не задано","Не задано","Допустимый сигнал","Допустимый сигнал","Синхронизация поддерживается","Синхронизация поддерживается","Допустимый сигнал","Допустимый сигнал","Синхронизация поддерживается","Синхронизация поддерживается","284,5","271,5","277,3","63","61","0,00","0,00","5,00","5,00","5,00","5,00","5,00","5,00","5,00","5,00","1437","1438","ОК","ОК",
21-май-2026,16:29:28.277,"0,0","None","0,00","19020111","19020111","424,4","5,6","5,6","63","43","276","272","268","276","302","278","293","287","269","284","280","285","261","302","262","283","30,9","30,9","Главный","Главный","0","0","0,00","0,00","1186","1178","0,00","0,00","1","144","0","0","0","0","0","0","27,4","27,6","1,5","1,7","0,0","0,0","2,9","3,0","3,1","2,9","2,6","2,9","2,7","2,8","3,1","2,8","2,9","2,8","3,2","2,5","3,2","2,8","0,0","0,0","0,00","0,00","Нет","Нет","Разомкнут","Разомкнут","Выкл.","Выкл.","0","0","0","0","Не задано","Не задано","Допустимый сигнал","Допустимый сигнал","Синхронизация поддерживается","Синхронизация поддерживается","Допустимый сигнал","Допустимый сигнал","Синхронизация поддерживается","Синхронизация поддерживается","285,3","271,8","277,5","63","61","0,00","0,00","5,00","5,00","5,00","5,00","5,00","5,00","5,00","5,00","1432","1470","ОК","ОК",
21-май-2026,16:29:29.277,"0,0","None","0,00","19020111","19020111","428,4","5,6","5,6","64","44","277","273","269","278","304","280","295","288","270","286","281","286","262","304","263","284","30,9","30,9","Главный","Главный","0","0","0,00","0,00","1235","1240","0,00","0,00","1","144","0","0","0","0","0","0","27,5","27,6","1,5","1,7","0,0","0,0","2,9","3,0","3,1","2,9","2,5","2,9","2,6","2,8","3,1","2,8","2,9","2,8","3,2","2,5","3,2","2,8","0,0","0,0","0,00","0,00","Нет","Нет","Разомкнут","Разомкнут","Выкл.","Выкл.","0","0","0","0","Не задано","Не задано","Допустимый сигнал","Допустимый сигнал","Синхронизация поддерживается","Синхронизация поддерживается","Допустимый сигнал","Допустимый сигнал","Синхронизация поддерживается","Синхронизация поддерживается","286,8","273,0","278,5","63","61","0,00","0,00","5,00","5,00","5,00","5,00","5,00","5,00","5,00","4,94","1474","1488","ОК","ОК",
21-май-2026,16:29:30.277,"0,0","None","0,00","19020111","19020111","434,9","5,6","5,6","65","52","278","274","270","280","306","281","296","289","271","286","282","287","264","305","264","285","30,9","30,9","Главный","Главный","0","0","0,00","0,00","1198","1291","0,00","0,00","1","144","0","0","0","0","0","0","27,6","27,5","1,5","1,7","0,0","0,0","2,9","3,0","3,1","2,9","2,5","2,9","2,6","2,8","3,0","2,8","2,9","2,8","3,1","2,5","3,2","2,8","0,0","0,0","0,00","0,00","Нет","Нет","Разомкнут","Разомкнут","Выкл.","Выкл.","0","0","0","0","Не задано","Не задано","Допустимый сигнал","Допустимый сигнал","Синхронизация поддерживается","Синхронизация поддерживается","Допустимый сигнал","Допустимый сигнал","Синхронизация поддерживается","Синхронизация поддерживается","288,0","274,3","280,0","63","61","0,00","0,00","5,00","5,00","5,00","5,00","5,00","5,00","5,00","5,00","1490","1515","ОК","ОК",
21-май-2026,16:29:31.277,"0,0","None","0,00","19020111","19020111","439,8","5,6","5,6","71","52","278","275","271","282","307","281","297","290","272","287","283","288","265","307","264","285","30,9","31,0","Главный","Главный","0","0","0,00","0,00","1242","1472","0,00","0,00","1","144","0","0","0","0","0","0","27,4","27,4","1,6","1,8","0,0","0,0","2,9","2,9","3,1","2,9","2,4","2,9","2,6","2,8","3,0","2,8","2,9","2,8","3,1","2,4","3,1","2,8","0,0","0,0","0,00","0,00","Нет","Нет","Разомкнут","Разомкнут","Выкл.","Выкл.","0","0","0","0","Не задано","Не задано","Допустимый сигнал","Допустимый сигнал","Синхронизация поддерживается","Синхронизация поддерживается","Допустимый сигнал","Допустимый сигнал","Синхронизация поддерживается","Синхронизация поддерживается","289,0","275,5","281,0","63","61","0,00","0,00","5,00","5,00","5,00","5,00","5,00","5,00","5,00","4,94","1528","1550","ОК","ОК",
21-май-2026,16:29:32.277,"0,0","None","0,00","19020111","19020111","458,3","5,6","5,6","76","66","278","276","271","282","308","281","298","290","272","288","283","288","265","308","265","286","31,0","31,0","Главный","Главный","0","0","0,00","0,00","1626","1623","0,00","0,00","1","144","0","0","0","0","0","0","27,6","27,6","1,6","1,8","0,0","0,0","2,9","2,9","3,1","2,9","2,4","2,9","2,6","2,8","3,0","2,8","2,9","2,8","3,1","2,4","3,1","2,8","0,0","0,0","0,00","0,00","Нет","Нет","Разомкнут","Разомкнут","Выкл.","Выкл.","0","0","0","0","Не задано","Не задано","Допустимый сигнал","Допустимый сигнал","Синхронизация поддерживается","Синхронизация поддерживается","Допустимый сигнал","Допустимый сигнал","Синхронизация поддерживается","Синхронизация поддерживается","289,8","276,5","282,0","63","61","0,00","0,00","5,00","5,00","5,00","5,00","5,00","5,00","5,00","4,94","1562","1528","ОК","ОК",
21-май-2026,16:29:33.277,"0,0","None","0,00","19020111","19020111","437,4","5,6","5,6","69","33","277","276","270","283","309","281","298","290","272","288","283","288","265","308","265","286","31,0","31,0","Главный","Главный","0","0","0,00","0,00","1589","1374","0,00","0,00","1","144","0","0","0","0","0","0","27,5","27,6","1,6","1,7","0,0","0,0","2,9","3,0","3,1","2,9","2,4","2,9","2,6","2,8","3,0","2,8","2,9","2,8","3,1","2,4","3,1","2,8","0,0","0,0","0,00","0,00","Нет","Нет","Разомкнут","Разомкнут","Выкл.","Выкл.","0","0","0","0","Не задано","Не задано","Допустимый сигнал","Допустимый сигнал","Синхронизация поддерживается","Синхронизация поддерживается","Допустимый сигнал","Допустимый сигнал","Синхронизация поддерживается","Синхронизация поддерживается","290,3","277,0","282,5","63","61","0,00","0,00","5,00","5,00","5,00","5,00","5,00","5,00","5,00","4,94","1480","1486","ОК","ОК",
21-май-2026,16:29:34.277,"0,0","None","0,00","19020111","19020111","447,3","5,6","5,6","72","59","277","275","270","283","309","280","298","290","272","287","282","288","264","308","265","286","31,0","31,0","Главный","Главный","0","0","0,00","0,00","1587","1606","0,00","0,00","1","144","0","0","0","0","0","0","27,4","27,6","1,6","1,8","0,0","0,0","2,9","3,0","3,1","2,9","2,4","2,9","2,6","2,8","3,0","2,8","2,9","2,8","3,2","2,4","3,1","2,8","0,0","0,0","0,00","0,00","Нет","Нет","Разомкнут","Разомкнут","Выкл.","Выкл.","0","0","0","0","Не задано","Не задано","Допустимый сигнал","Допустимый сигнал","Синхронизация поддерживается","Синхронизация поддерживается","Допустимый сигнал","Допустимый сигнал","Синхронизация поддерживается","Синхронизация поддерживается","290,3","277,0","282,8","63","61","0,00","0,00","5,00","5,00","5,00","5,00","5,00","5,00","5,00","5,00","1547","1540","ОК","ОК",
21-май-2026,16:29:35.277,"0,0","None","0,00","19020111","19020111","453,0","5,6","5,6","72","53","277","276","270","283","310","280","298","290","272","288","282","288","264","309","265","286","31,0","31,0","Главный","Главный","0","0","0,00","0,00","1604","1582","0,00","0,00","1","144","0","0","0","0","0","0","27,6","27,6","1,6","1,8","0,0","0,0","2,9","3,0","3,1","2,9","2,4","2,9","2,6","2,8","3,0","2,8","2,9","2,8","3,1","2,4","3,1","2,8","0,0","0,0","0,00","0,00","Нет","Нет","Разомкнут","Разомкнут","Выкл.","Выкл.","0","0","0","0","Не задано","Не задано","Допустимый сигнал","Допустимый сигнал","Синхронизация поддерживается","Синхронизация поддерживается","Допустимый сигнал","Допустимый сигнал","Синхронизация поддерживается","Синхронизация поддерживается","290,3","276,5","282,3","63","61","0,00","0,00","5,00","5,00","5,00","5,00","5,00","5,00","5,00","4,94","1528","1572","ОК","ОК",
21-май-2026,16:29:36.277,"0,0","None","0,00","19020111","19020111","474,4","5,6","5,6","87","76","277","276","270","283","310","280","298","290","272","288","283","288","264","309","265","286","31,1","31,1","Главный","Главный","0","0","0,00","0,00","1591","1567","0,00","0,00","1","144","0","0","0","0","0","0","27,4","27,5","1,6","1,9","0,0","0,0","2,9","3,0","3,1","2,8","2,4","2,9","2,6","2,8","3,0","2,8","2,9","2,8","3,2","2,4","3,1","2,8","0,0","0,0","0,00","0,00","Нет","Нет","Разомкнут","Разомкнут","Выкл.","Выкл.","0","0","0","0","Не задано","Не задано","Допустимый сигнал","Допустимый сигнал","Синхронизация поддерживается","Синхронизация поддерживается","Допустимый сигнал","Допустимый сигнал","Синхронизация поддерживается","Синхронизация поддерживается","290,5","276,8","282,3","63","61","0,00","0,00","5,00","5,00","5,00","5,00","5,00","5,00","5,00","4,94","1631","1635","ОК","ОК",
21-май-2026,16:29:37.277,"0,0","None","0,00","19020111","19020111","491,6","5,6","5,6","111","63","276","275","269","283","310","280","298","290","272","287","283","287","264","308","265","286","31,1","31,1","Главный","Главный","0","0","0,00","0,00","1596","1587","0,00","0,00","1","144","0","0","0","0","0","0","27,5","27,6","1,7","2,1","0,0","0,0","3,0","3,0","3,1","2,9","2,4","2,9","2,6","2,8","3,0","2,8","2,9","2,8","3,2","2,4","3,1","2,8","0,0","0,0","0,00","0,00","Нет","Нет","Разомкнут","Разомкнут","Выкл.","Выкл.","0","0","0","0","Не задано","Не задано","Допустимый сигнал","Допустимый сигнал","Синхронизация поддерживается","Синхронизация поддерживается","Допустимый сигнал","Допустимый сигнал","Синхронизация поддерживается","Синхронизация поддерживается","290,5","276,8","282,5","63","61","0,00","0,00","5,00","5,00","5,00","5,00","5,00","5,00","5,00","4,94","1704","1719","ОК","ОК",
21-май-2026,16:29:38.277,"0,0","None","0,00","19020111","19020111","486,0","5,6","5,6","135","32","274","274","268","282","308","279","297","290","271","286","282","286","263","307","265","284","31,1","31,1","Главный","Главный","0","0","0,00","0,00","1601","1565","0,00","0,00","1","144","0","0","0","0","0","0","27,6","27,6","1,6","2,3","0,0","0,0","3,0","3,0","3,1","2,9","2,4","2,9","2,6","2,8","3,1","2,8","2,9","2,8","3,2","2,5","3,1","2,8","0,0","0,0","0,00","0,00","Нет","Нет","Разомкнут","Разомкнут","Выкл.","Выкл.","0","0","0","0","Не задано","Не задано","Допустимый сигнал","Допустимый сигнал","Синхронизация поддерживается","Синхронизация поддерживается","Допустимый сигнал","Допустимый сигнал","Синхронизация поддерживается","Синхронизация поддерживается","290,0","276,5","282,5","63","61","0,00","0,00","5,00","5,00","5,00","5,00","5,00","5,00","5,00","5,00","1685","1756","ОК","ОК",
21-май-2026,16:29:39.410,"0,0","None","0,00","19020111","19020111","538,6","5,6","5,6","198","22","272","270","266","276","306","276","295","286","267","284","278","284","258","304","262","283","31,2","31,2","Главный","Главный","0","0","0,00","0,00","1618","1601","0,00","0,00","1","144","0","0","0","0","0","0","27,6","27,6","1,8","2,8","0,0","0,0","3,1","3,1","3,1","3,0","2,5","3,0","2,7","2,8","3,1","2,9","2,9","2,9","3,3","2,6","3,2","2,9","0,0","0,0","0,00","0,00","Нет","Нет","Разомкнут","Разомкнут","Выкл.","Выкл.","0","0","0","0","Не задано","Не задано","Допустимый сигнал","Допустимый сигнал","Синхронизация поддерживается","Синхронизация поддерживается","Допустимый сигнал","Допустимый сигнал","Синхронизация поддерживается","Синхронизация поддерживается","288,8","274,0","280,0","63","61","0,00","0,00","5,00","5,00","5,00","5,00","5,00","5,00","5,00","4,94","1895","1885","ОК","ОК",
21-май-2026,16:29:40.471,"0,0","None","0,00","19020111","19020111","509,3","5,6","5,6","221","29","270","267","264","272","302","274","293","283","265","281","276","282","256","301","260","282","31,2","31,2","Главный","Главный","0","0","0,00","0,00","1543","1572","0,00","0,00","1","144","0","0","0","0","0","0","27,6","27,4","1,7","2,9","0,0","0,0","3,1","3,1","3,2","3,1","2,6","3,0","2,7","2,9","3,2","2,9","3,0","2,9","3,3","2,6","3,3","2,9","0,0","0,0","0,00","0,00","Нет","Нет","Разомкнут","Разомкнут","Выкл.","Выкл.","0","0","0","0","Не задано","Не задано","Допустимый сигнал","Допустимый сигнал","Синхронизация поддерживается","Синхронизация поддерживается","Допустимый сигнал","Допустимый сигнал","Синхронизация поддерживается","Синхронизация поддерживается","286,5","271,5","278,0","63","61","0,00","0,00","5,00","5,00","5,00","5,00","5,00","5,00","4,94","5,00","1864","1891","ОК","ОК",
21-май-2026,16:29:41.471,"0,0","None","0,00","19020111","19020111","509,3","5,6","5,6","221","29","268","267","262","272","298","274","356","283","265","279","276","280","256","298","260","280","31,2","31,2","Главный","Главный","0","0","0,00","0,00","1543","1518","0,00","0,00","1","144","0","0","0","0","0","0","27,6","27,6","1,7","2,9","0,0","0,0","3,1","3,1","3,3","3,1","2,6","3,0","1,3","2,9","3,2","2,9","3,0","2,9","3,3","2,6","3,3","2,9","0,0","0,0","0,00","0,00","Нет","Нет","Разомкнут","Разомкнут","Выкл.","Выкл.","0","0","0","0","Не задано","Не задано","Допустимый сигнал","Допустимый сигнал","Синхронизация поддерживается","Синхронизация поддерживается","Допустимый сигнал","Допустимый сигнал","Синхронизация поддерживается","Синхронизация поддерживается","284,0","271,5","278,0","63","61","0,00","0,00","5,00","5,00","5,00","5,00","5,00","5,00","4,94","5,00","1864","1876","ОК","ОК",
21-май-2026,16:29:42.471,"0,0","None","0,00","19020111","19020111","551,0","5,6","5,6","232","50","267","265","260","270","294","272","397","281","263","278","274","278","254","295","259","279","31,3","31,3","Главный","Главный","0","0","0,00","0,00","1555","1533","0,00","0,00","1","144","0","0","0","0","0","0","27,4","27,6","1,8","2,9","0,0","0,0","3,1","3,2","3,3","3,1","2,7","3,1","0,9","2,9","3,2","2,9","3,0","2,9","3,4","2,7","3,3","2,9","0,0","0,0","0,00","0,00","Нет","Нет","Разомкнут","Разомкнут","Выкл.","Выкл.","0","0","0","0","Не задано","Не задано","Допустимый сигнал","Допустимый сигнал","Синхронизация поддерживается","Синхронизация поддерживается","Допустимый сигнал","Допустимый сигнал","Синхронизация поддерживается","Синхронизация поддерживается","290,0","269,3","275,8","63","61","0,00","0,00","5,00","5,00","5,00","5,00","5,00","5,00","5,00","5,00","1867","1889","ОК","ОК",
21-май-2026,16:29:43.471,"0,0","None","0,00","19020111","19020111","552,3","5,6","5,6","235","75","266","264","259","267","292","271","355","280","262","276","273","276","252","293","258","278","31,3","31,3","Главный","Главный","0","0","0,00","0,00","1552","1543","0,00","0,00","1","144","0","0","0","0","0","0","27,6","27,5","1,8","3,0","0,0","0,0","3,1","3,2","3,3","3,1","2,8","3,1","2,1","2,9","3,2","3,0","3,0","2,9","3,4","2,7","3,3","2,9","0,0","0,0","0,00","0,00","Нет","Нет","Разомкнут","Разомкнут","Выкл.","Выкл.","0","0","0","0","Не задано","Не задано","Допустимый сигнал","Допустимый сигнал","Синхронизация поддерживается","Синхронизация поддерживается","Допустимый сигнал","Допустимый сигнал","Синхронизация поддерживается","Синхронизация поддерживается","293,3","267,3","273,8","63","61","0,00","0,00","5,00","5,00","5,00","5,00","5,00","5,00","5,00","4,94","1893","1899","ОК","ОК",
21-май-2026,16:29:44.471,"0,0","None","0,00","19020111","19020111","540,3","5,6","5,6","239","46","266","263","258","266","290","271","347","278","261","276","272","276","252","291","257","277","31,3","31,3","Главный","Главный","0","0","0,00","0,00","1555","1565","0,00","0,00","1","144","0","0","0","0","0","0","27,5","27,5","1,8","3,1","0,0","0,0","3,1","3,2","3,3","3,1","2,8","3,1","2,0","2,9","3,2","3,0","3,1","3,0","3,4","2,8","3,3","2,9","0,0","0,0","0,00","0,00","Нет","Нет","Разомкнут","Разомкнут","Выкл.","Выкл.","0","0","0","0","Не задано","Не задано","Допустимый сигнал","Допустимый сигнал","Синхронизация поддерживается","Синхронизация поддерживается","Допустимый сигнал","Допустимый сигнал","Синхронизация поддерживается","Синхронизация поддерживается","286,8","265,8","272,0","63","61","0,00","0,00","5,00","5,00","5,00","5,00","5,00","5,00","5,00","4,94","1884","1902","ОК","ОК",
21-май-2026,16:29:45.471,"0,0","None","0,00","19020111","19020111","532,1","5,6","5,6","242","40","266","262","258","264","288","271","395","278","261","275","272","275","252","290","256","277","31,3","31,3","Главный","Главный","0","0","0,00","0,00","1538","1543","0,00","0,00","1","144","0","0","0","0","0","0","27,6","27,5","1,8","3,1","0,0","0,0","3,1","3,2","3,3","3,2","2,8","3,1","0,9","2,9","3,2","3,0","3,1","3,0","3,4","2,8","3,3","2,9","0,0","0,0","0,00","0,00","Нет","Нет","Разомкнут","Разомкнут","Выкл.","Выкл.","0","0","0","0","Не задано","Не задано","Допустимый сигнал","Допустимый сигнал","Синхронизация поддерживается","Синхронизация поддерживается","Допустимый сигнал","Допустимый сигнал","Синхронизация поддерживается","Синхронизация поддерживается","285,0","264,5","270,5","63","61","0,00","0,00","5,00","5,00","5,00","5,00","5,00","5,00","5,00","5,00","1888","1899","ОК","ОК",
21-май-2026,16:29:46.471,"0,0","None","0,00","19020111","19020111","531,8","5,6","5,6","243","53","266","262","259","264","286","271","322","278","261","275","272","274","252","289","256","276","31,3","31,3","Главный","Главный","0","0","0,00","0,00","1562","1530","0,00","0,00","1","144","0","0","0","0","0","0","27,5","27,6","1,8","3,1","0,0","0,0","3,1","3,2","3,3","3,2","2,8","3,1","2,9","2,9","3,2","3,0","3,1","3,0","3,4","2,8","3,3","2,9","0,0","0,0","0,00","0,00","Нет","Нет","Разомкнут","Разомкнут","Выкл.","Выкл.","0","0","0","0","Не задано","Не задано","Допустимый сигнал","Допустимый сигнал","Синхронизация поддерживается","Синхронизация поддерживается","Допустимый сигнал","Допустимый сигнал","Синхронизация поддерживается","Синхронизация поддерживается","290,5","264,5","270,0","63","61","0,00","0,00","5,00","5,00","5,00","5,00","5,00","5,00","5,00","5,00","1900","1900","ОК","ОК",
21-май-2026,16:29:47.471,"0,0","None","0,00","19020111","19020111","544,0","5,6","5,6","242","35","266","262","259","264","285","272","293","278","261","275","272","274","252","288","256","276","31,3","31,3","Главный","Главный","0","0","0,00","0,00","1579","1557","0,00","0,00","1","144","0","0","0","0","0","0","27,6","27,5","1,8","3,1","0,0","0,0","3,1","3,2","3,3","3,2","2,8","3,1","2,9","2,9","3,2","3,0","3,1","3,0","3,4","2,8","3,3","2,9","0,0","0,0","0,00","0,00","Нет","Нет","Разомкнут","Разомкнут","Выкл.","Выкл.","0","0","0","0","Не задано","Не задано","Допустимый сигнал","Допустимый сигнал","Синхронизация поддерживается","Синхронизация поддерживается","Допустимый сигнал","Допустимый сигнал","Синхронизация поддерживается","Синхронизация поддерживается","281,0","264,5","270,0","63","61","0,00","0,00","5,00","5,00","5,00","5,00","5,00","5,00","5,00","5,00","1885","1850","ОК","ОК",
21-май-2026,16:29:48.471,"0,0","None","0,00","19020111","19020111","522,9","5,6","5,6","239","43","266","262","260","264","284","272","337","278","261","276","272","274","252","288","256","276","31,3","31,3","Главный","Главный","0","0","0,00","0,00","1535","1565","0,00","0,00","1","144","0","0","0","0","0","0","27,5","27,5","1,8","3,0","0,0","0,0","3,1","3,2","3,3","3,2","2,8","3,1","1,7","2,9","3,2","3,0","3,1","3,0","3,4","2,8","3,3","2,9","0,0","0,0","0,00","0,00","Нет","Нет","Разомкнут","Разомкнут","Выкл.","Выкл.","0","0","0","0","Не задано","Не задано","Допустимый сигнал","Допустимый сигнал","Синхронизация поддерживается","Синхронизация поддерживается","Допустимый сигнал","Допустимый сигнал","Синхронизация поддерживается","Синхронизация поддерживается","277,3","264,5","270,0","63","61","0,00","0,00","5,00","5,00","5,00","5,00","5,00","5,00","5,00","4,94","1894","1877","ОК","ОК",
21-май-2026,16:29:49.471,"0,0","None","0,00","19020111","19020111","534,0","5,6","5,6","240","45","266","262","260","264","284","272","392","278","262","276","272","274","253","287","256","276","31,3","31,3","Главный","Главный","0","0","0,00","0,00","1545","1567","0,00","0,00","1","144","0","0","0","0","0","0","27,4","27,6","1,8","3,0","0,0","0,0","3,1","3,2","3,3","3,2","2,8","3,0","0,9","2,9","3,2","2,9","3,1","3,0","3,3","2,8","3,3","2,9","0,0","0,0","0,00","0,00","Нет","Нет","Разомкнут","Разомкнут","Выкл.","Выкл.","0","0","0","0","Не задано","Не задано","Допустимый сигнал","Допустимый сигнал","Синхронизация поддерживается","Синхронизация поддерживается","Допустимый сигнал","Допустимый сигнал","Синхронизация поддерживается","Синхронизация поддерживается","282,5","264,5","270,0","63","61","0,00","0,00","5,00","5,00","5,00","5,00","5,00","5,00","5,00","4,94","1907","1899","ОК","ОК",
21-май-2026,16:29:50.471,"0,0","None","0,00","19020111","19020111","552,5","5,6","5,6","242","73","266","262","260","264","283","272","446","278","262","276","272","274","253","287","256","276","31,3","31,3","Главный","Главный","0","0","0,00","0,00","1570","1557","0,00","0,00","1","144","0","0","0","0","0","0","27,6","27,6","1,8","3,1","0,0","0,0","3,1","3,2","3,3","3,2","2,9","3,0","0,7","2,9","3,2","2,9","3,1","3,0","3,3","2,8","3,3","2,9","0,0","0,0","0,00","0,00","Нет","Нет","Разомкнут","Разомкнут","Выкл.","Выкл.","0","0","0","0","Не задано","Не задано","Допустимый сигнал","Допустимый сигнал","Синхронизация поддерживается","Синхронизация поддерживается","Допустимый сигнал","Допустимый сигнал","Синхронизация поддерживается","Синхронизация поддерживается","289,3","264,8","270,3","63","61","0,00","0,00","5,00","5,00","5,00","5,00","5,00","5,00","5,00","5,00","1904","1902","ОК","ОК",
21-май-2026,16:29:51.471,"0,0","None","0,00","19020111","19020111","521,8","5,6","5,6","242","14","266","262","260","264","282","272","447","278","262","276","272","274","254","287","256","276","31,3","31,3","Главный","Главный","0","0","0,00","0,00","1548","1557","0,00","0,00","1","144","0","0","0","0","0","0","27,6","27,5","1,7","3,1","0,0","0,0","3,1","3,2","3,2","3,2","2,9","3,0","0,9","2,9","3,2","2,9","3,1","3,0","3,3","2,8","3,3","2,9","0,0","0,0","0,00","0,00","Нет","Нет","Разомкнут","Разомкнут","Выкл.","Выкл.","0","0","0","0","Не задано","Не задано","Допустимый сигнал","Допустимый сигнал","Синхронизация поддерживается","Синхронизация поддерживается","Допустимый сигнал","Допустимый сигнал","Синхронизация поддерживается","Синхронизация поддерживается","296,0","265,0","270,3","63","62","0,00","0,00","5,00","5,00","5,00","5,00","5,00","5,00","5,00","4,94","1883","1891","ОК","ОК",
21-май-2026,16:29:52.471,"0,0","None","0,00","19020111","19020111","535,4","5,6","5,6","242","58","266","262","261","264","282","272","396","278","262","276","272","274","254","286","256","276","31,3","31,3","Главный","Главный","0","0","0,00","0,00","1557","1565","0,00","0,00","1","144","0","0","0","0","0","0","27,5","27,6","1,8","3,0","0,0","0,0","3,1","3,2","3,2","3,2","2,9","3,0","1,5","2,9","3,2","2,9","3,1","3,0","3,3","2,8","3,3","2,9","0,0","0,0","0,00","0,00","Нет","Нет","Разомкнут","Разомкнут","Выкл.","Выкл.","0","0","0","0","Не задано","Не задано","Допустимый сигнал","Допустимый сигнал","Синхронизация поддерживается","Синхронизация поддерживается","Допустимый сигнал","Допустимый сигнал","Синхронизация поддерживается","Синхронизация поддерживается","296,0","265,0","270,3","63","62","0,00","0,00","5,00","5,00","5,00","5,00","5,00","5,00","5,00","5,00","1898","1914","ОК","ОК",
21-май-2026,16:29:53.471,"0,0","None","0,00","19020111","19020111","528,4","5,6","5,6","244","31","266","262","261","263","282","273","367","278","262","276","272","274","254","286","256","276","31,3","31,3","Главный","Главный","0","0","0,00","0,00","1574","1550","0,00","0,00","1","144","0","0","0","0","0","0","27,6","27,6","1,8","3,1","0,0","0,0","3,1","3,2","3,2","3,2","2,9","3,0","1,9","2,9","3,2","2,9","3,1","3,0","3,3","2,8","3,3","2,9","0,0","0,0","0,00","0,00","Нет","Нет","Разомкнут","Разомкнут","Выкл.","Выкл.","0","0","0","0","Не задано","Не задано","Допустимый сигнал","Допустимый сигнал","Синхронизация поддерживается","Синхронизация поддерживается","Допустимый сигнал","Допустимый сигнал","Синхронизация поддерживается","Синхронизация поддерживается","289,5","265,0","270,3","63","62","0,00","0,00","5,00","5,00","5,00","5,00","5,00","5,00","5,00","5,00","1907","1900","ОК","ОК",
21-май-2026,16:29:54.471,"0,0","None","0,00","19020111","19020111","539,1","5,6","5,6","244","49","266","262","261","263","281","272","397","278","262","276","271","273","254","286","256","276","31,3","31,2","Главный","Главный","0","0","0,00","0,00","1540","1557","0,00","0,00","1","144","0","0","0","0","0","0","27,5","27,4","1,8","3,1","0,0","0,0","3,1","3,2","3,2","3,2","2,9","3,0","1,0","2,9","3,2","2,9","3,1","3,0","3,3","2,8","3,3","3,0","0,0","0,0","0,00","0,00","Нет","Нет","Разомкнут","Разомкнут","Выкл.","Выкл.","0","0","0","0","Не задано","Не задано","Допустимый сигнал","Допустимый сигнал","Синхронизация поддерживается","Синхронизация поддерживается","Допустимый сигнал","Допустимый сигнал","Синхронизация поддерживается","Синхронизация поддерживается","285,8","264,8","270,0","63","62","0,00","0,00","5,00","5,00","5,00","5,00","5,00","5,00","5,00","5,00","1897","1894","ОК","ОК",
21-май-2026,16:29:55.471,"0,0","None","0,00","19020111","19020111","536,8","5,6","5,6","243","44","266","262","261","263","281","273","415","278","262","276","272","273","254","285","256","276","31,2","31,2","Главный","Главный","0","0","0,00","0,00","1543","1548","0,00","0,00","1","144","0","0","0","0","0","0","27,6","27,5","1,8","3,1","0,0","0,0","3,1","3,2","3,2","3,2","2,9","3,0","1,0","2,9","3,2","2,9","3,1","3,0","3,3","2,8","3,3","3,0","0,0","0,0","0,00","0,00","Нет","Нет","Разомкнут","Разомкнут","Выкл.","Выкл.","0","0","0","0","Не задано","Не задано","Допустимый сигнал","Допустимый сигнал","Синхронизация поддерживается","Синхронизация поддерживается","Допустимый сигнал","Допустимый сигнал","Синхронизация поддерживается","Синхронизация поддерживается","289,5","264,8","270,0","63","62","0,00","0,00","5,00","5,00","5,00","5,00","5,00","5,00","5,00","4,94","1884","1892","ОК","ОК",
21-май-2026,16:29:56.471,"0,0","None","0,00","19020111","19020111","553,5","5,6","5,6","243","57","266","263","261","263","280","273","459","278","263","276","272","273","254","285","256","275","31,2","31,2","Главный","Главный","0","0","0,00","0,00","1572","1570","0,00","0,00","1","144","0","0","0","0","0","0","27,5","27,5","1,8","3,1","0,0","0,0","3,1","3,2","3,2","3,2","2,9","3,0","0,7","2,9","3,2","2,9","3,1","3,0","3,3","2,8","3,3","3,0","0,0","0,0","0,00","0,00","Нет","Нет","Разомкнут","Разомкнут","Выкл.","Выкл.","0","0","0","0","Не задано","Не задано","Допустимый сигнал","Допустимый сигнал","Синхронизация поддерживается","Синхронизация поддерживается","Допустимый сигнал","Допустимый сигнал","Синхронизация поддерживается","Синхронизация поддерживается","291,5","265,0","270,0","63","62","0,00","0,00","5,00","5,00","5,00","5,00","5,00","5,00","5,00","5,00","1891","1892","ОК","ОК",
21-май-2026,16:29:57.471,"0,0","None","0,00","19020111","19020111","529,3","5,6","5,6","243","54","266","263","261","263","280","273","374","278","263","276","272","273","254","284","256","275","31,2","31,2","Главный","Главный","0","0","0,00","0,00","1560","1528","0,00","0,00","1","144","0","0","0","0","0","0","27,5","27,6","1,8","3,0","0,0","0,0","3,1","3,2","3,2","3,2","2,9","3,0","2,0","2,9","3,2","2,9","3,1","3,0","3,3","2,8","3,3","3,0","0,0","0,0","0,00","0,00","Нет","Нет","Разомкнут","Разомкнут","Выкл.","Выкл.","0","0","0","0","Не задано","Не задано","Допустимый сигнал","Допустимый сигнал","Синхронизация поддерживается","Синхронизация поддерживается","Допустимый сигнал","Допустимый сигнал","Синхронизация поддерживается","Синхронизация поддерживается","297,0","265,0","270,0","63","62","0,00","0,00","5,00","5,00","5,00","5,00","5,00","5,00","5,00","5,00","1896","1892","ОК","ОК",
21-май-2026,16:29:58.471,"0,0","None","0,00","19020111","19020111","516,8","5,6","5,6","243","18","266","263","261","262","280","273","413","278","263","276","272","273","254","284","256","275","31,1","31,1","Главный","Главный","0","0","0,00","0,00","1567","1557","0,00","0,00","1","144","0","0","0","0","0","0","27,6","27,6","1,7","3,1","0,0","0,0","3,1","3,2","3,2","3,2","2,9","3,0","0,9","2,9","3,2","2,9","3,1","3,0","3,3","2,8","3,3","3,0","0,0","0,0","0,00","0,00","Нет","Нет","Разомкнут","Разомкнут","Выкл.","Выкл.","0","0","0","0","Не задано","Не задано","Допустимый сигнал","Допустимый сигнал","Синхронизация поддерживается","Синхронизация поддерживается","Допустимый сигнал","Допустимый сигнал","Синхронизация поддерживается","Синхронизация поддерживается","286,3","265,3","270,0","63","62","0,00","0,00","5,00","5,00","5,00","5,00","5,00","5,00","5,00","4,94","1881","1891","ОК","ОК",
21-май-2026,16:29:59.550,"0,0","None","0,00","19020111","19020111","524,4","5,6","5,6","243","31","266","263","261","262","280","274","433","278","263","276","272","273","255","284","256","275","31,1","31,1","Главный","Главный","0","0","0,00","0,00","1548","1560","0,00","0,00","1","144","0","0","0","0","0","0","27,6","27,6","1,7","3,1","0,0","0,0","3,1","3,2","3,2","3,2","2,9","3,0","0,9","2,9","3,2","2,9","3,1","3,0","3,3","2,8","3,3","3,0","0,0","0,0","0,00","0,00","Нет","Нет","Разомкнут","Разомкнут","Выкл.","Выкл.","0","0","0","0","Не задано","Не задано","Допустимый сигнал","Допустимый сигнал","Синхронизация поддерживается","Синхронизация поддерживается","Допустимый сигнал","Допустимый сигнал","Синхронизация поддерживается","Синхронизация поддерживается","291,0","265,3","270,0","63","62","0,00","0,00","5,00","5,00","5,00","5,00","5,00","5,00","5,00","5,00","1882","1889","ОК","ОК",
21-май-2026,16:30:00.590,"0,0","None","0,00","19020111","19020111","521,5","5,6","5,6","241","42","266","263","261","262","279","273","326","278","263","276","272","273","254","284","256","275","31,1","31,1","Главный","Главный","0","0","0,00","0,00","1550","1521","0,00","0,00","1","144","0","0","0","0","0","0","27,6","27,5","1,7","3,0","0,0","0,0","3,1","3,2","3,2","3,2","2,9","3,0","2,9","2,9","3,2","2,9","3,1","3,0","3,3","2,8","3,3","3,0","0,0","0,0","0,00","0,00","Нет","Нет","Разомкнут","Разомкнут","Выкл.","Выкл.","0","0","0","0","Не задано","Не задано","Допустимый сигнал","Допустимый сигнал","Синхронизация поддерживается","Синхронизация поддерживается","Допустимый сигнал","Допустимый сигнал","Синхронизация поддерживается","Синхронизация поддерживается","293,5","265,3","270,0","63","62","0,00","0,00","5,00","5,00","5,00","5,00","5,00","5,00","5,00","5,00","1882","1892","ОК","ОК",
21-май-2026,16:30:01.612,"0,0","None","0,00","19020111","19020111","536,9","5,6","5,6","241","49","266","262","261","262","279","273","351","278","262","276","272","272","254","284","256","275","31,1","31,1","Главный","Главный","0","0","0,00","0,00","1548","1535","0,00","0,00","1","144","0","0","0","0","0","0","27,5","27,6","1,8","3,0","0,0","0,0","3,1","3,2","3,2","3,2","2,9","3,0","1,7","2,9","3,2","3,0","3,1","3,0","3,3","2,8","3,3","3,0","0,0","0,0","0,00","0,00","Нет","Нет","Разомкнут","Разомкнут","Выкл.","Выкл.","0","0","0","0","Не задано","Не задано","Допустимый сигнал","Допустимый сигнал","Синхронизация поддерживается","Синхронизация поддерживается","Допустимый сигнал","Допустимый сигнал","Синхронизация поддерживается","Синхронизация поддерживается","279,8","265,3","270,0","63","62","0,00","0,00","5,00","5,00","5,00","5,00","5,00","5,00","5,00","4,94","1899","1885","ОК","ОК",
21-май-2026,16:30:02.612,"0,0","None","0,00","19020111","19020111","549,3","5,6","5,6","242","63","266","262","261","262","279","273","384","278","262","276","272","272","254","283","256","275","31,1","31,1","Главный","Главный","0","0","0,00","0,00","1550","1562","0,00","0,00","1","144","0","0","0","0","0","0","27,5","27,6","1,8","3,1","0,0","0,0","3,1","3,2","3,2","3,2","2,9","3,0","1,2","2,9","3,2","3,0","3,1","3,0","3,3","2,9","3,3","3,0","0,0","0,0","0,00","0,00","Нет","Нет","Разомкнут","Разомкнут","Выкл.","Выкл.","0","0","0","0","Не задано","Не задано","Допустимый сигнал","Допустимый сигнал","Синхронизация поддерживается","Синхронизация поддерживается","Допустимый сигнал","Допустимый сигнал","Синхронизация поддерживается","Синхронизация поддерживается","283,0","265,3","269,8","64","62","0,00","0,00","5,00","5,00","5,00","5,00","5,00","5,00","5,00","5,00","1888","1896","ОК","ОК",
21-май-2026,16:30:03.908,"0,0","None","0,00","19020111","19020111","549,3","5,6","5,6","242","63","266","262","261","262","278","273","412","278","262","276","272","272","254","283","256","275","31,1","31,1","Главный","Главный","0","0","0,00","0,00","1550","1565","0,00","0,00","1","144","0","0","0","0","0","0","27,5","27,5","1,8","3,1","0,0","0,0","3,1","3,2","3,2","3,2","2,9","3,0","0,9","2,9","3,2","3,0","3,1","3,0","3,3","2,9","3,3","3,0","0,0","0,0","0,00","0,00","Нет","Нет","Разомкнут","Разомкнут","Выкл.","Выкл.","0","0","0","0","Не задано","Не задано","Допустимый сигнал","Допустимый сигнал","Синхронизация поддерживается","Синхронизация поддерживается","Допустимый сигнал","Допустимый сигнал","Синхронизация поддерживается","Синхронизация поддерживается","287,0","265,3","269,8","64","62","0,00","0,00","5,00","5,00","5,00","5,00","5,00","5,00","5,00","4,94","1888","1884","ОК","ОК",
21-май-2026,16:30:04.908,"0,0","None","0,00","19020111","19020111","531,3","5,6","5,6","243","43","266","262","261","262","278","273","412","278","262","276","272","272","254","283","256","275","31,0","31,1","Главный","Главный","0","0","0,00","0,00","1572","1565","0,00","0,00","1","144","0","0","0","0","0","0","27,6","27,5","1,8","3,0","0,0","0,0","3,1","3,2","3,2","3,2","2,9","3,0","0,9","2,9","3,2","3,0","3,1","3,0","3,3","2,9","3,3","3,0","0,0","0,0","0,00","0,00","Нет","Нет","Разомкнут","Разомкнут","Выкл.","Выкл.","0","0","0","0","Не задано","Не задано","Допустимый сигнал","Допустимый сигнал","Синхронизация поддерживается","Синхронизация поддерживается","Допустимый сигнал","Допустимый сигнал","Синхронизация поддерживается","Синхронизация поддерживается","287,0","265,0","269,8","64","62","0,00","0,00","5,00","5,00","5,00","5,00","5,00","5,00","5,00","4,94","1883","1884","ОК","ОК",
21-май-2026,16:30:05.908,"0,0","None","0,00","19020111","19020111","539,6","5,6","5,6","243","63","266","262","261","262","278","273","393","278","262","275","272","272","254","283","256","274","31,1","31,0","Главный","Главный","0","0","0,00","0,00","1540","1538","0,00","0,00","1","144","0","0","0","0","0","0","27,6","27,4","1,8","3,1","0,0","0,0","3,1","3,2","3,2","3,2","2,9","3,0","1,6","2,9","3,2","3,0","3,1","3,0","3,3","2,9","3,3","3,0","0,0","0,0","0,00","0,00","Нет","Нет","Разомкнут","Разомкнут","Выкл.","Выкл.","0","0","0","0","Не задано","Не задано","Допустимый сигнал","Допустимый сигнал","Синхронизация поддерживается","Синхронизация поддерживается","Допустимый сигнал","Допустимый сигнал","Синхронизация поддерживается","Синхронизация поддерживается","298,0","265,0","269,5","64","62","0,00","0,00","5,00","5,00","5,00","5,00","5,00","5,00","5,00","4,94","1891","1884","ОК","ОК",
21-май-2026,16:30:06.908,"0,0","None","0,00","19020111","19020111","514,5","5,6","5,6","241","31","266","262","261","262","278","273","429","278","262","275","272","272","254","283","256","274","31,0","31,0","Главный","Главный","0","0","0,00","0,00","1540","1543","0,00","0,00","1","144","0","0","0","0","0","0","27,4","27,6","1,7","3,0","0,0","0,0","3,1","3,2","3,2","3,2","2,9","3,0","0,9","2,9","3,2","3,0","3,1","3,0","3,3","2,9","3,3","3,0","0,0","0,0","0,00","0,00","Нет","Нет","Разомкнут","Разомкнут","Выкл.","Выкл.","0","0","0","0","Не задано","Не задано","Допустимый сигнал","Допустимый сигнал","Синхронизация поддерживается","Синхронизация поддерживается","Допустимый сигнал","Допустимый сигнал","Синхронизация поддерживается","Синхронизация поддерживается","287,8","264,8","269,5","64","62","0,00","0,00","5,00","5,00","5,00","5,00","5,00","5,00","5,00","4,94","1883","1886","ОК","ОК",
21-май-2026,16:30:07.928,"0,0","None","0,00","19020111","19020111","514,5","5,6","5,6","241","31","266","262","261","262","278","273","408","278","262","275","272","272","254","283","256","274","31,0","31,0","Главный","Главный","0","0","0,00","0,00","1540","1526","0,00","0,00","1","144","0","0","0","0","0","0","27,4","27,5","1,7","3,0","0,0","0,0","3,1","3,2","3,2","3,2","2,9","3,0","1,3","2,9","3,2","3,0","3,1","3,0","3,3","2,9","3,3","3,0","0,0","0,0","0,00","0,00","Нет","Нет","Разомкнут","Разомкнут","Выкл.","Выкл.","0","0","0","0","Не задано","Не задано","Допустимый сигнал","Допустимый сигнал","Синхронизация поддерживается","Синхронизация поддерживается","Допустимый сигнал","Допустимый сигнал","Синхронизация поддерживается","Синхронизация поддерживается","292,3","264,8","269,5","64","62","0,00","0,00","5,00","5,00","5,00","5,00","5,00","5,00","5,00","4,94","1883","1886","ОК","ОК",
21-май-2026,16:30:08.928,"0,0","None","0,00","19020111","19020111","516,3","5,6","5,6","241","28","266","262","261","262","278","273","408","278","262","275","271","272","254","283","256","274","31,0","31,0","Главный","Главный","0","0","0,00","0,00","1545","1526","0,00","0,00","1","144","0","0","0","0","0","0","27,5","27,5","1,7","3,1","0,0","0,0","3,1","3,2","3,2","3,2","2,9","3,0","1,3","2,9","3,2","3,0","3,1","3,0","3,3","2,9","3,3","3,0","0,0","0,0","0,00","0,00","Нет","Нет","Разомкнут","Разомкнут","Выкл.","Выкл.","0","0","0","0","Не задано","Не задано","Допустимый сигнал","Допустимый сигнал","Синхронизация поддерживается","Синхронизация поддерживается","Допустимый сигнал","Допустимый сигнал","Синхронизация поддерживается","Синхронизация поддерживается","292,3","264,8","269,5","64","62","0,00","0,00","5,00","5,00","5,00","5,00","5,00","5,00","5,00","4,94","1891","1886","ОК","ОК",
21-май-2026,16:30:09.928,"0,0","None","0,00","19020111","19020111","540,1","5,6","5,6","243","66","265","262","261","262","278","273","399","278","262","275","271","272","254","282","256","274","31,0","31,0","Главный","Главный","0","0","0,00","0,00","1530","1540","0,00","0,00","1","144","0","0","0","0","0","0","27,6","27,6","1,8","3,1","0,0","0,0","3,1","3,2","3,2","3,2","2,9","3,0","1,0","2,9","3,2","3,0","3,1","3,1","3,3","2,9","3,3","3,0","0,0","0,0","0,00","0,00","Нет","Нет","Разомкнут","Разомкнут","Выкл.","Выкл.","0","0","0","0","Не задано","Не задано","Допустимый сигнал","Допустимый сигнал","Синхронизация поддерживается","Синхронизация поддерживается","Допустимый сигнал","Допустимый сигнал","Синхронизация поддерживается","Синхронизация поддерживается","285,5","264,5","269,3","64","62","0,00","0,00","5,00","5,00","5,00","5,00","5,00","5,00","5,00","5,00","1880","1897","ОК","ОК",
21-май-2026,16:30:10.928,"0,0","None","0,00","19020111","19020111","535,3","5,6","5,6","241","50","265","262","261","261","277","273","373","278","262","275","271","272","254","282","256","274","30,9","30,9","Главный","Главный","0","0","0,00","0,00","1565","1557","0,00","0,00","1","144","0","0","0","0","0","0","27,5","27,6","1,8","3,1","0,0","0,0","3,1","3,2","3,2","3,2","2,9","3,0","1,8","2,9","3,2","3,0","3,1","3,1","3,3","2,9","3,3","3,0","0,0","0,0","0,00","0,00","Нет","Нет","Разомкнут","Разомкнут","Выкл.","Выкл.","0","0","0","0","Не задано","Не задано","Допустимый сигнал","Допустимый сигнал","Синхронизация поддерживается","Синхронизация поддерживается","Допустимый сигнал","Допустимый сигнал","Синхронизация поддерживается","Синхронизация поддерживается","288,3","264,5","269,3","64","62","0,00","0,00","5,00","5,00","5,00","5,00","5,00","5,00","5,00","4,94","1883","1850","ОК","ОК",
21-май-2026,16:30:11.928,"0,0","None","0,00","19020111","19020111","526,6","5,6","5,6","243","33","265","262","260","261","277","273","350","277","262","274","271","272","254","282","256","274","30,9","30,9","Главный","Главный","0","0","0,00","0,00","1545","1562","0,00","0,00","1","144","0","0","0","0","0","0","27,6","27,5","1,8","3,1","0,0","0,0","3,1","3,2","3,3","3,2","2,9","3,0","2,1","2,9","3,2","3,0","3,1","3,1","3,3","2,9","3,3","3,0","0,0","0,0","0,00","0,00","Нет","Нет","Разомкнут","Разомкнут","Выкл.","Выкл.","0","0","0","0","Не задано","Не задано","Допустимый сигнал","Допустимый сигнал","Синхронизация поддерживается","Синхронизация поддерживается","Допустимый сигнал","Допустимый сигнал","Синхронизация поддерживается","Синхронизация поддерживается","284,8","264,5","269,0","64","62","0,00","0,00","5,00","5,00","5,00","5,00","5,00","5,00","5,00","4,94","1905","1900","ОК","ОК",
21-май-2026,16:30:12.928,"0,0","None","0,00","19020111","19020111","542,3","5,6","5,6","244","55","265","262","260","261","277","273","328","277","262","274","271","271","254","282","256","274","30,9","30,9","Главный","Главный","0","0","0,00","0,00","1565","1570","0,00","0,00","1","144","0","0","0","0","0","0","27,6","27,6","1,8","3,1","0,0","0,0","3,1","3,2","3,3","3,2","2,9","3,0","2,4","2,9","3,2","3,0","3,1","3,1","3,3","2,9","3,3","3,0","0,0","0,0","0,00","0,00","Нет","Нет","Разомкнут","Разомкнут","Выкл.","Выкл.","0","0","0","0","Не задано","Не задано","Допустимый сигнал","Допустимый сигнал","Синхронизация поддерживается","Синхронизация поддерживается","Допустимый сигнал","Допустимый сигнал","Синхронизация поддерживается","Синхронизация поддерживается","281,8","264,5","269,0","64","62","0,00","0,00","5,00","5,00","5,00","5,00","5,00","5,00","5,00","4,94","1900","1902","ОК","ОК",
21-май-2026,16:30:13.928,"0,0","None","0,00","19020111","19020111","523,3","5,6","5,6","245","50","265","262","260","261","277","272","422","277","262","274","271","271","254","282","255","273","30,9","31,0","Главный","Главный","0","0","0,00","0,00","1555","1545","0,00","0,00","1","144","0","0","0","0","0","0","27,5","27,5","1,8","3,1","0,0","0,0","3,1","3,2","3,3","3,2","2,9","3,0","0,9","2,9","3,2","3,0","3,1","3,1","3,3","2,9","3,3","3,0","0,0","0,0","0,00","0,00","Нет","Нет","Разомкнут","Разомкнут","Выкл.","Выкл.","0","0","0","0","Не задано","Не задано","Допустимый сигнал","Допустимый сигнал","Синхронизация поддерживается","Синхронизация поддерживается","Допустимый сигнал","Допустимый сигнал","Синхронизация поддерживается","Синхронизация поддерживается","286,0","264,3","268,8","64","62","0,00","0,00","5,00","5,00","5,00","5,00","5,00","5,00","5,00","5,00","1898","1896","ОК","ОК",
21-май-2026,16:30:14.928,"0,0","None","0,00","19020111","19020111","537,1","5,6","5,6","244","22","264","262","260","261","276","272","458","277","261","274","270","271","254","281","255","273","31,0","31,0","Главный","Главный","0","0","0,00","0,00","1543","1552","0,00","0,00","1","144","0","0","0","0","0","0","27,6","27,6","1,7","3,1","0,0","0,0","3,2","3,2","3,3","3,2","2,9","3,0","0,7","2,9","3,2","3,0","3,1","3,1","3,3","2,9","3,3","3,0","0,0","0,0","0,00","0,00","Нет","Нет","Разомкнут","Разомкнут","Выкл.","Выкл.","0","0","0","0","Не задано","Не задано","Допустимый сигнал","Допустимый сигнал","Синхронизация поддерживается","Синхронизация поддерживается","Допустимый сигнал","Допустимый сигнал","Синхронизация поддерживается","Синхронизация поддерживается","290,5","264,3","268,8","64","62","0,00","0,00","5,00","5,00","5,00","5,00","5,00","5,00","5,00","5,00","1896","1897","ОК","ОК",
21-май-2026,16:30:15.928,"0,0","None","0,00","19020111","19020111","537,1","5,6","5,6","244","67","264","261","260","261","276","272","458","277","261","274","270","271","254","281","255","273","31,0","31,0","Главный","Главный","0","0","0,00","0,00","1538","1552","0,00","0,00","1","144","0","0","0","0","0","0","27,6","27,6","1,8","3,1","0,0","0,0","3,2","3,2","3,3","3,2","2,9","3,0","0,7","2,9","3,2","3,0","3,1","3,1","3,3","2,9","3,3","3,0","0,0","0,0","0,00","0,00","Нет","Нет","Разомкнут","Разомкнут","Выкл.","Выкл.","0","0","0","0","Не задано","Не задано","Допустимый сигнал","Допустимый сигнал","Синхронизация поддерживается","Синхронизация поддерживается","Допустимый сигнал","Допустимый сигнал","Синхронизация поддерживается","Синхронизация поддерживается","290,5","264,0","268,5","64","62","0,00","0,00","5,00","5,00","5,00","5,00","5,00","5,00","5,00","5,00","1900","1897","ОК","ОК",
