Год,Месяц,Скорость груженым,"Тонн ГМ на единицу оборудования в год, т",Средний грузооборот на единицу АС,"Средняя загрузка АС, т",Модель оборудования,Имя оборудования,Id Equip
2024,Январь 2024,16.88,2980436.94,973090.6,187.50592592592594,KOMATSU 730-E,730E_13,501
2024,Январь 2024,16.74,2452529.19,1056792.2,188.33363471971066,KOMATSU 730-E,730E_14,502
2024,Январь 2024,16.13,2659884.52,1052311.19,186.2390766694147,KOMATSU 730-E,730E_15,503
2024,Январь 2024,16.56,2629730.81,1056662.02,186.27773144286905,KOMATSU 730-E,730E_16,504
2024,Январь 2024,16.07,2652290.16,1047229.57,186.9402489626556,KOMATSU 730-E,730E_17,505
2024,Январь 2024,16.54,2442768.39,934541.38,186.23698384201077,KOMATSU 730-E,730E_18,506
2024,Январь 2024,15.81,2537703.71,1047785.24,188.07242582897032,KOMATSU 730-E,730E_19,507
2024,Январь 2024,16.35,2589439.52,1053745.54,186.3771186440678,KOMATSU 730-E,730E_20,508
2024,Январь 2024,16.7,2631803.06,1058210.09,185.959234608985,KOMATSU 730-E,730E_21,509
2024,Январь 2024,16.53,2507891.45,1039781.6,185.8630017452007,KOMATSU 730-E,730E_22,510
2024,Январь 2024,15.95,2584188.23,1022309.25,185.6844331641286,KOMATSU 730-E,730E_23,511
2024,Январь 2024,15.8,2628365,1027546.31,186.8041841004184,KOMATSU 730-E,730E_24,512
2024,Январь 2024,16.27,2596445.16,1062350.79,186.72311600338696,KOMATSU 730-E,730E_25,513
2024,Январь 2024,16.11,2612316.77,1030108.52,186.75757575757575,KOMATSU 730-E,730E_26,514
2024,Январь 2024,15.48,2369627.1,1024816.34,185.14811407543698,KOMATSU 730-E,730E_27,515
2024,Январь 2024,15.95,2541836.45,1032752.37,186.26574633304574,KOMATSU 730-E,730E_28,516
2024,Январь 2024,15.89,2748885.65,1037019.79,188.73645917542441,KOMATSU 730-E,730E_29,517
2024,Январь 2024,16.31,873480.32,931555.93,175.3806146572104,KOMATSU 730-E,730E_37,864
2024,Январь 2024,17.18,2717001.13,1116527.61,193.10376569037658,KOMATSU 730-E,730E_38,865
2024,Январь 2024,16.98,2445676.61,1024961,179.52895419187553,KOMATSU 730-E,730E_39,866
2024,Январь 2024,17.09,2729046.13,1049327.79,188.13474025974025,KOMATSU 730-E,730E_40,867
2024,Январь 2024,17.13,2736157.74,1074441.45,188.3192868719611,KOMATSU 730-E,730E_41,868
2024,Февраль 2024,16.23,2537769.48,917655.27,187.73836126629422,KOMATSU 730-E,730E_13,501
2024,Февраль 2024,16.2,2296580,940925.36,188.8902691511387,KOMATSU 730-E,730E_14,502
2024,Февраль 2024,15.73,2182183.97,916181.81,186.42903225806452,KOMATSU 730-E,730E_15,503
2024,Февраль 2024,15.66,2462491.38,936216.72,185.62618595825427,KOMATSU 730-E,730E_16,504
2024,Февраль 2024,15.96,2484403.97,932642.53,186.74645222327342,KOMATSU 730-E,730E_17,505
2024,Февраль 2024,16,2371933.62,885977.6,186.22035573122528,KOMATSU 730-E,730E_18,506
2024,Февраль 2024,16.05,2469854.31,962559.32,188.6875,KOMATSU 730-E,730E_19,507
2024,Февраль 2024,15.65,2285692.93,922551.89,186.8343621399177,KOMATSU 730-E,730E_20,508
2024,Февраль 2024,15.71,2313269.31,901191.86,185.27620967741936,KOMATSU 730-E,730E_21,509
2024,Февраль 2024,16.39,2348812.76,928005.7,183.86009852216748,KOMATSU 730-E,730E_22,510
2024,Февраль 2024,15.4,2457305.86,919238.99,186.29580152671755,KOMATSU 730-E,730E_23,511
2024,Февраль 2024,15.01,2379850.34,910892.82,187.76961271102283,KOMATSU 730-E,730E_24,512
2024,Февраль 2024,15.6,2331557.07,918817.33,187.30738119312437,KOMATSU 730-E,730E_25,513
2024,Февраль 2024,15.26,2378138.62,909649.26,187.26263627353816,KOMATSU 730-E,730E_26,514
2024,Февраль 2024,15.22,2450458.97,912149.49,185.0703422053232,KOMATSU 730-E,730E_27,515
2024,Февраль 2024,15.65,2349832.24,920236.35,185.21946375372394,KOMATSU 730-E,730E_28,516
2024,Февраль 2024,15.63,2417760,932685.91,188.51422963689893,KOMATSU 730-E,730E_29,517
2024,Февраль 2024,15.69,2150403.79,861241.72,177.2344398340249,KOMATSU 730-E,730E_37,864
2024,Февраль 2024,16.55,801288.28,950141.98,190.04179104477612,KOMATSU 730-E,730E_38,865
2024,Февраль 2024,16.23,2364822.41,903408.21,180.31669865642993,KOMATSU 730-E,730E_39,866
2024,Февраль 2024,15.99,2396854.31,916001.79,188.54950495049505,KOMATSU 730-E,730E_40,867
2024,Февраль 2024,16.54,1161820.17,393592.67,186.86032388663966,KOMATSU 730-E,730E_41,868
2024,Февраль 2024,15.7,785593.78,823487.42,185.79333333333332,NHL NTE200,NHL NTE200_43,1415
2024,Февраль 2024,16.17,266026.65,961584.87,186,NHL NTE200,NHL NTE200_44,1416
2024,Февраль 2024,15.3,1698247.21,844738,182.71666666666664,NHL NTE200,NHL NTE200_45,1417
2024,Февраль 2024,15.27,1155373.19,773085.75,186,NHL NTE200,NHL NTE200_46,1418
2024,Февраль 2024,14.58,2038754.5,800017.63,179.1748113207547,NHL NTE200,NHL NTE200_47,1419
2024,Февраль 2024,15.72,1943947.62,882997.8,186,NHL NTE200,NHL NTE200_48,1420
2024,Март 2024,16.45,1367454.84,990550.98,187.92880258899677,KOMATSU 730-E,730E_13,501
2024,Март 2024,16.97,2325179.52,980280.53,187.71958174904944,KOMATSU 730-E,730E_14,502
2024,Март 2024,16.19,2318597.74,987518.15,187.5447619047619,KOMATSU 730-E,730E_15,503
2024,Март 2024,16.33,2218505.32,976173.06,185.63645320197045,KOMATSU 730-E,730E_16,504
2024,Март 2024,16.33,2213159.84,990070.93,188.53259779338015,KOMATSU 730-E,730E_17,505
2024,Март 2024,16.26,2070468.39,995669.96,188.67811158798284,KOMATSU 730-E,730E_18,506
2024,Март 2024,17.04,2233246.61,1038768.28,188.16765873015873,KOMATSU 730-E,730E_19,507
2024,Март 2024,15.83,1979336.13,874721.45,187.20267260579064,KOMATSU 730-E,730E_20,508
2024,Март 2024,16.03,2171161.29,958130.15,186.26262626262627,KOMATSU 730-E,730E_21,509
2024,Март 2024,16.85,2098373.23,992052.42,184.6818652849741,KOMATSU 730-E,730E_22,510
2024,Март 2024,15.57,2038784.03,971386.32,184.99679487179486,KOMATSU 730-E,730E_23,511
2024,Март 2024,16.21,2298993.71,992234.63,187.02777777777777,KOMATSU 730-E,730E_24,512
2024,Март 2024,16.51,2062367.74,988134.01,186.1424017003188,KOMATSU 730-E,730E_25,513
2024,Март 2024,15.59,2213159.84,961643.72,187.59181636726547,KOMATSU 730-E,730E_26,514
2024,Март 2024,15.59,2179473.87,951421.56,184.73652694610777,KOMATSU 730-E,730E_27,515
2024,Март 2024,15.75,2226982.74,980421.55,185.43235294117648,KOMATSU 730-E,730E_28,516
2024,Март 2024,16.29,2267956.94,970941.37,188.65915768854066,KOMATSU 730-E,730E_29,517
2024,Март 2024,16.51,2173869.35,955155.66,178.73184898354307,KOMATSU 730-E,730E_37,864
2024,Март 2024,16.74,2318362.26,1034542.49,193.8011811023622,KOMATSU 730-E,730E_38,865
2024,Март 2024,17.61,2265166.45,986585.75,180.13483146067415,KOMATSU 730-E,730E_39,866
2024,Март 2024,16.47,2283581.29,967807.19,189.03313840155946,KOMATSU 730-E,730E_40,867
2024,Март 2024,16.73,846976.61,501676.61,189.80211081794195,KOMATSU 730-E,730E_41,868
2024,Март 2024,14.89,1974328.8,910395.58,185.90101995565414,NHL NTE200,NHL NTE200_43,1415
2024,Март 2024,15.3,1860448.8,944702.91,185.89496470588236,NHL NTE200,NHL NTE200_44,1416
2024,Март 2024,15.32,1812268.8,944548.15,185.89204353083437,NHL NTE200,NHL NTE200_45,1417
2024,Март 2024,14.59,1843629.6,875424.88,185.96465558194774,NHL NTE200,NHL NTE200_46,1418
2024,Март 2024,14.62,2055358.8,909633.59,185.90492012779555,NHL NTE200,NHL NTE200_47,1419
2024,Март 2024,15.23,1928251.2,946909.21,185.8902156640182,NHL NTE200,NHL NTE200_48,1420
2024,Март 2024,,758860.47,345110.87,186,NHL NTE200,NHL NTE200_49,1445
2024,Март 2024,,435155.84,284812.5,186,NHL NTE200,NHL NTE200_50,1446
2024,Март 2024,,365000,524832.48,,NHL NTE200,NHL NTE200_51,1447
2024,Март 2024,13.65,671360.66,498632.79,186,NHL NTE200,NHL NTE200_52,1448
2024,Март 2024,,346750,473912.5,,NHL NTE200,NHL NTE200_53,1449
2024,Апрель 2024,15.04,2074258.5,887160.82,186.0327868852459,KOMATSU 730-E,730E_13,501
2024,Апрель 2024,15.05,2093080.33,879153.73,188.22100656455143,KOMATSU 730-E,730E_14,502
2024,Апрель 2024,15.09,1945827.17,845387.87,185.31981460023175,KOMATSU 730-E,730E_15,503
2024,Апрель 2024,14.98,1877742.5,903657.98,185.49879807692307,KOMATSU 730-E,730E_16,504
2024,Апрель 2024,15.14,884869.5,839019.2,187.4458762886598,KOMATSU 730-E,730E_17,505
2024,Апрель 2024,14.98,517971.5,829257.77,187.54625550660793,KOMATSU 730-E,730E_18,506
2024,Апрель 2024,16.52,369915.33,893377.89,187.679012345679,KOMATSU 730-E,730E_19,507
2024,Апрель 2024,14.35,2007074.17,838437.49,184.52460850111856,KOMATSU 730-E,730E_20,508
2024,Апрель 2024,14.65,2103397.67,855199.97,184.70299145299145,KOMATSU 730-E,730E_21,509
2024,Апрель 2024,15.42,2076704,861937.72,184.72727272727272,KOMATSU 730-E,730E_22,510
2024,Апрель 2024,14.44,1719588,856820.03,183.0777202072539,KOMATSU 730-E,730E_23,511
2024,Апрель 2024,14.46,1987996.83,841778.29,186.1013667425968,KOMATSU 730-E,730E_24,512
2024,Апрель 2024,15.15,2036481,856609.96,184.74834437086093,KOMATSU 730-E,730E_25,513
2024,Апрель 2024,14.14,1900409,848273.71,188.19036144578314,KOMATSU 730-E,730E_26,514
2024,Апрель 2024,14.09,2044790.83,835605.56,184.8899889988999,KOMATSU 730-E,730E_27,515
2024,Апрель 2024,14.38,1796092,851973.9,185.69056603773586,KOMATSU 730-E,730E_28,516
2024,Апрель 2024,14.92,1944732.17,874134.26,185.86162790697674,KOMATSU 730-E,730E_29,517
2024,Апрель 2024,14.77,1945523,828243.86,176.1079295154185,KOMATSU 730-E,730E_37,864
2024,Апрель 2024,15.51,2206717,903586.91,193.36247334754796,KOMATSU 730-E,730E_38,865
2024,Апрель 2024,15.4,1864371.33,837252.95,176.94688221709006,KOMATSU 730-E,730E_39,866
2024,Апрель 2024,14.81,1860307.67,842410.59,186.01827040194885,KOMATSU 730-E,730E_40,867
2024,Апрель 2024,15.14,2139788.17,870504.08,188.0994652406417,KOMATSU 730-E,730E_41,868
2024,Апрель 2024,14.27,1957495,812180.91,186,NHL NTE200,NHL NTE200_43,1415
2024,Апрель 2024,14.59,1792296,799248.42,186,NHL NTE200,NHL NTE200_44,1416
2024,Апрель 2024,14.88,1952969,864190.21,186,NHL NTE200,NHL NTE200_45,1417
2024,Апрель 2024,14.32,2052541,821819.47,186,NHL NTE200,NHL NTE200_46,1418
2024,Апрель 2024,14.5,1973336,836537.96,186,NHL NTE200,NHL NTE200_47,1419
2024,Апрель 2024,14.41,1991440,821819.71,186,NHL NTE200,NHL NTE200_48,1420
2024,Апрель 2024,,737738,267400.83,186,NHL NTE200,NHL NTE200_49,1445
2024,Апрель 2024,,742264,287872.7,186,NHL NTE200,NHL NTE200_50,1446
2024,Апрель 2024,,830521,428927.84,186,NHL NTE200,NHL NTE200_51,1447
2024,Апрель 2024,,604221,363134.14,186,NHL NTE200,NHL NTE200_52,1448
2024,Апрель 2024,21.58,850888,390209.1,186,NHL NTE200,NHL NTE200_53,1449
2024,Апрель 2024,,866086.42,353751.74,186,NHL NTE200,NHL NTE200_54,1450
2024,Апрель 2024,,847828.17,340338.42,186,NHL NTE200,NHL NTE200_55,1481
2024,Апрель 2024,,2593746.15,742238.66,186,NHL NTE200,NHL NTE200_56,1490
2024,Апрель 2024,,2498003.85,537342.84,,NHL NTE200,NHL NTE200_57,1491
2024,Апрель 2024,,4601433.33,979035.8,,NHL NTE200,NHL NTE200_58,1496
2024,Апрель 2024,,1719880,321780,186,NHL NTE200,NHL NTE200_59,1497
2024,Май 2024,14.78,2582492.74,849026.66,185.4057480980558,KOMATSU 730-E,730E_13,501
2024,Май 2024,14.85,2399557.1,884593.01,187.48666053357866,KOMATSU 730-E,730E_14,502
2024,Май 2024,15.17,2562924.03,863202.23,184.46864406779662,KOMATSU 730-E,730E_15,503
2024,Май 2024,14.58,2535066.29,867963.57,184.81287553648068,KOMATSU 730-E,730E_16,504
2024,Май 2024,15.36,675238.23,709583.87,164.79597701149424,KOMATSU 730-E,730E_18,506
2024,Май 2024,14.99,2187468.55,862122.99,183.5820158102767,KOMATSU 730-E,730E_19,507
2024,Май 2024,14.58,2420974.35,866588.04,184.7412398921833,KOMATSU 730-E,730E_20,508
2024,Май 2024,14.4,2471332.58,854315.73,184.2791922739245,KOMATSU 730-E,730E_21,509
2024,Май 2024,15.2,2478762.1,878846.77,184.9956063268893,KOMATSU 730-E,730E_22,510
2024,Май 2024,14.41,2462690.32,848595.41,182.99212598425197,KOMATSU 730-E,730E_23,511
2024,Май 2024,14.3,2197252.9,875954.96,185.87250996015936,KOMATSU 730-E,730E_24,512
2024,Май 2024,15.17,2648887.42,892898.06,186.23675496688742,KOMATSU 730-E,730E_25,513
2024,Май 2024,14.01,2342723.06,829261.84,185.95420560747664,KOMATSU 730-E,730E_26,514
2024,Май 2024,14.12,2512648.23,854879.72,184.92461005199306,KOMATSU 730-E,730E_27,515
2024,Май 2024,14.2,2503935.32,864261.28,186.38299737072742,KOMATSU 730-E,730E_28,516
2024,Май 2024,14.31,2480775.48,864595.5,185.30870712401057,KOMATSU 730-E,730E_29,517
2024,Май 2024,14.82,2597186.94,825503.55,177.60305958132045,KOMATSU 730-E,730E_37,864
2024,Май 2024,15.36,2516851.61,929723.62,193.09846431797652,KOMATSU 730-E,730E_38,865
2024,Май 2024,15.16,2336906.61,851257.64,178.48064806480647,KOMATSU 730-E,730E_39,866
2024,Май 2024,14.78,2521702.58,861889.75,187.21328671328672,KOMATSU 730-E,730E_40,867
2024,Май 2024,15.07,2465881.13,866526.04,186.65864527629233,KOMATSU 730-E,730E_41,868
2024,Май 2024,14.47,2341427.9,868757.13,185.8514018691589,NHL NTE200,NHL NTE200_43,1415
2024,Май 2024,14.76,2388080.79,851997.77,184.88906107566098,NHL NTE200,NHL NTE200_44,1416
2024,Май 2024,15.29,2486259.9,899170.17,186.0456387665198,NHL NTE200,NHL NTE200_45,1417
2024,Май 2024,14,2484942.37,809417.54,185.94704845814974,NHL NTE200,NHL NTE200_46,1418
2024,Май 2024,14.34,2498790,868400.56,186,NHL NTE200,NHL NTE200_47,1419
2024,Май 2024,14.52,2452800,864455.42,186,NHL NTE200,NHL NTE200_48,1420
2024,Май 2024,15.81,1929390,718110.22,186,NHL NTE200,NHL NTE200_49,1445
2024,Май 2024,14.87,1911272.73,618226.21,186,NHL NTE200,NHL NTE200_50,1446
2024,Май 2024,14.74,1824247.42,581410,186,NHL NTE200,NHL NTE200_51,1447
2024,Май 2024,14.54,1787298.55,558309.33,185.29065743944636,NHL NTE200,NHL NTE200_52,1448
2024,Май 2024,15.01,1781350.52,536513.16,186,NHL NTE200,NHL NTE200_53,1449
2024,Май 2024,14.87,1564335.13,444878.05,180.9258760107817,NHL NTE200,NHL NTE200_54,1450
2024,Май 2024,13.66,1551501.1,203218.88,177.23924050632917,NHL NTE200,NHL NTE200_55,1481
2024,Май 2024,,1603080,203143.72,186,NHL NTE200,NHL NTE200_56,1490
2024,Май 2024,,1789230,241748.8,186,NHL NTE200,NHL NTE200_57,1491
2024,Май 2024,,1528620,248415.96,186,NHL NTE200,NHL NTE200_58,1496
2024,Май 2024,,1559280,263568.49,186,NHL NTE200,NHL NTE200_59,1497
2024,Май 2024,,1453363.64,237632.48,186,NHL NTE200,NHL NTE200_60,1498
2024,Май 2024,,2120696.2,312505.94,186,NHL NTE200,NHL NTE200_61,1499
2024,Июнь 2024,15.55,2764412.67,841558.4,186.23934426229508,KOMATSU 730-E,730E_13,501
2024,Июнь 2024,15.63,3080478.33,816316.94,186.58069270449522,KOMATSU 730-E,730E_14,502
2024,Июнь 2024,16.04,2825319,855728.39,185.03426294820716,KOMATSU 730-E,730E_15,503
2024,Июнь 2024,15.6,2826280.17,847864.16,184.9498407643312,KOMATSU 730-E,730E_16,504
2024,Июнь 2024,15.26,2763500.17,852030.51,186.48357963875205,KOMATSU 730-E,730E_18,506
2024,Июнь 2024,15.55,2783550.83,857136.63,184.5040322580645,KOMATSU 730-E,730E_19,507
2024,Июнь 2024,15.07,2904584.83,818904.57,185.4957264957265,KOMATSU 730-E,730E_20,508
2024,Июнь 2024,15.68,2846878.33,848317.4,185.2652414885194,KOMATSU 730-E,730E_21,509
2024,Июнь 2024,15.81,2879947.33,854505.71,186.23760818253345,KOMATSU 730-E,730E_22,510
2024,Июнь 2024,15.03,2973679.33,808432.56,185.73006134969324,KOMATSU 730-E,730E_23,511
2024,Июнь 2024,14.8,2615358.83,871509.25,186.1134199134199,KOMATSU 730-E,730E_24,512
2024,Июнь 2024,15.57,2768658.83,854115.5,185.6125611745514,KOMATSU 730-E,730E_25,513
2024,Июнь 2024,14.62,2476318.17,807562.54,186.8989898989899,KOMATSU 730-E,730E_26,514
2024,Июнь 2024,15.06,2749459.83,829516.9,184.92880523731588,KOMATSU 730-E,730E_27,515
2024,Июнь 2024,14.92,2897516,832959.24,186.2017200938233,KOMATSU 730-E,730E_28,516
2024,Июнь 2024,14.99,2547006.5,837863.95,185.91740674955594,KOMATSU 730-E,730E_29,517
2024,Июнь 2024,16.12,2755969,825484.6,179.34916864608076,KOMATSU 730-E,730E_37,864
2024,Июнь 2024,15.91,2582472.33,892729.74,191.7416440831075,KOMATSU 730-E,730E_38,865
2024,Июнь 2024,15.62,2637623.83,823693.35,180.2086450540316,KOMATSU 730-E,730E_39,866
2024,Июнь 2024,15.38,2733752.67,843790.6,187.5559265442404,KOMATSU 730-E,730E_40,867
2024,Июнь 2024,15.51,2680499.17,863231.95,185.60657118786858,KOMATSU 730-E,730E_41,868
2024,Июнь 2024,14.63,2255569.82,813995.61,178.77463837994176,NHL NTE200,NHL NTE200_43,1415
2024,Июнь 2024,14.93,2320785.58,818934.89,180.80521327014227,NHL NTE200,NHL NTE200_44,1416
2024,Июнь 2024,14.9,2366997.02,825467.75,180.6385329619312,NHL NTE200,NHL NTE200_45,1417
2024,Июнь 2024,14.22,2392828.07,760331.05,181.59815327793157,NHL NTE200,NHL NTE200_46,1418
2024,Июнь 2024,14.77,2400469.95,836166.25,182.85347544022218,NHL NTE200,NHL NTE200_47,1419
2024,Июнь 2024,15.26,2360648.45,854924.87,184.08529411764692,NHL NTE200,NHL NTE200_48,1420
2024,Июнь 2024,14.99,2372717.78,829019.29,185.55461465271185,NHL NTE200,NHL NTE200_49,1445
2024,Июнь 2024,14.61,2201782.2,797575.53,176.37307317073177,NHL NTE200,NHL NTE200_50,1446
2024,Июнь 2024,15,2430462,848862.64,186,NHL NTE200,NHL NTE200_51,1447
2024,Июнь 2024,15.04,2177059.53,793355.89,181.1097165991902,NHL NTE200,NHL NTE200_52,1448
2024,Июнь 2024,14.68,2213317.42,850479.34,182.09859859859878,NHL NTE200,NHL NTE200_53,1449
2024,Июнь 2024,15.47,2333129.88,833002.41,179.21878504672887,NHL NTE200,NHL NTE200_54,1450
2024,Июнь 2024,14.72,2241248.43,748848.2,174.11361058601153,NHL NTE200,NHL NTE200_55,1481
2024,Июнь 2024,,1783244,425612.79,186,NHL NTE200,NHL NTE200_56,1490
2024,Июнь 2024,,1785507,484600.84,186,NHL NTE200,NHL NTE200_57,1491
2024,Июнь 2024,,1733458,442506.85,186,NHL NTE200,NHL NTE200_58,1496
2024,Июнь 2024,,1509421,442661.62,,NHL NTE200,NHL NTE200_59,1497
2024,Июнь 2024,,1432479,471731.75,186,NHL NTE200,NHL NTE200_60,1498
2024,Июнь 2024,,1934865,509120.73,186,NHL NTE200,NHL NTE200_61,1499
2024,Июнь 2024,,1773900,479302.76,,NHL NTE200,NHL NTE200_62,1533
2024,Июль 2024,15.5,2545345.16,914817.66,185.72164948453607,KOMATSU 730-E,730E_13,501
2024,Июль 2024,15.93,2853134.35,870298.5,185.54441041347627,KOMATSU 730-E,730E_14,502
2024,Июль 2024,16.07,3539499.19,854278.55,184.42638036809817,KOMATSU 730-E,730E_15,503
2024,Июль 2024,15.76,3086392.9,885993.51,184.93361581920905,KOMATSU 730-E,730E_16,504
2024,Июль 2024,15.76,2502534.19,862495.61,180.27480916030535,KOMATSU 730-E,730E_17,505
2024,Июль 2024,15.44,2792932.9,918520.81,186.63099921321793,KOMATSU 730-E,730E_18,506
2024,Июль 2024,16.06,4094040.16,800807.27,185.64495461825948,KOMATSU 730-E,730E_19,507
2024,Июль 2024,15.15,2919375.97,870939.44,184.75931445603578,KOMATSU 730-E,730E_20,508
2024,Июль 2024,15.79,3199213.23,879966.66,185.343792633015,KOMATSU 730-E,730E_21,509
2024,Июль 2024,15.88,3036270.16,898678.62,184.45994277539342,KOMATSU 730-E,730E_22,510
2024,Июль 2024,15.54,3474234.84,843682.03,186.2828282828283,KOMATSU 730-E,730E_23,511
2024,Июль 2024,15.04,2793686.45,920784.2,186.38805970149255,KOMATSU 730-E,730E_24,512
2024,Июль 2024,15.49,3193691.13,862020.05,185.15017064846415,KOMATSU 730-E,730E_25,513
2024,Июль 2024,14.88,2131023.06,870718.35,186.781217750258,KOMATSU 730-E,730E_26,514
2024,Июль 2024,14.95,2675650.16,878200.39,184.90398698128558,KOMATSU 730-E,730E_27,515
2024,Июль 2024,14.94,2920941.94,901486.14,186.24624624624624,KOMATSU 730-E,730E_28,516
2024,Июль 2024,14.92,2880674.19,882111.75,184.23192771084337,KOMATSU 730-E,730E_29,517
2024,Июль 2024,15.91,2625574.52,868800.19,178.1102236421725,KOMATSU 730-E,730E_37,864
2024,Июль 2024,15.78,3051282.26,944909.81,191.82087342709104,KOMATSU 730-E,730E_38,865
2024,Июль 2024,16.16,2722393.71,911980.7,180.49726775956285,KOMATSU 730-E,730E_39,866
2024,Июль 2024,15.04,2689108.06,909926.99,186.4408163265306,KOMATSU 730-E,730E_40,867
2024,Июль 2024,15.25,2671811.77,905463.76,185.69639934533552,KOMATSU 730-E,730E_41,868
2024,Июль 2024,15.05,2382670.55,889505.52,179.55971606033708,NHL NTE200,NHL NTE200_43,1415
2024,Июль 2024,14.84,2396460.48,858642.74,177.91520979020964,NHL NTE200,NHL NTE200_44,1416
2024,Июль 2024,14.99,2482332.03,870122.42,177.76408094435104,NHL NTE200,NHL NTE200_45,1417
2024,Июль 2024,14.42,2283504.76,781882.74,180.24302973977683,NHL NTE200,NHL NTE200_46,1418
2024,Июль 2024,14.75,2247509.87,862801.01,179.7404896421847,NHL NTE200,NHL NTE200_47,1419
2024,Июль 2024,15.15,2388763.69,875586.81,180.6601068566342,NHL NTE200,NHL NTE200_48,1420
2024,Июль 2024,15.35,2615444,885307.11,183.2785478547853,NHL NTE200,NHL NTE200_49,1445
2024,Июль 2024,14.5,2297061.56,826344.38,173.10816326530608,NHL NTE200,NHL NTE200_50,1446
2024,Июль 2024,14.63,2339078.95,852348.91,181.75800548947848,NHL NTE200,NHL NTE200_51,1447
2024,Июль 2024,14.9,2418502.95,824807.62,179.23830715532296,NHL NTE200,NHL NTE200_52,1448
2024,Июль 2024,14.86,2477844.89,845738.38,179.40929241261728,NHL NTE200,NHL NTE200_53,1449
2024,Июль 2024,15.44,2224050.97,862683.92,174.7382053654023,NHL NTE200,NHL NTE200_54,1450
2024,Июль 2024,14.56,2260337.85,743036.17,175.96141154903754,NHL NTE200,NHL NTE200_55,1481
2024,Июль 2024,,1973190,544120.52,,NHL NTE200,NHL NTE200_56,1490
2024,Июль 2024,,2135250,562449.01,186,NHL NTE200,NHL NTE200_57,1491
2024,Июль 2024,,2049840,546289.97,,NHL NTE200,NHL NTE200_58,1496
2024,Июль 2024,,2056410,556452.97,186,NHL NTE200,NHL NTE200_59,1497
2024,Июль 2024,,1815510,667739.77,,NHL NTE200,NHL NTE200_60,1498
2024,Июль 2024,,2229420,577440.42,,NHL NTE200,NHL NTE200_61,1499
2024,Июль 2024,,2069550,555405.88,,NHL NTE200,NHL NTE200_62,1533
2024,Август 2024,15.56,3389213.39,831376.84,185.3515775917579,KOMATSU 730-E,730E_13,501
2024,Август 2024,15.35,2977622.9,836400.48,186.63763837638376,KOMATSU 730-E,730E_14,502
2024,Август 2024,15.79,3133407.26,856132.8,183.914996544575,KOMATSU 730-E,730E_15,503
2024,Август 2024,15.76,2995943.55,836388.04,185.4591836734694,KOMATSU 730-E,730E_16,504
2024,Август 2024,15.47,2998828.23,843431.52,186.45314787701318,KOMATSU 730-E,730E_17,505
2024,Август 2024,15.38,3180668.87,851104.95,187.33633841886268,KOMATSU 730-E,730E_18,506
2024,Август 2024,15.71,3196564.03,830963.13,184.3102511880516,KOMATSU 730-E,730E_19,507
2024,Август 2024,14.55,2881392.42,806872.41,183.1744011976048,KOMATSU 730-E,730E_20,508
2024,Август 2024,15.99,3538969.35,845664.84,185.99628712871288,KOMATSU 730-E,730E_21,509
2024,Август 2024,15.86,3099768.39,828723.61,185.13924050632912,KOMATSU 730-E,730E_22,510
2024,Август 2024,14.99,2975915.65,825289.23,183.95123726346435,KOMATSU 730-E,730E_23,511
2024,Август 2024,14.99,2524928.71,854499.12,186.63707571801567,KOMATSU 730-E,730E_24,512
2024,Август 2024,15.22,3095859.35,829730.55,185.68926553672316,KOMATSU 730-E,730E_25,513
2024,Август 2024,15.1,3194727.26,821218.49,184.45479265805574,KOMATSU 730-E,730E_26,514
2024,Август 2024,14.77,2854017.42,834723.08,184.7530487804878,KOMATSU 730-E,730E_27,515
2024,Август 2024,15.22,3213106.77,830329.38,186.02181322426722,KOMATSU 730-E,730E_28,516
2024,Август 2024,14.96,2801233.71,853360.09,184.2858249419055,KOMATSU 730-E,730E_29,517
2024,Август 2024,15.56,2961021.29,810748.76,177.72720848056537,KOMATSU 730-E,730E_37,864
2024,Август 2024,15.93,3535284.03,876203.23,191.6126356094448,KOMATSU 730-E,730E_38,865
2024,Август 2024,16.25,3106620.97,837433.77,183.22916666666666,KOMATSU 730-E,730E_39,866
2024,Август 2024,14.75,2942123.71,829447.1,186.7556053811659,KOMATSU 730-E,730E_40,867
2024,Август 2024,15.46,3083202.1,860265.47,185.45396600566573,KOMATSU 730-E,730E_41,868
2024,Август 2024,14.96,2704440.42,806594.77,179.4367762128326,NHL NTE200,NHL NTE200_43,1415
2024,Август 2024,14.48,2610802.61,780316.19,177.2497202238209,NHL NTE200,NHL NTE200_44,1416
2024,Август 2024,14.71,2633111.18,783367.12,179.77017684887437,NHL NTE200,NHL NTE200_45,1417
2024,Август 2024,14.28,2666375.63,743017.32,178.59566246056778,NHL NTE200,NHL NTE200_46,1418
2024,Август 2024,14.72,2505324.68,795782.78,177.02246256239607,NHL NTE200,NHL NTE200_47,1419
2024,Август 2024,14.84,2582112.44,803797.14,178.43995117982112,NHL NTE200,NHL NTE200_48,1420
2024,Август 2024,14.99,2625331.97,804300.56,179.52769726248002,NHL NTE200,NHL NTE200_49,1445
2024,Август 2024,14.38,2449097.02,749183.02,171.05715460526307,NHL NTE200,NHL NTE200_50,1446
2024,Август 2024,14.9,2661617.68,792763.52,179.9802547770701,NHL NTE200,NHL NTE200_51,1447
2024,Август 2024,15.23,2847654.65,786186.49,179.15229629629636,NHL NTE200,NHL NTE200_52,1448
2024,Август 2024,14.79,2572747.24,776806.8,177.93754071661218,NHL NTE200,NHL NTE200_53,1449
2024,Август 2024,15.02,2628900.73,788879.91,177.90956175298777,NHL NTE200,NHL NTE200_54,1450
2024,Август 2024,14.77,2560923.6,731819.93,178.13521703521758,NHL NTE200,NHL NTE200_55,1481
2024,Август 2024,,1881210,47387.62,186,NHL NTE200,NHL NTE200_56,1490
2024,Август 2024,,2038890,33784.62,186,NHL NTE200,NHL NTE200_57,1491
2024,Август 2024,,2100210,52876.35,186,NHL NTE200,NHL NTE200_58,1496
2024,Август 2024,,1990710,55118.63,186,NHL NTE200,NHL NTE200_59,1497
2024,Август 2024,,2023560,50357.49,186,NHL NTE200,NHL NTE200_60,1498
2024,Август 2024,,1960050,37101.63,186,NHL NTE200,NHL NTE200_61,1499
2024,Август 2024,,2027940,31759.4,186,NHL NTE200,NHL NTE200_62,1533
2024,Сентябрь 2024,15.46,3075514.33,829460.18,183.94610778443115,KOMATSU 730-E,730E_13,501
2024,Сентябрь 2024,14.66,2889619.83,807288.12,183.50712025316454,KOMATSU 730-E,730E_14,502
2024,Сентябрь 2024,14.87,2697727.17,812550.75,180.76043405676126,KOMATSU 730-E,730E_15,503
2024,Сентябрь 2024,15.05,3100285.67,822980.29,184.36607142857142,KOMATSU 730-E,730E_16,504
2024,Сентябрь 2024,14.69,2896506.17,850021.64,184.24041533546327,KOMATSU 730-E,730E_17,505
2024,Сентябрь 2024,14.51,2945452.67,813988.78,185.67619047619047,KOMATSU 730-E,730E_18,506
2024,Сентябрь 2024,15.17,2787845.67,847026.22,183.39817123857023,KOMATSU 730-E,730E_19,507
2024,Сентябрь 2024,14.66,2851927.5,811870.58,182.0408981555734,KOMATSU 730-E,730E_20,508
2024,Сентябрь 2024,16.15,3143051.5,824633.99,184.11127272727273,KOMATSU 730-E,730E_21,509
2024,Сентябрь 2024,15.01,2953653,849064.11,183.89009287925697,KOMATSU 730-E,730E_22,510
2024,Сентябрь 2024,14.88,3035972.67,818291.89,180.72106824925817,KOMATSU 730-E,730E_23,511
2024,Сентябрь 2024,13.78,2713775,825735.99,184.94871794871796,KOMATSU 730-E,730E_24,512
2024,Сентябрь 2024,15.54,3173334.33,836300.29,184.24780701754386,KOMATSU 730-E,730E_25,513
2024,Сентябрь 2024,14.32,2756443.5,805671.57,182.79052369077306,KOMATSU 730-E,730E_26,514
2024,Сентябрь 2024,14.19,2745043.33,818287.21,182.92397660818713,KOMATSU 730-E,730E_27,515
2024,Сентябрь 2024,15.24,3074735.67,857835.71,184.31104432757326,KOMATSU 730-E,730E_28,516
2024,Сентябрь 2024,14.13,2968362.5,800197.78,183.24941905499614,KOMATSU 730-E,730E_29,517
2024,Сентябрь 2024,14.98,2805049.33,801938.75,177.22071713147412,KOMATSU 730-E,730E_37,864
2024,Сентябрь 2024,15.64,2910558.67,898414.03,189.5760065735415,KOMATSU 730-E,730E_38,865
2024,Сентябрь 2024,14.98,2818785.5,812459.72,181.62590506838293,KOMATSU 730-E,730E_39,866
2024,Сентябрь 2024,14.69,2723958.5,826027.77,184.552290406223,KOMATSU 730-E,730E_40,867
2024,Сентябрь 2024,14.99,3050706.5,858188.75,184.77173091458806,KOMATSU 730-E,730E_41,868
2024,Сентябрь 2024,14.44,2702726.45,807422.63,180.01820448877783,NHL NTE200,NHL NTE200_43,1415
2024,Сентябрь 2024,14.53,2569963.78,831830.05,184.28333333333364,NHL NTE200,NHL NTE200_44,1416
2024,Сентябрь 2024,14.55,2637340.35,814246.89,181.15889361702156,NHL NTE200,NHL NTE200_45,1417
2024,Сентябрь 2024,14.26,2558210.78,746366.06,181.32972735268223,NHL NTE200,NHL NTE200_46,1418
2024,Сентябрь 2024,14.36,2570893.32,839460.9,183.04628318584074,NHL NTE200,NHL NTE200_47,1419
2024,Сентябрь 2024,14.29,2579324.82,810603.42,180.6781223083548,NHL NTE200,NHL NTE200_48,1420
2024,Сентябрь 2024,14.45,2705270.5,807339.54,181.39832635983254,NHL NTE200,NHL NTE200_49,1445
2024,Сентябрь 2024,14.22,2395025.37,767869.85,172.93978300180828,NHL NTE200,NHL NTE200_50,1446
2024,Сентябрь 2024,14.28,2259117.62,793336.14,178.94701273261492,NHL NTE200,NHL NTE200_51,1447
2024,Сентябрь 2024,14.88,2695818.22,817881.59,181.50386879730866,NHL NTE200,NHL NTE200_52,1448
2024,Сентябрь 2024,14.21,2662420.72,793477.5,177.36881270903032,NHL NTE200,NHL NTE200_53,1449
2024,Сентябрь 2024,14.55,2488212.3,822234.45,180.80561085972855,NHL NTE200,NHL NTE200_54,1450
2024,Сентябрь 2024,14.1,2507167.97,684378.84,178.8159498207884,NHL NTE200,NHL NTE200_55,1481
2024,Сентябрь 2024,14.72,2452136.92,544886.56,186.64709851551933,NHL NTE200,NHL NTE200_56,1490
2024,Сентябрь 2024,14.81,2462285.13,528149.75,185.768085106383,NHL NTE200,NHL NTE200_57,1491
2024,Сентябрь 2024,14.67,2538195.4,532418.86,184.49086294416264,NHL NTE200,NHL NTE200_58,1496
2024,Сентябрь 2024,14.83,2495359.98,542205.71,180.48870558375646,NHL NTE200,NHL NTE200_59,1497
2024,Сентябрь 2024,14.66,2544605.49,613859.48,185.15334928229683,NHL NTE200,NHL NTE200_60,1498
2024,Сентябрь 2024,14.83,2599729.09,666079.77,182.46193548387097,NHL NTE200,NHL NTE200_61,1499
2024,Сентябрь 2024,14.67,2377029.93,624440.87,179.56160919540238,NHL NTE200,NHL NTE200_62,1533
2024,Октябрь 2024,16.28,2950024.19,912825.03,183.28205128205127,KOMATSU 730-E,730E_13,501
2024,Октябрь 2024,15.84,2713068.55,887949.07,183.16480891719746,KOMATSU 730-E,730E_14,502
2024,Октябрь 2024,16.23,3005115.65,919705.92,181.7824536376605,KOMATSU 730-E,730E_15,503
2024,Октябрь 2024,15.54,2885572.26,890410.31,183.30037453183522,KOMATSU 730-E,730E_16,504
2024,Октябрь 2024,15.22,781676.94,886817.67,183.90304709141273,KOMATSU 730-E,730E_17,505
2024,Октябрь 2024,15.7,3153482.26,902843.71,184.07432897453543,KOMATSU 730-E,730E_18,506
2024,Октябрь 2024,16.69,3194680.16,935248.34,184.70279481935924,KOMATSU 730-E,730E_19,507
2024,Октябрь 2024,16.15,3264936.77,890632.69,183.39470198675497,KOMATSU 730-E,730E_20,508
2024,Октябрь 2024,19.89,4226888.39,806902.78,184.85861713106294,KOMATSU 730-E,730E_21,509
2024,Октябрь 2024,16.43,3145405.16,918300.37,182.9753424657534,KOMATSU 730-E,730E_22,510
2024,Октябрь 2024,15.37,2812407.42,887088.95,181.23065250379364,KOMATSU 730-E,730E_23,511
2024,Октябрь 2024,14.85,2790107.1,908425.84,184.5538221528861,KOMATSU 730-E,730E_24,512
2024,Октябрь 2024,16.17,3127861.61,924751.44,184.61014593467686,KOMATSU 730-E,730E_25,513
2024,Октябрь 2024,16.45,3303497.26,888865.09,184.34276315789472,KOMATSU 730-E,730E_26,514
2024,Октябрь 2024,14.97,2885325,908269.8,182.46835443037975,KOMATSU 730-E,730E_27,515
2024,Октябрь 2024,16.02,3421392.26,912428.32,184.37992376111816,KOMATSU 730-E,730E_28,516
2024,Октябрь 2024,15.76,3190370.81,898653.77,182.9539607312119,KOMATSU 730-E,730E_29,517
2024,Октябрь 2024,17.06,3206371.94,875661.78,177.16742671009771,KOMATSU 730-E,730E_37,864
2024,Октябрь 2024,16.8,3316696.13,974485.59,188.05354752342703,KOMATSU 730-E,730E_38,865
2024,Октябрь 2024,16.87,2959278.71,878508.86,179.77507163323781,KOMATSU 730-E,730E_39,866
2024,Октябрь 2024,15.4,2665324.19,907766.74,184.94271685761046,KOMATSU 730-E,730E_40,867
2024,Октябрь 2024,16.32,3160346.61,938638.06,184.85724137931035,KOMATSU 730-E,730E_41,868
2024,Октябрь 2024,15.78,2814911.79,932923.89,182.63404743687855,NHL NTE200,NHL NTE200_43,1415
2024,Октябрь 2024,15.79,2854393.02,942476.01,182.40294339622642,NHL NTE200,NHL NTE200_44,1416
2024,Октябрь 2024,16.07,2849334.82,901263.61,178.84996299037752,NHL NTE200,NHL NTE200_45,1417
2024,Октябрь 2024,15.33,2855420.9,858112.49,180.95892053973026,NHL NTE200,NHL NTE200_46,1418
2024,Октябрь 2024,15.67,2993320.26,894707.7,181.70838709677423,NHL NTE200,NHL NTE200_47,1419
2024,Октябрь 2024,16,2841658.05,893940.42,181.86427492447126,NHL NTE200,NHL NTE200_48,1420
2024,Октябрь 2024,15.68,3054636.73,893210.44,184.78269230769217,NHL NTE200,NHL NTE200_49,1445
2024,Октябрь 2024,15.68,2760479.3,834813.85,170.54907142857147,NHL NTE200,NHL NTE200_50,1446
2024,Октябрь 2024,15.37,2956447.02,884542.2,181.8154459753443,NHL NTE200,NHL NTE200_51,1447
2024,Октябрь 2024,16.63,3069708.87,910979.42,181.80377094972062,NHL NTE200,NHL NTE200_52,1448
2024,Октябрь 2024,15.5,2822149.39,876299.21,174.68423357664244,NHL NTE200,NHL NTE200_53,1449
2024,Октябрь 2024,16.05,2915761.29,914019.74,179.4397677793904,NHL NTE200,NHL NTE200_54,1450
2024,Октябрь 2024,15.09,2852915.35,823050.11,181.07826086956516,NHL NTE200,NHL NTE200_55,1481
2024,Октябрь 2024,15.85,2865908.18,882184.17,183.6990929705219,NHL NTE200,NHL NTE200_56,1490
2024,Октябрь 2024,15.75,2934285.63,889159.61,184.87633531157263,NHL NTE200,NHL NTE200_57,1491
2024,Октябрь 2024,15.29,2734702.45,848536.52,182.16658823529417,NHL NTE200,NHL NTE200_58,1496
2024,Октябрь 2024,16.17,2847485.1,842397.22,178.21753868828335,NHL NTE200,NHL NTE200_59,1497
2024,Октябрь 2024,15.28,2865430.15,882917.53,180.66416356877306,NHL NTE200,NHL NTE200_60,1498
2024,Октябрь 2024,15.65,2928054.73,896395.27,181.24970802919714,NHL NTE200,NHL NTE200_61,1499
2024,Октябрь 2024,15.19,2916241.68,905018.03,180.5173722627737,NHL NTE200,NHL NTE200_62,1533
2024,Ноябрь 2024,17.22,3226490.5,991322.92,183.77754677754677,KOMATSU 730-E,730E_13,501
2024,Ноябрь 2024,16.61,2964274.5,940921.76,183.46310240963857,KOMATSU 730-E,730E_14,502
2024,Ноябрь 2024,16.73,2878426.5,958393.35,181.56792018419034,KOMATSU 730-E,730E_15,503
2024,Ноябрь 2024,16.59,2915924.17,949785.52,182.1162613981763,KOMATSU 730-E,730E_16,504
2024,Ноябрь 2024,16.6,1878874,909033.26,179.77648428405124,KOMATSU 730-E,730E_17,505
2024,Ноябрь 2024,16.56,3161654.33,966059.57,183.90799716914367,KOMATSU 730-E,730E_18,506
2024,Ноябрь 2024,17.24,3153222.83,983051.71,182.8997882851094,KOMATSU 730-E,730E_19,507
2024,Ноябрь 2024,16.64,3162968.33,958129.98,182.81997187060477,KOMATSU 730-E,730E_20,508
2024,Ноябрь 2024,19.85,2907006,890233.6,173.51633986928104,KOMATSU 730-E,730E_21,509
2024,Ноябрь 2024,17.54,3325551.5,979305.65,182.5871743486974,KOMATSU 730-E,730E_22,510
2024,Ноябрь 2024,16.25,2945744.67,944205.31,180.27997021593447,KOMATSU 730-E,730E_23,511
2024,Ноябрь 2024,16.2,2911860.5,960997.89,184.24249422632795,KOMATSU 730-E,730E_24,512
2024,Ноябрь 2024,16.74,2871576.67,951746.65,183.67315175097275,KOMATSU 730-E,730E_25,513
2024,Ноябрь 2024,16.67,2954066.67,946216.3,184.49848024316108,KOMATSU 730-E,730E_26,514
2024,Ноябрь 2024,16.05,2948202.33,966767.81,182.88150943396226,KOMATSU 730-E,730E_27,515
2024,Ноябрь 2024,15.99,3157773.17,947265.66,183.03455571227082,KOMATSU 730-E,730E_28,516
2024,Ноябрь 2024,16.34,2895593.67,948172.51,181.9525993883792,KOMATSU 730-E,730E_29,517
2024,Ноябрь 2024,17.8,3187532.83,942797.96,176.42356902356903,KOMATSU 730-E,730E_37,864
2024,Ноябрь 2024,17.18,3194808.5,1006516.6,187.42826552462526,KOMATSU 730-E,730E_38,865
2024,Ноябрь 2024,17.58,998056,800524.76,179.50109409190372,KOMATSU 730-E,730E_39,866
2024,Ноябрь 2024,16.59,2763110.83,975451.14,184.03970826580226,KOMATSU 730-E,730E_40,867
2024,Ноябрь 2024,16.9,2957363.83,978136.75,184.00529901589704,KOMATSU 730-E,730E_41,868
2024,Ноябрь 2024,17.55,3283552.17,954675.95,183.46770904146794,NHL NTE200,NHL NTE200_43,1415
2024,Ноябрь 2024,17.14,3083483.5,948905.08,182.06681034482747,NHL NTE200,NHL NTE200_44,1416
2024,Ноябрь 2024,17.3,3064884.32,925545.25,179.29416370106745,NHL NTE200,NHL NTE200_45,1417
2024,Ноябрь 2024,16.57,3110289.1,884202.79,183.78159597411948,NHL NTE200,NHL NTE200_46,1418
2024,Ноябрь 2024,16.53,2849780.08,916756.1,180.1757692307692,NHL NTE200,NHL NTE200_47,1419
2024,Ноябрь 2024,17.09,3022838.75,941991.55,181.2199124726478,NHL NTE200,NHL NTE200_48,1420
2024,Ноябрь 2024,17.11,3290573.55,948875.38,186.00969738651992,NHL NTE200,NHL NTE200_49,1445
2024,Ноябрь 2024,16.68,2959321.45,910594.1,178.84698529411767,NHL NTE200,NHL NTE200_50,1446
2024,Ноябрь 2024,16.78,3213379.7,924958.79,184.051149825784,NHL NTE200,NHL NTE200_51,1447
2024,Ноябрь 2024,18.19,3275248.42,952013.29,183.7532423208189,NHL NTE200,NHL NTE200_52,1448
2024,Ноябрь 2024,16.87,2941312.35,887314.36,174.17269452449554,NHL NTE200,NHL NTE200_53,1449
2024,Ноябрь 2024,17.84,3181706.22,935371.34,178.26182685753224,NHL NTE200,NHL NTE200_54,1450
2024,Ноябрь 2024,16.87,2756330.35,801054.87,182.25880933226065,NHL NTE200,NHL NTE200_55,1481
2024,Ноябрь 2024,16.79,3213882.18,940976.69,185.5018960674154,NHL NTE200,NHL NTE200_56,1490
2024,Ноябрь 2024,16.99,3096338.8,935038.36,183.61731601731614,NHL NTE200,NHL NTE200_57,1491
2024,Ноябрь 2024,17.07,2893346.48,895530.86,182.22934865900388,NHL NTE200,NHL NTE200_58,1496
2024,Ноябрь 2024,17.43,3267720.9,916203.53,178.45833887043196,NHL NTE200,NHL NTE200_59,1497
2024,Ноябрь 2024,17.19,3296269.98,925854.34,180.6175333333333,NHL NTE200,NHL NTE200_60,1498
2024,Ноябрь 2024,17.16,3354441.25,930389.1,183.31615691489412,NHL NTE200,NHL NTE200_61,1499
2024,Ноябрь 2024,16.88,3352660.05,952665.4,182.97549800796824,NHL NTE200,NHL NTE200_62,1533
2024,Декабрь 2024,17.7,3206725.16,1035153.55,184.39457627118645,KOMATSU 730-E,730E_13,501
2024,Декабрь 2024,17.24,3085085.97,1013670.79,185.56808510638297,KOMATSU 730-E,730E_14,502
2024,Декабрь 2024,17.23,3111071.61,1032350.44,182.22237569060775,KOMATSU 730-E,730E_15,503
2024,Декабрь 2024,16.91,3278265.16,1011300.26,184.02250165453341,KOMATSU 730-E,730E_16,504
2024,Декабрь 2024,16.66,2955263.71,998859.18,183.47587719298247,KOMATSU 730-E,730E_17,505
2024,Декабрь 2024,16.81,3266043.55,1022368.57,184.67914438502675,KOMATSU 730-E,730E_18,506
2024,Декабрь 2024,16.97,2804554.03,1031501.1,183.93271461716938,KOMATSU 730-E,730E_19,507
2024,Декабрь 2024,16.2,3034033.06,993340.2,183.40569395017795,KOMATSU 730-E,730E_20,508
2024,Декабрь 2024,16.75,3284552.58,999954.69,184.13218770654328,KOMATSU 730-E,730E_21,509
2024,Декабрь 2024,17.77,3170625.48,1037199.11,183.93852459016392,KOMATSU 730-E,730E_22,510
2024,Декабрь 2024,16.35,3102182.1,1007904.72,181.32022084195998,KOMATSU 730-E,730E_23,511
2024,Декабрь 2024,15.96,2563536.29,994660.08,184.82538330494037,KOMATSU 730-E,730E_24,512
2024,Декабрь 2024,17.09,2874210.16,1008321.45,185.21352583586625,KOMATSU 730-E,730E_25,513
2024,Декабрь 2024,17.1,3146453.06,1027230.17,184.04212707182322,KOMATSU 730-E,730E_26,514
2024,Декабрь 2024,16.07,2682031.77,974132.17,183.99432739059966,KOMATSU 730-E,730E_27,515
2024,Декабрь 2024,16.05,3166115.97,1001057.25,184.4320054945055,KOMATSU 730-E,730E_28,516
2024,Декабрь 2024,16.38,3158827.74,991605.72,184.0082304526749,KOMATSU 730-E,730E_29,517
2024,Декабрь 2024,17.29,2789965.81,998950.26,177.33933933933935,KOMATSU 730-E,730E_37,864
2024,Декабрь 2024,17.53,3150562.26,1051341.12,188.44774011299435,KOMATSU 730-E,730E_38,865
2024,Декабрь 2024,17.74,2451775.65,994034.29,176.00592718035563,KOMATSU 730-E,730E_39,866
2024,Декабрь 2024,16.05,2970805.65,1026060.49,185.5272861356932,KOMATSU 730-E,730E_40,867
2024,Декабрь 2024,17.02,3194527.1,1025702.88,184.065306122449,KOMATSU 730-E,730E_41,868
2024,Декабрь 2024,17.32,3177181.35,991747.21,181.84129554655843,NHL NTE200,NHL NTE200_43,1415
2024,Декабрь 2024,17.17,3166131.27,996441.2,181.58178740690587,NHL NTE200,NHL NTE200_44,1416
2024,Декабрь 2024,16.94,2932913.94,945363.79,178.7018759018756,NHL NTE200,NHL NTE200_45,1417
2024,Декабрь 2024,16.37,3285390.9,916632.04,183.2210387902694,NHL NTE200,NHL NTE200_46,1418
2024,Декабрь 2024,16.17,2968612.11,958631.54,182.56965966690805,NHL NTE200,NHL NTE200_47,1419
2024,Декабрь 2024,16.81,3094401.71,980197.02,182.26995827538246,NHL NTE200,NHL NTE200_48,1420
2024,Декабрь 2024,16.87,2685148.4,1001850.58,186.94556650246332,NHL NTE200,NHL NTE200_49,1445
2024,Декабрь 2024,16.55,3086252.79,976170.79,178.4382935153582,NHL NTE200,NHL NTE200_50,1446
2024,Декабрь 2024,17.39,3036564.52,958119.81,182.13276836158187,NHL NTE200,NHL NTE200_51,1447
2024,Декабрь 2024,17.59,3155735.84,975596.38,181.3523744911803,NHL NTE200,NHL NTE200_52,1448
2024,Декабрь 2024,17.02,3028316.69,947054.51,177.62482710926693,NHL NTE200,NHL NTE200_53,1449
2024,Декабрь 2024,17.1,3093449.18,951689.55,177.76343283582088,NHL NTE200,NHL NTE200_54,1450
2024,Декабрь 2024,15.68,2992237.03,883966.44,181.40185847033604,NHL NTE200,NHL NTE200_55,1481
2024,Декабрь 2024,17.23,3281745.61,1010613.48,185.5797333333333,NHL NTE200,NHL NTE200_56,1490
2024,Декабрь 2024,16.96,3145137.89,996661.99,183.84122505161739,NHL NTE200,NHL NTE200_57,1491
2024,Декабрь 2024,16.94,3069624.1,979775.81,183.75498938428902,NHL NTE200,NHL NTE200_58,1496
2024,Декабрь 2024,16.46,3086275.16,954855.12,184.20379479971893,NHL NTE200,NHL NTE200_59,1497
2024,Декабрь 2024,16.8,2988458.69,989362.5,180.1468327402134,NHL NTE200,NHL NTE200_60,1498
2024,Декабрь 2024,17.34,3271829.39,1004068.32,183.56724137931064,NHL NTE200,NHL NTE200_61,1499
2024,Декабрь 2024,17.1,3215633.52,1016703.88,183.54072580645186,NHL NTE200,NHL NTE200_62,1533
2024,Декабрь 2024,17.02,2736881.85,912552.8,179.00606060606063,NHL NTE200,NHL NTE200_63,1634
2024,Декабрь 2024,,2848177.42,846650,,NHL NTE200,NHL NTE200_64,1635
2024,Декабрь 2024,16.39,1860815.62,634712.75,168.9,NHL NTE200,NHL NTE200_65,1636
2025,Январь 2025,18.27,3096765.97,968634.16,186.28992805755396,KOMATSU 730-E,730E_13,501
2025,Январь 2025,18.06,1885342.74,878656.44,166.89528795811518,KOMATSU 730-E,730E_14,502
2025,Январь 2025,16.41,2768525,958926.63,183.9754746835443,KOMATSU 730-E,730E_15,503
2025,Январь 2025,17.21,3009201.29,979660.71,184.9311859443631,KOMATSU 730-E,730E_16,504
2025,Январь 2025,17.93,2253804.35,894806.02,176.97188378631677,KOMATSU 730-E,730E_17,505
2025,Январь 2025,16.6,3043523.06,938277.21,184.76673866090712,KOMATSU 730-E,730E_18,506
2025,Январь 2025,17.21,2969651.77,969867.2,185.73219584569733,KOMATSU 730-E,730E_19,507
2025,Январь 2025,16.39,2636006.45,840990.23,184.87158243579123,KOMATSU 730-E,730E_20,508
2025,Январь 2025,16.77,2302620.16,963911.41,183.78571428571428,KOMATSU 730-E,730E_21,509
2025,Январь 2025,17.18,2947033.55,967401.4,185.8259564891223,KOMATSU 730-E,730E_22,510
2025,Январь 2025,16.07,2771798.23,946493.23,182.76365054602184,KOMATSU 730-E,730E_23,511
2025,Январь 2025,16.3,2831658.23,956937.75,186.15571205007825,KOMATSU 730-E,730E_24,512
2025,Январь 2025,17.4,3070509.52,981641.46,186.55339105339107,KOMATSU 730-E,730E_25,513
2025,Январь 2025,16.39,2820378.55,980226.96,185.40673981191222,KOMATSU 730-E,730E_26,514
2025,Январь 2025,16.79,2526047.26,897673.71,175.90049751243782,KOMATSU 730-E,730E_27,515
2025,Январь 2025,16.73,3047808.87,967670.26,185.29560201874548,KOMATSU 730-E,730E_28,516
2025,Январь 2025,16.47,2999134.35,961979.65,184.84744525547444,KOMATSU 730-E,730E_29,517
2025,Январь 2025,17.4,2820955.48,951457.39,178.32806621519939,KOMATSU 730-E,730E_37,864
2025,Январь 2025,17.62,2991316.29,1028073.79,189.07906626506025,KOMATSU 730-E,730E_38,865
2025,Январь 2025,17.67,2844951.29,977761.21,181.36267071320182,KOMATSU 730-E,730E_39,866
2025,Январь 2025,16.43,2411743.39,992277.88,186.38883806038427,KOMATSU 730-E,730E_40,867
2025,Январь 2025,17.78,3112837.74,1018253.07,184.48838845883182,KOMATSU 730-E,730E_41,868
2025,Январь 2025,17.49,3010173.84,978272.18,182.174095513748,NHL NTE200,NHL NTE200_43,1415
2025,Январь 2025,17.83,3075547.69,999349.12,183.5077414772725,NHL NTE200,NHL NTE200_44,1416
2025,Январь 2025,17.48,2991362.21,949958,179.31451957295374,NHL NTE200,NHL NTE200_45,1417
2025,Январь 2025,16.08,2870666.13,864727.42,181.59608138658612,NHL NTE200,NHL NTE200_46,1418
2025,Январь 2025,16.14,2875593.63,953049.81,184.91749049429694,NHL NTE200,NHL NTE200_47,1419
2025,Январь 2025,17.14,2955216.61,950404.86,181.65474452554724,NHL NTE200,NHL NTE200_48,1420
2025,Январь 2025,17.3,3182616.32,1011447.65,188.44519298245595,NHL NTE200,NHL NTE200_49,1445
2025,Январь 2025,17.3,3020988.44,944187.01,178.81199999999995,NHL NTE200,NHL NTE200_50,1446
2025,Январь 2025,17.17,2882499.19,948937.08,181.94954819277103,NHL NTE200,NHL NTE200_51,1447
2025,Январь 2025,17.3,2963225.42,930908.5,182.93508771929822,NHL NTE200,NHL NTE200_52,1448
2025,Январь 2025,16.81,2895174.11,952263.25,183.2743993993993,NHL NTE200,NHL NTE200_53,1449
2025,Январь 2025,17.16,2882362.61,906159.59,176.87985401459886,NHL NTE200,NHL NTE200_54,1450
2025,Январь 2025,16.58,3092353,859357.55,181.31434569629093,NHL NTE200,NHL NTE200_55,1481
2025,Январь 2025,17.15,2926717.18,955106.34,184.37208427389024,NHL NTE200,NHL NTE200_56,1490
2025,Январь 2025,17.09,2823806.02,947584.54,181.99549618320614,NHL NTE200,NHL NTE200_57,1491
2025,Январь 2025,17.41,3036924.81,962379.81,183.81808972503617,NHL NTE200,NHL NTE200_58,1496
2025,Январь 2025,16.61,2881894,938503.58,186.93343605546957,NHL NTE200,NHL NTE200_59,1497
2025,Январь 2025,17.37,2972452.85,945813.13,181.15472383720908,NHL NTE200,NHL NTE200_60,1498
2025,Январь 2025,17.82,3165164.61,980880.69,182.70910344827595,NHL NTE200,NHL NTE200_61,1499
2025,Январь 2025,16.99,2994011.4,983828.81,185.42555228276854,NHL NTE200,NHL NTE200_62,1533
2025,Январь 2025,16.87,2899897.92,943554.14,182.63273408239704,NHL NTE200,NHL NTE200_63,1634
2025,Январь 2025,17.22,2191169.18,714362.7,176.14261682242994,NHL NTE200,NHL NTE200_64,1635
2025,Январь 2025,16.49,2715090.18,937765.04,179.04422776911065,NHL NTE200,NHL NTE200_65,1636
2025,Январь 2025,,1753865.35,523607.65,,NHL NTE200,NHL NTE200_66,1641
2025,Январь 2025,,1446981.49,421387.95,,NHL NTE200,NHL NTE200_67,1642
2025,Январь 2025,,1568322.58,473397.37,,NHL NTE200,NHL NTE200_68,1644
2025,Январь 2025,,309131.45,82289.47,,NHL NTE200,NHL NTE200_69,1645
2025,Январь 2025,,878766.94,235440.52,,NHL NTE200,NHL NTE200_70,1647
2025,Февраль 2025,18.1,2799471.79,905058.66,184.65520206362854,KOMATSU 730-E,730E_13,501
2025,Февраль 2025,16.05,2410055.89,811252.81,183.96119402985076,KOMATSU 730-E,730E_14,502
2025,Февраль 2025,17.38,2599608.21,859532.7,182.28702010968922,KOMATSU 730-E,730E_15,503
2025,Февраль 2025,17.15,1983475.18,892310.61,183.32168674698795,KOMATSU 730-E,730E_16,504
2025,Февраль 2025,17.97,2560735.71,869193.94,177.7737556561086,KOMATSU 730-E,730E_17,505
2025,Февраль 2025,17.31,2563890.36,848842.62,183.30102516309412,KOMATSU 730-E,730E_18,506
2025,Февраль 2025,17.93,2761055.54,899908.96,185.30796150481189,KOMATSU 730-E,730E_19,507
2025,Февраль 2025,16.92,1895458.04,866850.85,183.36065573770492,KOMATSU 730-E,730E_20,508
2025,Февраль 2025,17.25,2292382.5,836287.04,181.85522233712513,KOMATSU 730-E,730E_21,509
2025,Февраль 2025,17.62,2593364.11,855630.76,184.2064814814815,KOMATSU 730-E,730E_22,510
2025,Февраль 2025,16.69,2097941.79,867748.18,181.44081172491545,KOMATSU 730-E,730E_23,511
2025,Февраль 2025,17.01,2695876.96,869993.39,184.64910714285713,KOMATSU 730-E,730E_24,512
2025,Февраль 2025,17.72,2349296.43,876669.8,184.84102564102565,KOMATSU 730-E,730E_25,513
2025,Февраль 2025,16.94,2670418.21,866584.11,184.3870387038704,KOMATSU 730-E,730E_26,514
2025,Февраль 2025,18.18,2687703.57,910793.73,183.9250669045495,KOMATSU 730-E,730E_27,515
2025,Февраль 2025,17.44,2640084.11,889781.67,183.94822888283377,KOMATSU 730-E,730E_28,516
2025,Февраль 2025,16.55,2374468.39,862017.98,182.69909729187563,KOMATSU 730-E,730E_29,517
2025,Февраль 2025,18.08,2541820.89,853360.03,176.9410163339383,KOMATSU 730-E,730E_37,864
2025,Февраль 2025,17.8,2789890.54,908701.55,187.7359649122807,KOMATSU 730-E,730E_38,865
2025,Февраль 2025,18.06,2556499.11,887030.07,179.42817932296433,KOMATSU 730-E,730E_39,866
2025,Февраль 2025,17.75,2740785,868566.28,184.26993865030676,KOMATSU 730-E,730E_40,867
2025,Февраль 2025,17.69,2667420,904735.74,182.37433155080214,KOMATSU 730-E,730E_41,868
2025,Февраль 2025,18.56,2906876.95,939407.16,183.53358024691366,NHL NTE200,NHL NTE200_43,1415
2025,Февраль 2025,18.83,2926747.29,951942.3,184.48447000821702,NHL NTE200,NHL NTE200_44,1416
2025,Февраль 2025,18.54,2878327.43,903163.61,180.39477124182994,NHL NTE200,NHL NTE200_45,1417
2025,Февраль 2025,16.12,2704547.02,830658.2,184.09236912156194,NHL NTE200,NHL NTE200_46,1418
2025,Февраль 2025,17.72,2735631.98,917313.06,183.60166229221355,NHL NTE200,NHL NTE200_47,1419
2025,Февраль 2025,17.36,2555229.43,893977.24,181.49777777777783,NHL NTE200,NHL NTE200_48,1420
2025,Февраль 2025,17.91,2762712.37,933458,186.72607929515414,NHL NTE200,NHL NTE200_49,1445
2025,Февраль 2025,17.84,2672541.73,861052.68,179.21057692307718,NHL NTE200,NHL NTE200_50,1446
2025,Февраль 2025,18.22,2930286.48,903891.17,185.46955445544552,NHL NTE200,NHL NTE200_51,1447
2025,Февраль 2025,18.32,2815972.39,887836.15,183.37843803056057,NHL NTE200,NHL NTE200_52,1448
2025,Февраль 2025,17.87,2863179.93,909630.34,183.64648829431445,NHL NTE200,NHL NTE200_53,1449
2025,Февраль 2025,18.79,2863703.96,890888.5,178.83259983700097,NHL NTE200,NHL NTE200_54,1450
2025,Февраль 2025,16.64,2840789.79,787057.61,181.75446205170977,NHL NTE200,NHL NTE200_55,1481
2025,Февраль 2025,18.43,2939255.05,906506.79,185.57786008230443,NHL NTE200,NHL NTE200_56,1490
2025,Февраль 2025,18.29,2528813.86,885884.24,181.98048780487815,NHL NTE200,NHL NTE200_57,1491
2025,Февраль 2025,18.66,2999897.2,899365.92,185.4384367445607,NHL NTE200,NHL NTE200_58,1496
2025,Февраль 2025,18.35,2869190.7,922256.39,187.16181972789124,NHL NTE200,NHL NTE200_59,1497
2025,Февраль 2025,18.43,2752019.18,881679.11,180.748116438356,NHL NTE200,NHL NTE200_60,1498
2025,Февраль 2025,18.28,2833536.71,898886.84,185.3087809036661,NHL NTE200,NHL NTE200_61,1499
2025,Февраль 2025,17.4,2874676.13,914625.62,188.15964163822545,NHL NTE200,NHL NTE200_62,1533
2025,Февраль 2025,18.16,2837199.75,917217.93,186.34263698630136,NHL NTE200,NHL NTE200_63,1634
2025,Февраль 2025,18.06,2776584.98,864590.67,177.94344193817875,NHL NTE200,NHL NTE200_64,1635
2025,Февраль 2025,18.49,2828979.43,895819.03,183.60203045685276,NHL NTE200,NHL NTE200_65,1636
2025,Февраль 2025,,2155038.21,73577.62,177,NHL NTE200,NHL NTE200_66,1641
2025,Февраль 2025,,2194262.68,82616.27,177,NHL NTE200,NHL NTE200_67,1642
2025,Февраль 2025,,2145808.93,61463.25,177,NHL NTE200,NHL NTE200_68,1644
2025,Февраль 2025,,2136579.64,73143.26,177,NHL NTE200,NHL NTE200_69,1645
2025,Февраль 2025,,2085818.57,55895.53,177,NHL NTE200,NHL NTE200_70,1647
2025,Февраль 2025,,2294781.64,78378.55,177,NHL NTE200,NHL NTE200_71,1656
2025,Февраль 2025,,2233259.26,72841.7,177,NHL NTE200,NHL NTE200_72,1671
2025,Февраль 2025,,2338315.3,43530.2,177,NHL NTE200,NHL NTE200_73,1672
2025,Февраль 2025,,1943474.59,88102.86,177,NHL NTE200,NHL NTE200_74,1683
2025,Февраль 2025,,1576669.64,2430.56,177,NHL NTE200,NHL NTE200_75,1687
2025,Февраль 2025,,2191955.36,0,177,NHL NTE200,NHL NTE200_76,1689
2025,Февраль 2025,,NaN,,,NHL NTE200,NHL NTE200_77,1691
2025,Март 2025,17.89,2651340.35,963877.74,184.12292007358926,KOMATSU 730-E,730E_13,501
2025,Март 2025,16.63,2587665.26,871136.2,184.99521043771014,KOMATSU 730-E,730E_14,502
2025,Март 2025,17.31,2017588.15,868714.31,181.87714685223716,KOMATSU 730-E,730E_15,503
2025,Март 2025,17.69,2276531.31,938103.81,183.0958658854162,KOMATSU 730-E,730E_16,504
2025,Март 2025,17.36,2428585.83,908258.56,183.99951326940243,KOMATSU 730-E,730E_17,505
2025,Март 2025,17.85,2687665.19,945005.09,183.93831939967706,KOMATSU 730-E,730E_18,506
2025,Март 2025,17.91,2591648.38,940935.5,184.81326826196502,KOMATSU 730-E,730E_19,507
2025,Март 2025,16.49,2489149,917945.59,183.51317328559014,KOMATSU 730-E,730E_20,508
2025,Март 2025,16.97,2585252.38,896661.46,183.12708976230184,KOMATSU 730-E,730E_21,509
2025,Март 2025,17.89,2663389.55,925931.87,182.8663601455133,KOMATSU 730-E,730E_22,510
2025,Март 2025,16.85,2460771.43,938842.67,182.2118793591975,KOMATSU 730-E,730E_23,511
2025,Март 2025,16.12,2656282.75,851002.27,184.76830159705125,KOMATSU 730-E,730E_24,512
2025,Март 2025,17.62,2648696.44,914767.35,183.19037459283354,KOMATSU 730-E,730E_25,513
2025,Март 2025,17.02,2549156.25,904394.61,184.25845265957415,KOMATSU 730-E,730E_26,514
2025,Март 2025,17.02,2616851.74,895216.04,183.6802990702476,KOMATSU 730-E,730E_27,515
2025,Март 2025,17.17,2286184.06,916428.21,183.87221294981046,KOMATSU 730-E,730E_28,516
2025,Март 2025,16.65,2339607.61,938790.33,183.13953917050657,KOMATSU 730-E,730E_29,517
2025,Март 2025,18.04,2057787.19,903265.23,176.53633017676756,KOMATSU 730-E,730E_37,864
2025,Март 2025,17.64,948294.45,937585.3,178.97794861111103,KOMATSU 730-E,730E_38,865
2025,Март 2025,18.08,2436118.12,955722.24,177.75187499999998,KOMATSU 730-E,730E_39,866
2025,Март 2025,16.92,2491023.03,966344.83,184.13084366840746,KOMATSU 730-E,730E_40,867
2025,Март 2025,17.4,2344890.54,963547.76,183.2153513109474,KOMATSU 730-E,730E_41,868
2025,Март 2025,17.5,2630126.82,984705.96,183.85237343106982,NHL NTE200,NHL NTE200_43,1415
2025,Март 2025,17.79,2099563.27,1019457.21,185.3628605444385,NHL NTE200,NHL NTE200_44,1416
2025,Март 2025,18.05,2622511.97,979573.06,180.05973625707378,NHL NTE200,NHL NTE200_45,1417
2025,Март 2025,17.65,2691749.86,927665.11,183.62600150602407,NHL NTE200,NHL NTE200_46,1418
2025,Март 2025,17.17,2257907.98,965981.55,180.11998800383893,NHL NTE200,NHL NTE200_47,1419
2025,Март 2025,17.91,2399255.99,977044.46,181.4536297862866,NHL NTE200,NHL NTE200_48,1420
2025,Март 2025,17.39,2475130.77,994751.07,186.85918777777775,NHL NTE200,NHL NTE200_49,1445
2025,Март 2025,17.7,2600919.92,987661.07,182.56202321797534,NHL NTE200,NHL NTE200_50,1446
2025,Март 2025,17.85,2694003.55,990137.84,183.77974397590359,NHL NTE200,NHL NTE200_51,1447
2025,Март 2025,18.27,2606859.98,988197.29,183.58585924543928,NHL NTE200,NHL NTE200_52,1448
2025,Март 2025,17.74,2616328.78,987638.59,185.89032296901192,NHL NTE200,NHL NTE200_53,1449
2025,Март 2025,17.61,2508601.21,962135.34,178.8910836481948,NHL NTE200,NHL NTE200_54,1450
2025,Март 2025,16.76,2621111.6,845609.24,180.9877708333331,NHL NTE200,NHL NTE200_55,1481
2025,Март 2025,18.27,2794234.25,985947.03,185.9863048589343,NHL NTE200,NHL NTE200_56,1490
2025,Март 2025,18.24,2671355.29,990340.88,183.26512924071085,NHL NTE200,NHL NTE200_57,1491
2025,Март 2025,18.21,2564307.37,962286.56,183.63447670741954,NHL NTE200,NHL NTE200_58,1496
2025,Март 2025,17.77,2559582.93,990142.49,185.8027649572652,NHL NTE200,NHL NTE200_59,1497
2025,Март 2025,17.77,2567620.21,981033.41,181.5752320982514,NHL NTE200,NHL NTE200_60,1498
2025,Март 2025,17.99,2697592.86,1010049.58,185.36458485032387,NHL NTE200,NHL NTE200_61,1499
2025,Март 2025,17.81,2686523.73,1017727.89,185.95803484107594,NHL NTE200,NHL NTE200_62,1533
2025,Март 2025,18.38,2704351.41,969060.72,180.99656422379837,NHL NTE200,NHL NTE200_63,1634
2025,Март 2025,18.73,2648887.35,959062.2,178.40919458762863,NHL NTE200,NHL NTE200_64,1635
2025,Март 2025,18.37,2604830.09,949902.03,183.74762873754153,NHL NTE200,NHL NTE200_65,1636
2025,Март 2025,,2584129.2,376734.9,177,NHL NTE200,NHL NTE200_66,1641
2025,Март 2025,,2440325.22,402105.94,177.16979166666667,NHL NTE200,NHL NTE200_67,1642
2025,Март 2025,,2436003.96,415314.82,177,NHL NTE200,NHL NTE200_68,1644
2025,Март 2025,,2479621.59,399518.89,177.2546875,NHL NTE200,NHL NTE200_69,1645
2025,Март 2025,,2517469.62,410403.81,177,NHL NTE200,NHL NTE200_70,1647
2025,Март 2025,,2396130.66,400604.61,177,NHL NTE200,NHL NTE200_71,1656
2025,Март 2025,,2452693.99,429358.23,177.16979166666667,NHL NTE200,NHL NTE200_72,1671
2025,Март 2025,,2537680.04,393642.68,177,NHL NTE200,NHL NTE200_73,1672
2025,Март 2025,,2333745.22,383610.22,177.16979166666667,NHL NTE200,NHL NTE200_74,1683
2025,Март 2025,,2266438.18,349604.6,177.2546875,NHL NTE200,NHL NTE200_75,1687
2025,Март 2025,,1997297.69,325545.74,177.2546875,NHL NTE200,NHL NTE200_76,1689
2025,Март 2025,,1911456.69,282408.03,173.7,NHL NTE200,NHL NTE200_77,1691
2025,Март 2025,,1953607.88,501749.69,177.2546875,NHL NTE200,NHL NTE200_78,1698
2025,Апрель 2025,15.98,1983156.47,848516.33,184.5905199942464,KOMATSU 730-E,730E_13,501
2025,Апрель 2025,14.73,2201176.02,791657.56,184.98824843106982,KOMATSU 730-E,730E_14,502
2025,Апрель 2025,15.2,2376357.49,729229.27,182.01223465323332,KOMATSU 730-E,730E_15,503
2025,Апрель 2025,16.06,2446293.62,776842.8,184.1224528952203,KOMATSU 730-E,730E_16,504
2025,Апрель 2025,15.19,2344413.92,762076.48,184.74595467695244,KOMATSU 730-E,730E_17,505
2025,Апрель 2025,15.54,2412908.64,815848.97,185.35090560018867,KOMATSU 730-E,730E_18,506
2025,Апрель 2025,15.81,2503271.76,809611.44,184.52167518165245,KOMATSU 730-E,730E_19,507
2025,Апрель 2025,14.42,2558479.47,682308.39,182.36330513100444,KOMATSU 730-E,730E_20,508
2025,Апрель 2025,15.25,2173446.97,754491.65,182.45578365878683,KOMATSU 730-E,730E_21,509
2025,Апрель 2025,15.64,2527450.75,786468.59,184.1538334453402,KOMATSU 730-E,730E_22,510
2025,Апрель 2025,15.93,1586983.82,784122.23,174.50206613667143,KOMATSU 730-E,730E_23,511
2025,Апрель 2025,15.06,2876675.25,678617.59,184.66195516627053,KOMATSU 730-E,730E_24,512
2025,Апрель 2025,15.38,2288857.32,780778.47,182.43891989695797,KOMATSU 730-E,730E_25,513
2025,Апрель 2025,15,2003844.24,832696.96,184.63706327859595,KOMATSU 730-E,730E_26,514
2025,Апрель 2025,14.93,2187934.54,783688.6,185.01066341145832,KOMATSU 730-E,730E_27,515
2025,Апрель 2025,15.13,2440712.22,792827.46,184.20728012465358,KOMATSU 730-E,730E_28,516
2025,Апрель 2025,15.1,2512199.69,771649.78,183.19314800269314,KOMATSU 730-E,730E_29,517
2025,Апрель 2025,15.77,2287649.9,815422.21,178.73195758079808,KOMATSU 730-E,730E_37,864
2025,Апрель 2025,16.52,2569058.19,876494.19,189.76881755222482,KOMATSU 730-E,730E_38,865
2025,Апрель 2025,16.11,2392508.22,831163.31,179.6801035879626,KOMATSU 730-E,730E_39,866
2025,Апрель 2025,15.28,2326139.56,850343.47,184.9024787621358,KOMATSU 730-E,730E_40,867
2025,Апрель 2025,16.2,2685884.11,838217.35,182.72754434474092,KOMATSU 730-E,730E_41,868
2025,Апрель 2025,15.55,2555585.75,848016.59,184.94083573008837,NHL NTE200,NHL NTE200_43,1415
2025,Апрель 2025,16.04,2591769.82,876481.97,186.5660610720562,NHL NTE200,NHL NTE200_44,1416
2025,Апрель 2025,16.04,2293483.83,855051.47,181.80457868574206,NHL NTE200,NHL NTE200_45,1417
2025,Апрель 2025,15.02,2384017.14,769310.64,179.9597162256269,NHL NTE200,NHL NTE200_46,1418
2025,Апрель 2025,15.07,2157373.42,835413.42,180.21261607142856,NHL NTE200,NHL NTE200_47,1419
2025,Апрель 2025,15.21,2289283.26,814836.12,181.27921633687228,NHL NTE200,NHL NTE200_48,1420
2025,Апрель 2025,16.18,2659408.51,888348.99,188.98047024326655,NHL NTE200,NHL NTE200_49,1445
2025,Апрель 2025,16.34,2872222.9,830020.66,184.75480738993699,NHL NTE200,NHL NTE200_50,1446
2025,Апрель 2025,15.78,2520742.3,822678.51,184.87358378256974,NHL NTE200,NHL NTE200_51,1447
2025,Апрель 2025,16.47,2682654.53,864982.56,183.78536388422816,NHL NTE200,NHL NTE200_52,1448
2025,Апрель 2025,16.1,2634713.18,871396.67,186.42267601819756,NHL NTE200,NHL NTE200_53,1449
2025,Апрель 2025,15.51,2475097.35,829762.01,179.39722504416974,NHL NTE200,NHL NTE200_54,1450
2025,Апрель 2025,15.38,2489934.22,767512.11,181.28862700356183,NHL NTE200,NHL NTE200_55,1481
2025,Апрель 2025,16.1,2463783.08,884919.1,186.86244839981458,NHL NTE200,NHL NTE200_56,1490
2025,Апрель 2025,16.27,2327341.31,874774.04,184.87665774099304,NHL NTE200,NHL NTE200_57,1491
2025,Апрель 2025,16.42,2603162.43,851707.42,185.43352717391306,NHL NTE200,NHL NTE200_58,1496
2025,Апрель 2025,15.79,2458292.68,862143.45,185.56815956221186,NHL NTE200,NHL NTE200_59,1497
2025,Апрель 2025,16.37,2634405.82,854069.76,182.91369525935383,NHL NTE200,NHL NTE200_60,1498
2025,Апрель 2025,16.04,2394106.96,909006.89,185.89219733079108,NHL NTE200,NHL NTE200_61,1499
2025,Апрель 2025,16.19,2651588.15,892407.29,187.28303270725397,NHL NTE200,NHL NTE200_62,1533
2025,Апрель 2025,16.02,2305974.89,835853.41,182.60345861486502,NHL NTE200,NHL NTE200_63,1634
2025,Апрель 2025,16.51,2663620.46,847067.4,180.427689049587,NHL NTE200,NHL NTE200_64,1635
2025,Апрель 2025,16.21,2634786.62,842406.25,183.74276296058278,NHL NTE200,NHL NTE200_65,1636
2025,Апрель 2025,,2835532.76,880184.49,177.509375,NHL NTE200,NHL NTE200_66,1641
2025,Апрель 2025,24.01,2829400.77,752837.88,179.69451923076923,NHL NTE200,NHL NTE200_67,1642
2025,Апрель 2025,22.72,2835256.72,738417.73,177.0556617647059,NHL NTE200,NHL NTE200_68,1644
2025,Апрель 2025,18.2,2906532.89,765033.8,181.16102300824178,NHL NTE200,NHL NTE200_69,1645
2025,Апрель 2025,16.04,2749773.6,753456.78,188.0486025280899,NHL NTE200,NHL NTE200_70,1647
2025,Апрель 2025,17.4,2710788.85,794500.79,179.06336368110243,NHL NTE200,NHL NTE200_71,1656
2025,Апрель 2025,15.07,2353977.92,744050.71,177.50927667683018,NHL NTE200,NHL NTE200_72,1671
2025,Апрель 2025,15.08,2427576.16,726294.32,181.60770992366406,NHL NTE200,NHL NTE200_73,1672
2025,Апрель 2025,16.23,2507612.37,748514.02,186.20398757309957,NHL NTE200,NHL NTE200_74,1683
2025,Апрель 2025,15.6,2459758.04,759026.07,183.56736752136766,NHL NTE200,NHL NTE200_75,1687
2025,Апрель 2025,15.54,2237852.64,722567.31,173.2494015957447,NHL NTE200,NHL NTE200_76,1689
2025,Апрель 2025,15.99,2231157.34,761313.46,181.57336429049545,NHL NTE200,NHL NTE200_77,1691
2025,Апрель 2025,16.15,2020464.12,700624.78,175.2690568455973,NHL NTE200,NHL NTE200_78,1698
2025,Май 2025,17.9,2464658,956182.52,183.94298550087854,KOMATSU 730-E,730E_13,501
2025,Май 2025,15.85,2063061.55,874347.37,184.6353279768176,KOMATSU 730-E,730E_14,502
2025,Май 2025,16.11,1827345.43,902887.05,183.234003837072,KOMATSU 730-E,730E_15,503
2025,Май 2025,16.85,2303831.08,880556.42,182.86714485981264,KOMATSU 730-E,730E_16,504
2025,Май 2025,16.73,2599632.46,874943.91,184.2994177796323,KOMATSU 730-E,730E_17,505
2025,Май 2025,17.1,2691770.66,912484.66,184.81498635812457,KOMATSU 730-E,730E_18,506
2025,Май 2025,16.97,2439559.6,936038.78,184.17375388888843,KOMATSU 730-E,730E_19,507
2025,Май 2025,16.98,2253939.65,859729.07,182.83714481852923,KOMATSU 730-E,730E_20,508
2025,Май 2025,16.36,2577783.51,843689.6,183.51637678122344,KOMATSU 730-E,730E_21,509
2025,Май 2025,16.65,2366987.32,874243.48,184.60220328282773,KOMATSU 730-E,730E_22,510
2025,Май 2025,17.18,2367042.06,927045.84,180.78817333633071,KOMATSU 730-E,730E_23,511
2025,Май 2025,16.65,2501665.92,916760.32,186.21407208588937,KOMATSU 730-E,730E_24,512
2025,Май 2025,17.04,2069009.83,950588.31,183.42810281837117,KOMATSU 730-E,730E_25,513
2025,Май 2025,16.26,2523416.47,893821.2,184.5973842592591,KOMATSU 730-E,730E_26,514
2025,Май 2025,16.99,2433682.52,943014.6,185.21175963261624,KOMATSU 730-E,730E_27,515
2025,Май 2025,16.07,2446507.17,902764.85,184.86258062722382,KOMATSU 730-E,730E_28,516
2025,Май 2025,16.33,3036472.1,756866.24,183.1620387961642,KOMATSU 730-E,730E_29,517
2025,Май 2025,17.44,2448681.37,938546.31,180.06077813852804,KOMATSU 730-E,730E_37,864
2025,Май 2025,17.18,2416166.77,990552.49,190.18413809082466,KOMATSU 730-E,730E_38,865
2025,Май 2025,16.74,2374515.85,898692.63,177.84057264109356,KOMATSU 730-E,730E_39,866
2025,Май 2025,17.03,2330565.74,944225.19,184.9892149532711,KOMATSU 730-E,730E_40,867
2025,Май 2025,17.38,2638676.63,981262.85,186.44491004575684,KOMATSU 730-E,730E_41,868
2025,Май 2025,17.72,2810297.02,1018351.4,185.89000048676047,NHL NTE200,NHL NTE200_43,1415
2025,Май 2025,17.47,2523841.12,996520.88,187.70020085376538,NHL NTE200,NHL NTE200_44,1416
2025,Май 2025,17.62,2607827.09,1020219.64,182.59413386232512,NHL NTE200,NHL NTE200_45,1417
2025,Май 2025,17.3,2389315.03,914632.84,173.14686540102372,NHL NTE200,NHL NTE200_46,1418
2025,Май 2025,16.68,2510611.12,969072.36,182.8730579974272,NHL NTE200,NHL NTE200_47,1419
2025,Май 2025,17.28,2606639.84,979062.39,180.87079197303908,NHL NTE200,NHL NTE200_48,1420
2025,Май 2025,17.28,2682736.75,1014881.97,189.40056055174546,NHL NTE200,NHL NTE200_49,1445
2025,Май 2025,17.21,2473498.77,976009.84,184.27892817982465,NHL NTE200,NHL NTE200_50,1446
2025,Май 2025,17.56,2342782.52,981290.97,184.9219795539033,NHL NTE200,NHL NTE200_51,1447
2025,Май 2025,17.6,2738603.46,994687.87,183.7233165481833,NHL NTE200,NHL NTE200_52,1448
2025,Май 2025,18.11,2751711.32,1009200.24,183.44347625588676,NHL NTE200,NHL NTE200_53,1449
2025,Май 2025,17.82,2618799.67,955480.94,180.38816048256297,NHL NTE200,NHL NTE200_54,1450
2025,Май 2025,16.85,2639697.21,922067.49,182.1230396527212,NHL NTE200,NHL NTE200_55,1481
2025,Май 2025,17.88,2363306.27,1034433.09,188.29189727954966,NHL NTE200,NHL NTE200_56,1490
2025,Май 2025,18.31,2760002.46,1036648.56,185.15890007898878,NHL NTE200,NHL NTE200_57,1491
2025,Май 2025,17.96,2698412.87,1005649.2,185.87207725060819,NHL NTE200,NHL NTE200_58,1496
2025,Май 2025,17.66,2752672.95,1002316.21,188.99649302748588,NHL NTE200,NHL NTE200_59,1497
2025,Май 2025,17.26,2613571.9,996083.61,183.90604805302402,NHL NTE200,NHL NTE200_60,1498
2025,Май 2025,17.44,2726394.27,1023406.56,188.41071908055363,NHL NTE200,NHL NTE200_61,1499
2025,Май 2025,17.66,2147284.84,1050902.67,187.24038757700197,NHL NTE200,NHL NTE200_62,1533
2025,Май 2025,16.68,2611592.62,1000298.81,185.92329997904466,NHL NTE200,NHL NTE200_63,1634
2025,Май 2025,17.05,2495192.05,981971.9,181.12856463675178,NHL NTE200,NHL NTE200_64,1635
2025,Май 2025,17.11,2550547.3,982789.26,180.8195539440731,NHL NTE200,NHL NTE200_65,1636
2025,Май 2025,17.92,2534819.08,970024.62,181.21717487373772,NHL NTE200,NHL NTE200_66,1641
2025,Май 2025,17.42,2693756.58,1000559.2,181.4312495043614,NHL NTE200,NHL NTE200_67,1642
2025,Май 2025,17.05,2387490.17,936762.95,177.71528319456593,NHL NTE200,NHL NTE200_68,1644
2025,Май 2025,16.91,2254763.95,976297.35,181.00236294896044,NHL NTE200,NHL NTE200_69,1645
2025,Май 2025,17.5,2677066.72,987945.88,185.00188008543506,NHL NTE200,NHL NTE200_70,1647
2025,Май 2025,17.41,2457646.82,975764.1,177.94684409633413,NHL NTE200,NHL NTE200_71,1656
2025,Май 2025,17.62,2497365.08,972327.38,179.90652453271056,NHL NTE200,NHL NTE200_72,1671
2025,Май 2025,17.16,2622987,978366.67,181.41224653908824,NHL NTE200,NHL NTE200_73,1672
2025,Май 2025,17.78,2763051.91,1036636.93,187.58606065147873,NHL NTE200,NHL NTE200_74,1683
2025,Май 2025,17,2285006.57,974721.3,182.73921963276874,NHL NTE200,NHL NTE200_75,1687
2025,Май 2025,16.46,2438293.88,925030.23,172.717241972477,NHL NTE200,NHL NTE200_76,1689
2025,Май 2025,17.12,2535247.73,973906.8,180.9432016544115,NHL NTE200,NHL NTE200_77,1691
2025,Май 2025,18.29,2174560.29,970760.22,177.07447926653867,NHL NTE200,NHL NTE200_78,1698
2025,Июнь 2025,17.16,2838802.01,835957.02,181.859853858145,KOMATSU 730-E,730E_13,501
2025,Июнь 2025,15.6,2610355.12,793213.58,183.68984267979445,KOMATSU 730-E,730E_14,502
2025,Июнь 2025,17.29,2194813.17,751386.54,174.46383280947776,KOMATSU 730-E,730E_15,503
2025,Июнь 2025,16.77,2527501.99,839041.99,181.43221779476013,KOMATSU 730-E,730E_16,504
2025,Июнь 2025,16.81,2243727.15,835510.34,182.5900297029704,KOMATSU 730-E,730E_17,505
2025,Июнь 2025,16.75,2480774.92,855694.26,183.03349079892237,KOMATSU 730-E,730E_18,506
2025,Июнь 2025,17,2267412.45,816032.95,183.60853879310324,KOMATSU 730-E,730E_19,507
2025,Июнь 2025,16.45,2481071.87,810553.01,182.40046064400696,KOMATSU 730-E,730E_20,508
2025,Июнь 2025,16.61,2554340.91,826287.18,182.24464246961776,KOMATSU 730-E,730E_21,509
2025,Июнь 2025,16.78,2541770.76,841719.86,183.41761633011419,KOMATSU 730-E,730E_22,510
2025,Июнь 2025,15.92,2508987.25,805796.28,181.21101054481542,KOMATSU 730-E,730E_23,511
2025,Июнь 2025,16.5,2806659.17,805142.61,183.51974144789145,KOMATSU 730-E,730E_24,512
2025,Июнь 2025,16.11,2653140.95,862753.64,184.17768528293888,KOMATSU 730-E,730E_25,513
2025,Июнь 2025,16.75,2586681.8,873028.34,183.59584088946443,KOMATSU 730-E,730E_26,514
2025,Июнь 2025,16.27,2252041.66,825553.03,180.93774621212108,KOMATSU 730-E,730E_27,515
2025,Июнь 2025,16.93,2492918.7,856364.57,182.78093443354123,KOMATSU 730-E,730E_28,516
2025,Июнь 2025,15.41,2731938.35,726555.69,181.52213267987057,KOMATSU 730-E,730E_29,517
2025,Июнь 2025,17.54,2465801.25,870847.48,178.86158904867233,KOMATSU 730-E,730E_37,864
2025,Июнь 2025,16.97,2771910.68,905006.15,188.75582021540995,KOMATSU 730-E,730E_38,865
2025,Июнь 2025,16.94,2450952.73,829050.36,178.58880319148923,KOMATSU 730-E,730E_39,866
2025,Июнь 2025,16.55,2856235.37,788081.09,184.70422600314694,KOMATSU 730-E,730E_40,867
2025,Июнь 2025,16.78,2598844.54,894487.38,185.74231358695613,KOMATSU 730-E,730E_41,868
2025,Июнь 2025,16.74,2781482.94,930105.75,184.963621561489,NHL NTE200,NHL NTE200_43,1415
2025,Июнь 2025,17.59,2916872.59,954273.26,187.2991816406248,NHL NTE200,NHL NTE200_44,1416
2025,Июнь 2025,17.51,2857196.6,943920.66,182.32769943711136,NHL NTE200,NHL NTE200_45,1417
2025,Июнь 2025,17,2349440.46,852720.99,174.1250636834984,NHL NTE200,NHL NTE200_46,1418
2025,Июнь 2025,16.7,2664418.08,898275.59,181.2858169495033,NHL NTE200,NHL NTE200_47,1419
2025,Июнь 2025,16.66,2672518.44,910521.16,180.4922350041085,NHL NTE200,NHL NTE200_48,1420
2025,Июнь 2025,16.42,2872891.6,918505.53,189.05370446357094,NHL NTE200,NHL NTE200_49,1445
2025,Июнь 2025,17.08,2595822.86,891718.27,182.51095273738247,NHL NTE200,NHL NTE200_50,1446
2025,Июнь 2025,17,2670983.84,877977.94,179.06437092169662,NHL NTE200,NHL NTE200_51,1447
2025,Июнь 2025,17.09,2528392.24,911238.06,182.13239318580196,NHL NTE200,NHL NTE200_52,1448
2025,Июнь 2025,16.87,2564310.57,872302.08,174.76389096185727,NHL NTE200,NHL NTE200_53,1449
2025,Июнь 2025,18.08,2707923.42,889627.08,179.92647382780925,NHL NTE200,NHL NTE200_54,1450
2025,Июнь 2025,16.37,2648325.56,861201.52,182.46481473026847,NHL NTE200,NHL NTE200_55,1481
2025,Июнь 2025,16.92,2767057.81,948774.42,189.0980873484533,NHL NTE200,NHL NTE200_56,1490
2025,Июнь 2025,17.66,2868074.54,924986.19,180.77619200536827,NHL NTE200,NHL NTE200_57,1491
2025,Июнь 2025,16.97,2893313.09,922006.87,184.91956065318857,NHL NTE200,NHL NTE200_58,1496
2025,Июнь 2025,16.83,2840534.83,906347.98,187.07421173878183,NHL NTE200,NHL NTE200_59,1497
2025,Июнь 2025,16.51,2683628.54,897076.75,181.69045201812202,NHL NTE200,NHL NTE200_60,1498
2025,Июнь 2025,16.69,2870511.52,919207.23,186.6554222705697,NHL NTE200,NHL NTE200_61,1499
2025,Июнь 2025,16.52,2843547.84,930724.81,185.19513520206021,NHL NTE200,NHL NTE200_62,1533
2025,Июнь 2025,16.46,2734064.42,904433.49,184.80067742598712,NHL NTE200,NHL NTE200_63,1634
2025,Июнь 2025,16.34,2780013.82,891931.62,181.28656125893585,NHL NTE200,NHL NTE200_64,1635
2025,Июнь 2025,16.67,2596641.29,890002.45,180.10343618143457,NHL NTE200,NHL NTE200_65,1636
2025,Июнь 2025,17.27,2726815.95,924737.09,181.62225182333887,NHL NTE200,NHL NTE200_66,1641
2025,Июнь 2025,16.73,2755433.49,891774.48,180.74539954110142,NHL NTE200,NHL NTE200_67,1642
2025,Июнь 2025,15.66,2484804.78,856994.44,179.93879295154167,NHL NTE200,NHL NTE200_68,1644
2025,Июнь 2025,16.07,2556871.8,878552.78,179.92623822773947,NHL NTE200,NHL NTE200_69,1645
2025,Июнь 2025,16.38,2582344.13,863736.57,181.40808760683728,NHL NTE200,NHL NTE200_70,1647
2025,Июнь 2025,16.45,2585360.45,864833.03,176.49117888289024,NHL NTE200,NHL NTE200_71,1656
2025,Июнь 2025,15.83,2468822.13,881909.9,180.69179652715934,NHL NTE200,NHL NTE200_72,1671
2025,Июнь 2025,15.84,2437255.95,859973.2,179.5003645833335,NHL NTE200,NHL NTE200_73,1672
2025,Июнь 2025,16.08,2709594.61,926832.15,186.83423343120802,NHL NTE200,NHL NTE200_74,1683
2025,Июнь 2025,16.27,2776965.79,889896.63,184.06755141129028,NHL NTE200,NHL NTE200_75,1687
2025,Июнь 2025,16.2,2491714.29,840439.71,172.38925505050528,NHL NTE200,NHL NTE200_76,1689
2025,Июнь 2025,16.61,2615631.81,881878.22,181.26765282462068,NHL NTE200,NHL NTE200_77,1691
2025,Июнь 2025,16.34,2556091.95,870421.51,178.34443919779278,NHL NTE200,NHL NTE200_78,1698
2025,Июль 2025,15.84,2448652.43,856680.22,180.67688479112255,KOMATSU 730-E,730E_13,501
2025,Июль 2025,15.39,2366467.99,852371.89,184.2219398530761,KOMATSU 730-E,730E_14,502
2025,Июль 2025,15.54,2344628.31,847462.26,181.69052463503607,KOMATSU 730-E,730E_15,503
2025,Июль 2025,15.62,2552437.6,814496.66,180.35139039101492,KOMATSU 730-E,730E_16,504
2025,Июль 2025,15.81,2506963.28,827880.09,184.50621262998234,KOMATSU 730-E,730E_17,505
2025,Июль 2025,15.98,2438764.28,882513.15,184.27751334519536,KOMATSU 730-E,730E_18,506
2025,Июль 2025,16.5,2585442.76,852993.24,183.38571869765434,KOMATSU 730-E,730E_19,507
2025,Июль 2025,14.84,2463489.82,840745.74,183.21182355516623,KOMATSU 730-E,730E_20,508
2025,Июль 2025,15.38,2546030.69,850717.04,181.8550406118138,KOMATSU 730-E,730E_21,509
2025,Июль 2025,15.72,2531951.11,883570.15,183.16759652303716,KOMATSU 730-E,730E_22,510
2025,Июль 2025,15.54,2425880.92,843394.94,180.41481775394007,KOMATSU 730-E,730E_23,511
2025,Июль 2025,15.5,3098376.49,656402.94,179.61707706766893,KOMATSU 730-E,730E_24,512
2025,Июль 2025,15.54,1983828.07,855978.94,183.94051037117882,KOMATSU 730-E,730E_25,513
2025,Июль 2025,15.63,2582014.39,870234.69,182.89772570892384,KOMATSU 730-E,730E_26,514
2025,Июль 2025,15.6,2035951.13,852189.45,182.01726052631548,KOMATSU 730-E,730E_27,515
2025,Июль 2025,15.11,2471207.1,856123.55,183.9449890254606,KOMATSU 730-E,730E_28,516
2025,Июль 2025,14.66,2400956.3,861178.6,183.21047367236682,KOMATSU 730-E,730E_29,517
2025,Июль 2025,16.41,2470415.96,861813.81,175.8573887489504,KOMATSU 730-E,730E_37,864
2025,Июль 2025,16.54,1290996.82,848357.49,183.04238798157428,KOMATSU 730-E,730E_38,865
2025,Июль 2025,16.82,2538786.92,702321.8,179.67696055926507,KOMATSU 730-E,730E_39,866
2025,Июль 2025,14.62,1992372.1,823831.45,184.93446262321993,KOMATSU 730-E,730E_40,867
2025,Июль 2025,15.84,2609270.71,906094.98,185.75927214525544,KOMATSU 730-E,730E_41,868
2025,Июль 2025,16.08,2204815.56,885955.9,183.5865765931374,NHL NTE200,NHL NTE200_43,1415
2025,Июль 2025,16.15,2544440.27,921910.67,186.7949318181817,NHL NTE200,NHL NTE200_44,1416
2025,Июль 2025,16.58,2676417.75,906309.39,181.26969096391554,NHL NTE200,NHL NTE200_45,1417
2025,Июль 2025,15.76,2269659.33,859004.53,173.35034790917268,NHL NTE200,NHL NTE200_46,1418
2025,Июль 2025,15.54,2384625.52,885283.63,183.45094089673896,NHL NTE200,NHL NTE200_47,1419
2025,Июль 2025,15.68,2613318.18,879296.34,181.1861637755104,NHL NTE200,NHL NTE200_48,1420
2025,Июль 2025,15.74,2652593.91,916604.43,187.74066510416648,NHL NTE200,NHL NTE200_49,1445
2025,Июль 2025,16.03,2653965.2,903600.41,182.0869236223662,NHL NTE200,NHL NTE200_50,1446
2025,Июль 2025,16.12,1764330.42,883817.66,180.1111340361445,NHL NTE200,NHL NTE200_51,1447
2025,Июль 2025,16.36,2645540.12,914951.98,182.83187347188272,NHL NTE200,NHL NTE200_52,1448
2025,Июль 2025,16.31,2583523.03,886714.22,176.24095283588096,NHL NTE200,NHL NTE200_53,1449
2025,Июль 2025,16.65,2812430.4,888774.79,178.38980722554126,NHL NTE200,NHL NTE200_54,1450
2025,Июль 2025,16.24,2625087.67,839283.32,178.65164891479105,NHL NTE200,NHL NTE200_55,1481
2025,Июль 2025,15.51,2705459.36,873423.42,185.78162206001582,NHL NTE200,NHL NTE200_56,1490
2025,Июль 2025,16.65,2655556.03,913814.59,182.47603155339803,NHL NTE200,NHL NTE200_57,1491
2025,Июль 2025,16.2,2614481.11,877641.48,183.6759072079534,NHL NTE200,NHL NTE200_58,1496
2025,Июль 2025,16.12,2694653.13,914004.54,184.72590996362135,NHL NTE200,NHL NTE200_59,1497
2025,Июль 2025,15.79,2505729.31,886103.97,180.81733297872321,NHL NTE200,NHL NTE200_60,1498
2025,Июль 2025,16.17,2543579.89,921323.48,183.0858006154499,NHL NTE200,NHL NTE200_61,1499
2025,Июль 2025,15.75,2765653.7,909497.44,182.37646675738722,NHL NTE200,NHL NTE200_62,1533
2025,Июль 2025,16.09,2548203.81,898142.63,184.81877828778826,NHL NTE200,NHL NTE200_63,1634
2025,Июль 2025,16.46,2577758.82,884208.67,177.56118511759922,NHL NTE200,NHL NTE200_64,1635
2025,Июль 2025,16.29,2605812.67,876713.31,180.82153716216212,NHL NTE200,NHL NTE200_65,1636
2025,Июль 2025,16.34,2706673.63,883282.11,182.0125653206651,NHL NTE200,NHL NTE200_66,1641
2025,Июль 2025,15.44,2480573.87,878811.14,178.23932000846,NHL NTE200,NHL NTE200_67,1642
2025,Июль 2025,15.82,2594617.22,865573.82,180.340517241379,NHL NTE200,NHL NTE200_68,1644
2025,Июль 2025,16.04,2577160.77,910458.85,182.4017895833332,NHL NTE200,NHL NTE200_69,1645
2025,Июль 2025,15.67,2450185.69,876296.72,182.38208808063106,NHL NTE200,NHL NTE200_70,1647
2025,Июль 2025,15.69,2397542.66,862331.99,173.73667628205095,NHL NTE200,NHL NTE200_71,1656
2025,Июль 2025,15.41,2477988.62,856381.36,178.05355964467003,NHL NTE200,NHL NTE200_72,1671
2025,Июль 2025,15.5,2475735.63,896341.94,181.421878774806,NHL NTE200,NHL NTE200_73,1672
2025,Июль 2025,15.53,2692380.83,904852.76,183.67897123893812,NHL NTE200,NHL NTE200_74,1683
2025,Июль 2025,15.35,2513035.63,883177.74,183.84892431514206,NHL NTE200,NHL NTE200_75,1687
2025,Июль 2025,15.51,2356813.19,853701.17,175.4281787752415,NHL NTE200,NHL NTE200_76,1689
2025,Июль 2025,15.54,2402309.07,865819.87,180.2448932522124,NHL NTE200,NHL NTE200_77,1691
2025,Июль 2025,15.77,2619601.03,894375.42,182.52396261298264,NHL NTE200,NHL NTE200_78,1698
2025,Август 2025,15.3,2532795.63,823151.4,182.4547492578452,KOMATSU 730-E,730E_13,501
2025,Август 2025,14.4,2257407.97,769121.73,184.35101983173064,KOMATSU 730-E,730E_14,502
2025,Август 2025,15.23,2490473.45,815829.83,182.65946729274702,KOMATSU 730-E,730E_15,503
2025,Август 2025,14.77,2358972.98,775673.05,181.9719618528608,KOMATSU 730-E,730E_16,504
2025,Август 2025,14.93,2377371.79,820334.04,184.90271863553085,KOMATSU 730-E,730E_17,505
2025,Август 2025,15.43,2703389.52,868181.06,185.31311188458406,KOMATSU 730-E,730E_18,506
2025,Август 2025,14.87,2425320.08,780741.32,183.75208630686865,KOMATSU 730-E,730E_19,507
2025,Август 2025,15.14,598532.31,778924.29,176.50781467013874,KOMATSU 730-E,730E_20,508
2025,Август 2025,14.81,2581915.81,838361.23,183.34949885033416,KOMATSU 730-E,730E_21,509
2025,Август 2025,14.7,2553006.64,814028.34,183.84741329787224,KOMATSU 730-E,730E_22,510
2025,Август 2025,14.84,2362610.59,831925.56,181.26474932249317,KOMATSU 730-E,730E_23,511
2025,Август 2025,14.73,2401421.03,706889.93,181.77923963903723,KOMATSU 730-E,730E_24,512
2025,Август 2025,15.27,2050353.83,799608.12,179.8698240913811,KOMATSU 730-E,730E_25,513
2025,Август 2025,14.59,2288378.07,820597.56,182.66484786184196,KOMATSU 730-E,730E_26,514
2025,Август 2025,15.01,2402170.75,846792.2,182.32348693029473,KOMATSU 730-E,730E_27,515
2025,Август 2025,14.19,2332227.14,799957.5,184.94823996265117,KOMATSU 730-E,730E_28,516
2025,Август 2025,14.33,2063853.44,802337.46,183.35374738493687,KOMATSU 730-E,730E_29,517
2025,Август 2025,15.18,2232894.7,825640.94,177.07106559290392,KOMATSU 730-E,730E_37,864
2025,Август 2025,15.3,2343262.23,864344.5,188.99980235042727,KOMATSU 730-E,730E_38,865
2025,Август 2025,15.88,2646836.39,779907.52,180.5620908634535,KOMATSU 730-E,730E_39,866
2025,Август 2025,14.41,1997413.75,792387.41,184.39495584239137,KOMATSU 730-E,730E_40,867
2025,Август 2025,15.23,2625644.57,883351.92,186.4548071697319,KOMATSU 730-E,730E_41,868
2025,Август 2025,15.01,2581188.46,867397.74,186.09866298811545,NHL NTE200,NHL NTE200_43,1415
2025,Август 2025,14.94,2431717.48,856212.78,183.25592724046123,NHL NTE200,NHL NTE200_44,1416
2025,Август 2025,15.51,2488241.93,853259.28,180.46980091801868,NHL NTE200,NHL NTE200_45,1417
2025,Август 2025,15.06,2373972.49,813149.37,173.51554270654032,NHL NTE200,NHL NTE200_46,1418
2025,Август 2025,15.11,2124598.37,844945.8,184.88252113217212,NHL NTE200,NHL NTE200_47,1419
2025,Август 2025,14.89,2412464.68,849744.83,183.76166872197308,NHL NTE200,NHL NTE200_48,1420
2025,Август 2025,15.2,2677442.83,883555.99,186.8523042317165,NHL NTE200,NHL NTE200_49,1445
2025,Август 2025,14.69,2467648.59,847310.65,183.20027371066442,NHL NTE200,NHL NTE200_50,1446
2025,Август 2025,14.86,2263350.58,814109.68,180.49744190140834,NHL NTE200,NHL NTE200_51,1447
2025,Август 2025,15.37,2458790.41,850072.83,183.3439634547847,NHL NTE200,NHL NTE200_52,1448
2025,Август 2025,15.29,2343790.93,824063.31,177.7336564732107,NHL NTE200,NHL NTE200_53,1449
2025,Август 2025,14.9,2416350.94,820658.35,177.52969398788935,NHL NTE200,NHL NTE200_54,1450
2025,Август 2025,14.87,2550565.65,816185.07,182.49653275063156,NHL NTE200,NHL NTE200_55,1481
2025,Август 2025,14.36,2516020.56,837032.24,186.95487095363083,NHL NTE200,NHL NTE200_56,1490
2025,Август 2025,15.36,2657529.93,880435.84,184.2514459183675,NHL NTE200,NHL NTE200_57,1491
2025,Август 2025,15.13,2259026.6,845922.77,182.90041289323145,NHL NTE200,NHL NTE200_58,1496
2025,Август 2025,15.39,2551552.65,869839.63,182.41347748316514,NHL NTE200,NHL NTE200_59,1497
2025,Август 2025,15.26,2521417.26,858602.46,181.02093565088768,NHL NTE200,NHL NTE200_60,1498
2025,Август 2025,15.4,2526926.96,877925.79,182.96309835890847,NHL NTE200,NHL NTE200_61,1499
2025,Август 2025,15.12,2555970.19,878531.1,183.34662109374995,NHL NTE200,NHL NTE200_62,1533
2025,Август 2025,15.03,2444044.39,858028.42,183.85861160318854,NHL NTE200,NHL NTE200_63,1634
2025,Август 2025,15.2,2315193.5,858745.12,176.5106575403952,NHL NTE200,NHL NTE200_64,1635
2025,Август 2025,15.26,2536353.77,869166.37,183.02153568394235,NHL NTE200,NHL NTE200_65,1636
2025,Август 2025,15.07,2415935.78,871179.93,182.55255004448367,NHL NTE200,NHL NTE200_66,1641
2025,Август 2025,14.63,2354629.06,854932.37,180.48934510379053,NHL NTE200,NHL NTE200_67,1642
2025,Август 2025,15.18,2497697.24,865256.77,181.4655175363559,NHL NTE200,NHL NTE200_68,1644
2025,Август 2025,14.95,2361256.74,838875.55,180.83416873309255,NHL NTE200,NHL NTE200_69,1645
2025,Август 2025,15.22,2430502.7,867837.77,183.16438054569656,NHL NTE200,NHL NTE200_70,1647
2025,Август 2025,14.99,2336362.66,834465.42,180.72021971766856,NHL NTE200,NHL NTE200_71,1656
2025,Август 2025,14.97,2429558.27,835466.86,178.65458441558437,NHL NTE200,NHL NTE200_72,1671
2025,Август 2025,14.78,2382176.34,842100.61,180.64448772321435,NHL NTE200,NHL NTE200_73,1672
2025,Август 2025,15.47,1785672.27,879426.95,186.7731980449509,NHL NTE200,NHL NTE200_74,1683
2025,Август 2025,14.64,2365397.94,825094.15,180.17651266816128,NHL NTE200,NHL NTE200_75,1687
2025,Август 2025,14.63,2070433.77,789097,172.56630029440655,NHL NTE200,NHL NTE200_76,1689
2025,Август 2025,14.97,1898081.75,826173.54,181.13139676966304,NHL NTE200,NHL NTE200_77,1691
2025,Август 2025,15.02,1864348.06,854687.56,184.1184765625,NHL NTE200,NHL NTE200_78,1698
2025,Сентябрь 2025,15.82,2612424.14,835918.46,181.65236652542382,KOMATSU 730-E,730E_13,501
2025,Сентябрь 2025,15.19,2245420.37,768375.84,185.48251130653267,KOMATSU 730-E,730E_14,502
2025,Сентябрь 2025,15.61,2246236.54,837544.8,181.52239017768997,KOMATSU 730-E,730E_15,503
2025,Сентябрь 2025,15.32,1112466.22,800767.96,180.70272727272712,KOMATSU 730-E,730E_16,504
2025,Сентябрь 2025,15.67,2298878.72,860853.33,185.244055122549,KOMATSU 730-E,730E_17,505
2025,Сентябрь 2025,15.92,2596224.57,860597.97,184.20408553772754,KOMATSU 730-E,730E_18,506
2025,Сентябрь 2025,15.34,2019634.41,848573.43,183.82352474972168,KOMATSU 730-E,730E_19,507
2025,Сентябрь 2025,15.98,2471529.53,800488.82,174.20052727663233,KOMATSU 730-E,730E_20,508
2025,Сентябрь 2025,15.11,2512027.31,836770.75,182.70692551065696,KOMATSU 730-E,730E_21,509
2025,Сентябрь 2025,15.5,2208535.56,817013.56,183.16832216885726,KOMATSU 730-E,730E_22,510
2025,Сентябрь 2025,15.56,2514733.97,851284.57,180.9687180897885,KOMATSU 730-E,730E_23,511
2025,Сентябрь 2025,16.55,1604627.24,780132.72,170.8015202922075,KOMATSU 730-E,730E_24,512
2025,Сентябрь 2025,15.84,2531042.78,847189.83,184.25990572315843,KOMATSU 730-E,730E_25,513
2025,Сентябрь 2025,14.56,2533629.68,800548.21,182.50529905618907,KOMATSU 730-E,730E_26,514
2025,Сентябрь 2025,15.67,2369871.98,838527.8,181.34953154205576,KOMATSU 730-E,730E_27,515
2025,Сентябрь 2025,14.9,2568642.47,819852.3,183.10277910512568,KOMATSU 730-E,730E_28,516
2025,Сентябрь 2025,14.36,2305294.78,785689.21,184.49294599217953,KOMATSU 730-E,730E_29,517
2025,Сентябрь 2025,15.3,2066879.98,782184.17,176.40762850467303,KOMATSU 730-E,730E_37,864
2025,Сентябрь 2025,15.7,2512615.56,870428.55,189.83057887453833,KOMATSU 730-E,730E_38,865
2025,Сентябрь 2025,16.04,2490475.8,816598.48,176.2654902597403,KOMATSU 730-E,730E_39,866
2025,Сентябрь 2025,15.06,2518474.56,831465.05,184.3258314781831,KOMATSU 730-E,730E_40,867
2025,Сентябрь 2025,15.78,2715624.52,874271.79,184.768731801164,KOMATSU 730-E,730E_41,868
2025,Сентябрь 2025,15.75,2514296.69,885922.78,184.37289391226477,NHL NTE200,NHL NTE200_43,1415
2025,Сентябрь 2025,16.08,2330064.33,894864.13,183.4407441331419,NHL NTE200,NHL NTE200_44,1416
2025,Сентябрь 2025,16.48,2787247.45,880172.26,178.98027576410635,NHL NTE200,NHL NTE200_45,1417
2025,Сентябрь 2025,15.97,2631447.77,843516,173.4299099959775,NHL NTE200,NHL NTE200_46,1418
2025,Сентябрь 2025,15.82,2650055.72,881814.08,183.66368190456103,NHL NTE200,NHL NTE200_47,1419
2025,Сентябрь 2025,16.1,2754258.98,886239,182.26847876409013,NHL NTE200,NHL NTE200_48,1420
2025,Сентябрь 2025,15.83,2870040.02,924871.35,187.96310756972153,NHL NTE200,NHL NTE200_49,1445
2025,Сентябрь 2025,16.24,2669844.05,876514.06,180.0282249587798,NHL NTE200,NHL NTE200_50,1446
2025,Сентябрь 2025,15.45,2644260.67,841945.63,180.36699397339984,NHL NTE200,NHL NTE200_51,1447
2025,Сентябрь 2025,15.83,2646324.34,849482.61,180.81410341951613,NHL NTE200,NHL NTE200_52,1448
2025,Сентябрь 2025,15.7,2640929.49,848513.8,177.33801157122159,NHL NTE200,NHL NTE200_53,1449
2025,Сентябрь 2025,16.08,2615039.53,848401.09,177.48532309760097,NHL NTE200,NHL NTE200_54,1450
2025,Сентябрь 2025,15.37,2619164.7,825638.86,177.61885175619832,NHL NTE200,NHL NTE200_55,1481
2025,Сентябрь 2025,15.55,2844177.37,875602.74,188.23629284274148,NHL NTE200,NHL NTE200_56,1490
2025,Сентябрь 2025,15.95,2604726.37,903421.85,183.15630847639486,NHL NTE200,NHL NTE200_57,1491
2025,Сентябрь 2025,15.29,2641602.86,836902.39,181.25255295721433,NHL NTE200,NHL NTE200_58,1496
2025,Сентябрь 2025,15.93,2683693.11,863119.97,182.61421615448484,NHL NTE200,NHL NTE200_59,1497
2025,Сентябрь 2025,15.97,2733380.12,887295.01,181.64473555736367,NHL NTE200,NHL NTE200_60,1498
2025,Сентябрь 2025,15.79,2759695.53,889857.69,182.49740970540765,NHL NTE200,NHL NTE200_61,1499
2025,Сентябрь 2025,16.09,2574693.57,874117.61,184.0275691419859,NHL NTE200,NHL NTE200_62,1533
2025,Сентябрь 2025,15.87,2695896.01,880156.83,184.0587453125001,NHL NTE200,NHL NTE200_63,1634
2025,Сентябрь 2025,15.68,2662251.15,849007.21,178.19162282630944,NHL NTE200,NHL NTE200_64,1635
2025,Сентябрь 2025,16.18,2690351.23,885226.9,181.84601870888145,NHL NTE200,NHL NTE200_65,1636
2025,Сентябрь 2025,16.04,2789012.47,906805.21,184.30994492724335,NHL NTE200,NHL NTE200_66,1641
2025,Сентябрь 2025,15.77,2696149.54,876148,181.35261023379786,NHL NTE200,NHL NTE200_67,1642
2025,Сентябрь 2025,15.62,2648225.28,868688.16,182.01079082703572,NHL NTE200,NHL NTE200_68,1644
2025,Сентябрь 2025,15.14,2513331,842101.03,182.5090073203194,NHL NTE200,NHL NTE200_69,1645
2025,Сентябрь 2025,16.14,2637461.14,882020.93,182.173929398148,NHL NTE200,NHL NTE200_70,1647
2025,Сентябрь 2025,16.29,2792601.2,897992.62,182.4672236055775,NHL NTE200,NHL NTE200_71,1656
2025,Сентябрь 2025,15.89,2635663.62,849677.5,177.857931584362,NHL NTE200,NHL NTE200_72,1671
2025,Сентябрь 2025,15.17,2540309.75,849357.41,181.25007119565203,NHL NTE200,NHL NTE200_73,1672
2025,Сентябрь 2025,15.7,2563342.39,885537.64,185.6261459251104,NHL NTE200,NHL NTE200_74,1683
2025,Сентябрь 2025,15.47,2558106.47,859983.4,180.01312178938346,NHL NTE200,NHL NTE200_75,1687
2025,Сентябрь 2025,15.47,2267100.67,789891.74,169.38993741469537,NHL NTE200,NHL NTE200_76,1689
2025,Сентябрь 2025,16.29,1886792.34,861191.6,179.91142151162785,NHL NTE200,NHL NTE200_77,1691
2025,Сентябрь 2025,15.66,1796081.52,868751.15,183.83952521793276,NHL NTE200,NHL NTE200_78,1698
2025,Октябрь 2025,16.12,2227664.56,888417.13,183.3257861138132,KOMATSU 730-E,730E_13,501
2025,Октябрь 2025,16.32,2235734.82,886324.32,183.10563043478223,KOMATSU 730-E,730E_14,502
2025,Октябрь 2025,16.1,1314019.95,838858.17,178.5420455457464,KOMATSU 730-E,730E_15,503
2025,Октябрь 2025,16.28,2185453.4,897100.07,180.88612806372527,KOMATSU 730-E,730E_16,504
2025,Октябрь 2025,16.48,2298284.77,878353.22,182.76013980263153,KOMATSU 730-E,730E_17,505
2025,Октябрь 2025,16.76,2233764.69,917396.7,182.23433100289287,KOMATSU 730-E,730E_18,506
2025,Октябрь 2025,16.61,2338856.54,897658.69,184.0929203591421,KOMATSU 730-E,730E_19,507
2025,Октябрь 2025,16.27,2146542.91,915703.27,182.8447269172551,KOMATSU 730-E,730E_20,508
2025,Октябрь 2025,15.73,2128647.05,871064.13,181.6776554600608,KOMATSU 730-E,730E_21,509
2025,Октябрь 2025,17,2571380.66,854652.05,181.23128376974196,KOMATSU 730-E,730E_22,510
2025,Октябрь 2025,16.23,2065347.97,886260.95,181.3918296632126,KOMATSU 730-E,730E_23,511
2025,Октябрь 2025,16.42,2588850.16,868054.07,181.38815097672494,KOMATSU 730-E,730E_24,512
2025,Октябрь 2025,16.73,2349725.92,913156.53,183.58534979185927,KOMATSU 730-E,730E_25,513
2025,Октябрь 2025,15.18,2117822.46,828489.81,182.5918743609404,KOMATSU 730-E,730E_26,514
2025,Октябрь 2025,16.73,2365419.63,923171.1,180.63679072398168,KOMATSU 730-E,730E_27,515
2025,Октябрь 2025,16.5,623066,923403.8,183.09384799651565,KOMATSU 730-E,730E_28,516
2025,Октябрь 2025,15.43,2077012.95,892612.81,183.35660020986379,KOMATSU 730-E,730E_29,517
2025,Октябрь 2025,16.83,1943332.24,892612.26,176.8852154940921,KOMATSU 730-E,730E_37,864
2025,Октябрь 2025,16.42,2521931.5,946495.57,187.41096255506557,KOMATSU 730-E,730E_38,865
2025,Октябрь 2025,17.14,2232510.89,912859.26,177.01827188670416,KOMATSU 730-E,730E_39,866
2025,Октябрь 2025,17.1,2696090.56,855841.27,181.43325417329072,KOMATSU 730-E,730E_40,867
2025,Октябрь 2025,16.68,2705392.07,865271.69,181.76453858392992,KOMATSU 730-E,730E_41,868
2025,Октябрь 2025,16.46,2140282.09,936176.04,184.0115682164636,NHL NTE200,NHL NTE200_43,1415
2025,Октябрь 2025,17.13,2287712.57,958858.81,183.4965645734595,NHL NTE200,NHL NTE200_44,1416
2025,Октябрь 2025,17.08,2435723.57,947906.44,179.74599573490806,NHL NTE200,NHL NTE200_45,1417
2025,Октябрь 2025,15.97,2160382.68,865225.01,172.91821842478694,NHL NTE200,NHL NTE200_46,1418
2025,Октябрь 2025,16.25,2325802.69,924356.42,180.2416912774724,NHL NTE200,NHL NTE200_47,1419
2025,Октябрь 2025,16.84,2525896.31,948803.4,181.20813242784376,NHL NTE200,NHL NTE200_48,1420
2025,Октябрь 2025,16.62,2493645.3,980482.64,188.14647600446423,NHL NTE200,NHL NTE200_49,1445
2025,Октябрь 2025,16.63,2455073.7,952866.45,180.53871473524305,NHL NTE200,NHL NTE200_50,1446
2025,Октябрь 2025,16.25,2418343.35,918265.09,178.45621822962266,NHL NTE200,NHL NTE200_51,1447
2025,Октябрь 2025,16.75,2506002.49,955749.64,183.0272368421052,NHL NTE200,NHL NTE200_52,1448
2025,Октябрь 2025,16.57,2459275.46,927716.99,177.00635797872306,NHL NTE200,NHL NTE200_53,1449
2025,Октябрь 2025,17.46,2562111.57,939875.54,179.5514070273634,NHL NTE200,NHL NTE200_54,1450
2025,Октябрь 2025,15.77,2404620.19,846753.69,177.74413946910394,NHL NTE200,NHL NTE200_55,1481
2025,Октябрь 2025,16.41,2485351.74,903233.39,188.68686602333926,NHL NTE200,NHL NTE200_56,1490
2025,Октябрь 2025,16.88,2555306.48,945480.29,183.35339300937767,NHL NTE200,NHL NTE200_57,1491
2025,Октябрь 2025,15.18,2410853.97,840425.23,183.8322458295761,NHL NTE200,NHL NTE200_58,1496
2025,Октябрь 2025,16.34,2416004.32,940300.96,183.39451793721986,NHL NTE200,NHL NTE200_59,1497
2025,Октябрь 2025,16.86,2528637.11,939254.3,180.80302260186764,NHL NTE200,NHL NTE200_60,1498
2025,Октябрь 2025,16.33,2532590.42,941629.76,183.56065233704962,NHL NTE200,NHL NTE200_61,1499
2025,Октябрь 2025,16.2,2488284.64,944342.3,183.96217300962383,NHL NTE200,NHL NTE200_62,1533
2025,Октябрь 2025,16.63,2488883.1,934940.92,184.50315685413017,NHL NTE200,NHL NTE200_63,1634
2025,Октябрь 2025,16.44,2441160.62,917790.44,178.4295768566494,NHL NTE200,NHL NTE200_64,1635
2025,Октябрь 2025,16.82,2474457.75,933880.8,181.18462424307924,NHL NTE200,NHL NTE200_65,1636
2025,Октябрь 2025,17,2231393.24,817330.71,184.21367607526867,NHL NTE200,NHL NTE200_66,1641
2025,Октябрь 2025,16.66,2491468.16,938327.71,181.02501716738178,NHL NTE200,NHL NTE200_67,1642
2025,Октябрь 2025,16.52,2483238.63,926336.49,181.665400129422,NHL NTE200,NHL NTE200_68,1644
2025,Октябрь 2025,16.59,2467690.23,933880.17,183.22337719298247,NHL NTE200,NHL NTE200_69,1645
2025,Октябрь 2025,16.69,2384980.22,942901.59,182.33525665613726,NHL NTE200,NHL NTE200_70,1647
2025,Октябрь 2025,16.68,2423780.31,951858.91,183.3291454423596,NHL NTE200,NHL NTE200_71,1656
2025,Октябрь 2025,15.93,2267430.48,905758.92,177.6536853049906,NHL NTE200,NHL NTE200_72,1671
2025,Октябрь 2025,16.19,2468057.24,912646.59,181.98543286026225,NHL NTE200,NHL NTE200_73,1672
2025,Октябрь 2025,15.92,2431812.59,942965.26,186.77632316243216,NHL NTE200,NHL NTE200_74,1683
2025,Октябрь 2025,16.46,2376813.11,910413.94,179.76841483885437,NHL NTE200,NHL NTE200_75,1687
2025,Октябрь 2025,16.17,2122916.22,871037.17,169.9005433238633,NHL NTE200,NHL NTE200_76,1689
2025,Октябрь 2025,16.33,2270352.39,902663.23,180.9019321394913,NHL NTE200,NHL NTE200_77,1691
2025,Октябрь 2025,15.98,2423603.71,936290.1,185.17723684210546,NHL NTE200,NHL NTE200_78,1698
2025,Октябрь 2025,24.06,2413749.66,685780.6,107.89652412280701,NHL NTE200,NTE200_79,1887
2025,Октябрь 2025,,6790112.66,,122.70095744680859,NHL NTE200,NTE200_80,1888
2025,Октябрь 2025,16.8,2079412.13,798586.67,162.5537383395524,NHL NTE200,NTE200_81,1883
2025,Ноябрь 2025,16.99,2097485.21,859051.98,182.79318863879965,KOMATSU 730-E,730E_13,501
2025,Ноябрь 2025,16.96,2043029.04,825661.5,181.69966734972667,KOMATSU 730-E,730E_14,502
2025,Ноябрь 2025,17.35,2293705.56,761089.36,179.6820969289825,KOMATSU 730-E,730E_15,503
2025,Ноябрь 2025,16.93,1978218.29,882340.04,180.6202739630043,KOMATSU 730-E,730E_16,504
2025,Ноябрь 2025,16.99,2138799.91,827703.47,181.38957770270258,KOMATSU 730-E,730E_17,505
2025,Ноябрь 2025,17.59,2284480.83,876435.26,182.46147277832003,KOMATSU 730-E,730E_18,506
2025,Ноябрь 2025,16.86,1744110.59,808408.46,181.65799952046075,KOMATSU 730-E,730E_19,507
2025,Ноябрь 2025,16.55,2195866.19,825137.76,182.09781536113957,KOMATSU 730-E,730E_20,508
2025,Ноябрь 2025,16.42,2070537.24,817440.18,180.4192316452303,KOMATSU 730-E,730E_21,509
2025,Ноябрь 2025,16.83,2109814.27,783428.86,180.80124999999975,KOMATSU 730-E,730E_22,510
2025,Ноябрь 2025,16.62,2032882,826174.92,180.5956290894217,KOMATSU 730-E,730E_23,511
2025,Ноябрь 2025,17.73,2045329.5,859591.71,180.73514475108217,KOMATSU 730-E,730E_24,512
2025,Ноябрь 2025,17.25,2129768.59,847480.02,181.9386510744234,KOMATSU 730-E,730E_25,513
2025,Ноябрь 2025,16.64,1315824.22,659995.22,180.85273515886328,KOMATSU 730-E,730E_26,514
2025,Ноябрь 2025,16.91,2170733.8,814275.82,178.7046371580546,KOMATSU 730-E,730E_27,515
2025,Ноябрь 2025,17.94,911170.71,787200.21,166.21515308988754,KOMATSU 730-E,730E_28,516
2025,Ноябрь 2025,16.66,1800398.15,682543.97,181.54682793209884,KOMATSU 730-E,730E_29,517
2025,Ноябрь 2025,17.96,1924438.91,844843.19,175.47881568791956,KOMATSU 730-E,730E_37,864
2025,Ноябрь 2025,16.67,2318953.81,818784.82,184.50820517492713,KOMATSU 730-E,730E_38,865
2025,Ноябрь 2025,16.95,1950268.1,793555.94,175.31498761013205,KOMATSU 730-E,730E_39,866
2025,Ноябрь 2025,16.41,3088005.67,640461.5,179.48915412535408,KOMATSU 730-E,730E_40,867
2025,Ноябрь 2025,16.94,2122718.98,854746.18,183.63835505319133,KOMATSU 730-E,730E_41,868
2025,Ноябрь 2025,17.88,2588062.33,989531.47,184.0627304925892,NHL NTE200,NHL NTE200_43,1415
2025,Ноябрь 2025,17.99,2619715.33,981307.88,184.05017887746317,NHL NTE200,NHL NTE200_44,1416
2025,Ноябрь 2025,17.86,2502235.78,951114.37,178.6915192644485,NHL NTE200,NHL NTE200_45,1417
2025,Ноябрь 2025,17.91,2222562.74,896231.24,172.1434976303318,NHL NTE200,NHL NTE200_46,1418
2025,Ноябрь 2025,17.38,2350439.02,929022.14,180.40694509896312,NHL NTE200,NHL NTE200_47,1419
2025,Ноябрь 2025,17.58,2102748.72,963892.73,180.0537986330177,NHL NTE200,NHL NTE200_48,1420
2025,Ноябрь 2025,17.75,2726194.97,976196.77,188.21769828680212,NHL NTE200,NHL NTE200_49,1445
2025,Ноябрь 2025,18.42,2642637.94,988073.45,180.88003253568422,NHL NTE200,NHL NTE200_50,1446
2025,Ноябрь 2025,17.75,2534819.2,946710.42,177.4627800255536,NHL NTE200,NHL NTE200_51,1447
2025,Ноябрь 2025,18.4,2526557.01,1002663.21,182.20941489361707,NHL NTE200,NHL NTE200_52,1448
2025,Ноябрь 2025,18.23,2568907.98,939468.49,177.7312631509279,NHL NTE200,NHL NTE200_53,1449
2025,Ноябрь 2025,18.36,2464285.09,975025.29,178.14347265278974,NHL NTE200,NHL NTE200_54,1450
2025,Ноябрь 2025,17.37,2351390.4,879854.52,176.4884470046082,NHL NTE200,NHL NTE200_55,1481
2025,Ноябрь 2025,17.41,2698036.32,953132.77,188.68248335481087,NHL NTE200,NHL NTE200_56,1490
2025,Ноябрь 2025,18.03,2374413.55,992984.91,182.785977412488,NHL NTE200,NHL NTE200_57,1491
2025,Ноябрь 2025,18.28,2554469.32,929174.91,182.2954312609458,NHL NTE200,NHL NTE200_58,1496
2025,Ноябрь 2025,18.33,2636289.72,982861.16,183.35221010638307,NHL NTE200,NHL NTE200_59,1497
2025,Ноябрь 2025,18,2521884.55,986381.42,180.73305482456144,NHL NTE200,NHL NTE200_60,1498
2025,Ноябрь 2025,17.54,2538980.98,968051.87,183.89014933628334,NHL NTE200,NHL NTE200_61,1499
2025,Ноябрь 2025,17.35,2573629.8,969376.71,181.90303702504337,NHL NTE200,NHL NTE200_62,1533
2025,Ноябрь 2025,18.33,2557455,975496.22,183.12218586101392,NHL NTE200,NHL NTE200_63,1634
2025,Ноябрь 2025,17.86,2518153.82,934170.41,175.5333733974357,NHL NTE200,NHL NTE200_64,1635
2025,Ноябрь 2025,18.4,2572941.38,934870.91,181.7081612240483,NHL NTE200,NHL NTE200_65,1636
2025,Ноябрь 2025,17.84,2554237.49,972740.94,183.88898244257945,NHL NTE200,NHL NTE200_66,1641
2025,Ноябрь 2025,17.13,2487878.8,942417.3,179.86950166666645,NHL NTE200,NHL NTE200_67,1642
2025,Ноябрь 2025,18.25,2584159.38,965180.94,181.25142772766313,NHL NTE200,NHL NTE200_68,1644
2025,Ноябрь 2025,18.48,2710895.71,986243.87,181.47974219391924,NHL NTE200,NHL NTE200_69,1645
2025,Ноябрь 2025,18.49,2655996.15,991187.36,184.56759027187803,NHL NTE200,NHL NTE200_70,1647
2025,Ноябрь 2025,17.67,2642420.83,980665.26,182.8701312712586,NHL NTE200,NHL NTE200_71,1656
2025,Ноябрь 2025,17.74,2498120.12,940402.96,176.69405654246094,NHL NTE200,NHL NTE200_72,1671
2025,Ноябрь 2025,18.2,2476909.19,958220.76,181.63292414721695,NHL NTE200,NHL NTE200_73,1672
2025,Ноябрь 2025,17.8,2618469.04,999573.92,187.18701637554582,NHL NTE200,NHL NTE200_74,1683
2025,Ноябрь 2025,18.06,2555561.9,957944.95,179.23211662371105,NHL NTE200,NHL NTE200_75,1687
2025,Ноябрь 2025,17.58,2358350.83,869647.22,169.83646770282178,NHL NTE200,NHL NTE200_76,1689
2025,Ноябрь 2025,18,2545445.61,955380.25,182.75237972319843,NHL NTE200,NHL NTE200_77,1691
2025,Ноябрь 2025,18.1,2446467.87,953663.99,182.49502851277356,NHL NTE200,NHL NTE200_78,1698
2025,Ноябрь 2025,17.54,3106768.5,829460.91,181.8151339285715,NHL NTE200,NHL NTE200_82,1901
2025,Ноябрь 2025,18.88,2805734.25,778225.41,181.26608425414358,NHL NTE200,NHL NTE200_83,1902
2025,Ноябрь 2025,,1943627.52,582427,,NHL NTE200,NHL NTE200_85,1909
2025,Ноябрь 2025,17.43,2474889.14,926568.02,178.75600906277626,NHL NTE200,NTE200_79,1887
2025,Ноябрь 2025,17.23,1946476.1,937954.21,183.09323745674783,NHL NTE200,NTE200_80,1888
2025,Ноябрь 2025,17.61,2569307.65,930649.12,180.2004045064377,NHL NTE200,NTE200_81,1883
2025,Декабрь 2025,17.01,1679944.52,900124.37,183.62608951612933,KOMATSU 730-E,730E_13,501
2025,Декабрь 2025,16.53,1924851.59,902395.98,184.0802814616255,KOMATSU 730-E,730E_14,502
2025,Декабрь 2025,16.4,2192874.05,816181.23,180.2582257281555,KOMATSU 730-E,730E_15,503
2025,Декабрь 2025,15.96,1913540.88,865692.11,182.19720852017915,KOMATSU 730-E,730E_16,504
2025,Декабрь 2025,16.81,1894031.46,881054.94,186.8369572176947,KOMATSU 730-E,730E_17,505
2025,Декабрь 2025,16.81,1997986.33,903127.61,184.82389617486294,KOMATSU 730-E,730E_18,506
2025,Декабрь 2025,16.56,2162172.44,857088.53,184.72897870463643,KOMATSU 730-E,730E_19,507
2025,Декабрь 2025,16.59,2237832.09,823338.03,181.34684389952085,KOMATSU 730-E,730E_20,508
2025,Декабрь 2025,16.65,2123321.93,883783.57,183.4556771363172,KOMATSU 730-E,730E_21,509
2025,Декабрь 2025,16.55,2036131.33,857549.39,183.3648093783205,KOMATSU 730-E,730E_22,510
2025,Декабрь 2025,16.47,1916527.76,879601.55,182.869565033784,KOMATSU 730-E,730E_23,511
2025,Декабрь 2025,16.82,2343673.13,825031.72,182.44884566911063,KOMATSU 730-E,730E_24,512
2025,Декабрь 2025,17.04,2307734.36,905437.74,184.73077933553228,KOMATSU 730-E,730E_25,513
2025,Декабрь 2025,17.04,1429622.35,833515.25,179.08551622418886,KOMATSU 730-E,730E_26,514
2025,Декабрь 2025,16.45,2137517.11,844044.4,181.6911891315261,KOMATSU 730-E,730E_27,515
2025,Декабрь 2025,17.02,2182154.25,883440.17,185.3336487500003,KOMATSU 730-E,730E_28,516
2025,Декабрь 2025,15.99,1429191.77,834481.11,183.59465921352603,KOMATSU 730-E,730E_29,517
2025,Декабрь 2025,16.36,1740641.58,669433.78,175.30617559523802,KOMATSU 730-E,730E_37,864
2025,Декабрь 2025,16.38,2166859.36,896521.38,189.14144976875673,KOMATSU 730-E,730E_38,865
2025,Декабрь 2025,17.08,1429961.42,850690.23,176.78133642649163,KOMATSU 730-E,730E_39,866
2025,Декабрь 2025,16.59,2365399.3,834182.43,182.44905381028127,KOMATSU 730-E,730E_40,867
2025,Декабрь 2025,16.48,1722235.79,903027.75,183.52833202634875,KOMATSU 730-E,730E_41,868
2025,Декабрь 2025,18.13,2590728.83,1000706.72,186.31442907124685,NHL NTE200,NHL NTE200_43,1415
2025,Декабрь 2025,18.23,1384526.11,983783.02,183.44756435257415,NHL NTE200,NHL NTE200_44,1416
2025,Декабрь 2025,18.11,2537924.42,1015530,182.83325828377218,NHL NTE200,NHL NTE200_45,1417
2025,Декабрь 2025,17.55,2215022.88,964782.23,180.3748619116233,NHL NTE200,NHL NTE200_46,1418
2025,Декабрь 2025,16.51,1170316.29,855052.61,184.0680104166667,NHL NTE200,NHL NTE200_47,1419
2025,Декабрь 2025,18.54,1928089.94,981906.47,182.15304087875404,NHL NTE200,NHL NTE200_48,1420
2025,Декабрь 2025,18.09,2647358.4,1036072.02,188.63704899074833,NHL NTE200,NHL NTE200_49,1445
2025,Декабрь 2025,17.99,2805515.85,925607.28,184.42321913819876,NHL NTE200,NHL NTE200_50,1446
2025,Декабрь 2025,17.76,2569427.32,981697.98,183.9980975042299,NHL NTE200,NHL NTE200_51,1447
2025,Декабрь 2025,18.55,2669895.04,1014738.77,185.71717723727414,NHL NTE200,NHL NTE200_52,1448
2025,Декабрь 2025,17.88,2419345.36,941690.07,180.87909055897555,NHL NTE200,NHL NTE200_53,1449
2025,Декабрь 2025,18.05,2552767.69,975246.34,182.34685134566863,NHL NTE200,NHL NTE200_54,1450
2025,Декабрь 2025,17.34,2641342.02,882629.99,181.65300740064896,NHL NTE200,NHL NTE200_55,1481
2025,Декабрь 2025,17.56,2580697.2,974073.23,188.46302824054152,NHL NTE200,NHL NTE200_56,1490
2025,Декабрь 2025,17.71,2480833.4,997502.18,185.47872734305892,NHL NTE200,NHL NTE200_57,1491
2025,Декабрь 2025,18,2731377.42,953690.95,185.45472756410237,NHL NTE200,NHL NTE200_58,1496
2025,Декабрь 2025,19.1,2727661.84,1040700.3,185.34409505208308,NHL NTE200,NHL NTE200_59,1497
2025,Декабрь 2025,18.26,2700233.29,1007975.46,183.62951996388435,NHL NTE200,NHL NTE200_60,1498
2025,Декабрь 2025,18.09,2621309.65,1011908.72,185.68252923976607,NHL NTE200,NHL NTE200_61,1499
2025,Декабрь 2025,18.22,2671883.77,1026595.94,184.94483391250998,NHL NTE200,NHL NTE200_62,1533
2025,Декабрь 2025,18.57,2745034.36,1030821.43,184.44434173947585,NHL NTE200,NHL NTE200_63,1634
2025,Декабрь 2025,18.08,2670366.82,988232.64,182.75099778046786,NHL NTE200,NHL NTE200_64,1635
2025,Декабрь 2025,18.42,2760799.26,992943.1,183.9049735294119,NHL NTE200,NHL NTE200_65,1636
2025,Декабрь 2025,18.16,2626658.03,987597.86,185.5968609114582,NHL NTE200,NHL NTE200_66,1641
2025,Декабрь 2025,17.41,2115590.45,799987.3,183.3472295918367,NHL NTE200,NHL NTE200_67,1642
2025,Декабрь 2025,17.68,2509452.58,968257.54,183.8883107668978,NHL NTE200,NHL NTE200_68,1644
2025,Декабрь 2025,17.56,2564065.79,960018.7,183.92488092718048,NHL NTE200,NHL NTE200_69,1645
2025,Декабрь 2025,18.73,2492191.96,1023183.03,185.34642622591912,NHL NTE200,NHL NTE200_70,1647
2025,Декабрь 2025,18.15,2770636.55,982765.16,186.02190966719476,NHL NTE200,NHL NTE200_71,1656
2025,Декабрь 2025,17.67,2970077.6,850774.58,185.34464633921974,NHL NTE200,NHL NTE200_72,1671
2025,Декабрь 2025,18.74,2685404.15,992415.74,184.83800375405835,NHL NTE200,NHL NTE200_73,1672
2025,Декабрь 2025,17.51,2577329.21,993372.48,187.4156619854199,NHL NTE200,NHL NTE200_74,1683
2025,Декабрь 2025,17.84,2483069.11,956536.01,183.86023983828662,NHL NTE200,NHL NTE200_75,1687
2025,Декабрь 2025,17.11,2444982.45,939411.95,178.84400420984466,NHL NTE200,NHL NTE200_76,1689
2025,Декабрь 2025,18.27,2607868.1,995174.88,185.19244774247494,NHL NTE200,NHL NTE200_77,1691
2025,Декабрь 2025,18.03,2601545.59,985406.84,184.89807046979854,NHL NTE200,NHL NTE200_78,1698
2025,Декабрь 2025,17.85,2684208.04,999266.24,186.4200112612612,NHL NTE200,NHL NTE200_82,1901
2025,Декабрь 2025,17.43,2507698.9,982015.33,183.7621910112358,NHL NTE200,NHL NTE200_83,1902
2025,Декабрь 2025,17.58,2293220.95,879238.57,178.55162031938332,NHL NTE200,NHL NTE200_84,1903
2025,Декабрь 2025,17.6,2622855.85,992141.95,186.721394366197,NHL NTE200,NHL NTE200_85,1909
2025,Декабрь 2025,16.55,2349473.95,674213.99,181.5318736049108,NHL NTE200,NHL NTE200_86,1924
2025,Декабрь 2025,16.72,1359535.96,908244.69,185.73264262820496,NHL NTE200,NHL NTE200_87,1913
2025,Декабрь 2025,18.15,2395252.84,949957.05,169.94421814671813,NHL NTE200,NHL NTE200_88,1946
2025,Декабрь 2025,18.02,2493184.83,975120.06,181.17670215008442,NHL NTE200,NHL NTE200_89,1927
2025,Декабрь 2025,17.8,2625725.7,998464.52,185.39528385416648,NHL NTE200,NTE200_79,1887
2025,Декабрь 2025,17.36,2458304.46,966917.98,184.9445452528837,NHL NTE200,NTE200_80,1888
2025,Декабрь 2025,17.66,2486820,958231.06,183.19232841007775,NHL NTE200,NTE200_81,1883
2026,Январь 2026,17.09,2348966.32,871316.26,187.32511678403722,KOMATSU 730-E,730E_13,501
2026,Январь 2026,16.2,2491388.77,787865.99,184.89886482939622,KOMATSU 730-E,730E_14,502
2026,Январь 2026,16.87,2336700.63,853604.81,186.34695363849815,KOMATSU 730-E,730E_15,503
2026,Январь 2026,15.98,2158232.19,873441.07,187.80933593749975,KOMATSU 730-E,730E_16,504
2026,Январь 2026,16.19,2209451.5,811654.17,186.90442791334632,KOMATSU 730-E,730E_17,505
2026,Январь 2026,16.77,2204278.87,905493.5,187.58790142785526,KOMATSU 730-E,730E_18,506
2026,Январь 2026,15.96,2180285.17,836765.79,186.85661453077668,KOMATSU 730-E,730E_19,507
2026,Январь 2026,16.5,2181360.38,834710.24,186.01026543674632,KOMATSU 730-E,730E_20,508
2026,Январь 2026,16.5,1589075.44,587006.91,183.12424864314772,KOMATSU 730-E,730E_21,509
2026,Январь 2026,16.64,2248851.01,856637.76,186.33980975609742,KOMATSU 730-E,730E_22,510
2026,Январь 2026,16.22,2176913.91,864205.52,186.75614015151586,KOMATSU 730-E,730E_23,511
2026,Январь 2026,16.53,2564616.23,816849.11,185.06093564146136,KOMATSU 730-E,730E_24,512
2026,Январь 2026,16.58,2219000,895955.29,187.3389798707752,KOMATSU 730-E,730E_25,513
2026,Январь 2026,15.73,1593016.04,860582.47,187.3923173476453,KOMATSU 730-E,730E_26,514
2026,Январь 2026,15.93,1973834.94,815832.81,185.23842610497252,KOMATSU 730-E,730E_27,515
2026,Январь 2026,16.38,2077333.91,870769.43,187.29416069532948,KOMATSU 730-E,730E_28,516
2026,Январь 2026,16.08,1836095.25,839020.24,186.53389503588508,KOMATSU 730-E,730E_29,517
2026,Январь 2026,16.51,1186586.21,895900.58,181.91074909747272,KOMATSU 730-E,730E_37,864
2026,Январь 2026,16.24,2153371.71,897539.06,190.70813803441115,KOMATSU 730-E,730E_38,865
2026,Январь 2026,16.6,1696375.8,874809.89,182.14380847029096,KOMATSU 730-E,730E_39,866
2026,Январь 2026,16.13,1836672.27,909192.21,188.39534269323664,KOMATSU 730-E,730E_40,867
2026,Январь 2026,18.44,2118555.35,1002298.85,188.80597914480566,NHL NTE200,NHL NTE200_43,1415
2026,Январь 2026,17.86,2464705.59,1010929.35,189.78346271532172,NHL NTE200,NHL NTE200_44,1416
2026,Январь 2026,17.9,2464842.87,1037924.65,185.9172463365899,NHL NTE200,NHL NTE200_45,1417
2026,Январь 2026,17.17,2509335.56,952154.71,183.5673126614988,NHL NTE200,NHL NTE200_46,1418
2026,Январь 2026,16.74,2225725.94,984058.86,188.46885157028902,NHL NTE200,NHL NTE200_47,1419
2026,Январь 2026,17.53,2326943.25,974795.15,187.3277695497629,NHL NTE200,NHL NTE200_48,1420
2026,Январь 2026,17.72,2565410.33,1019452,191.1264605263155,NHL NTE200,NHL NTE200_49,1445
2026,Январь 2026,18.59,2468183.62,1014553.94,188.34371406109597,NHL NTE200,NHL NTE200_50,1446
2026,Январь 2026,17.59,2431614,1002508.81,186.72752373417705,NHL NTE200,NHL NTE200_51,1447
2026,Январь 2026,17.71,2624682.17,1014269.76,189.71762712765945,NHL NTE200,NHL NTE200_52,1448
2026,Январь 2026,18.05,2456497.74,997687.71,183.6567385398291,NHL NTE200,NHL NTE200_53,1449
2026,Январь 2026,17.93,2437968.84,998179.97,187.04640187443553,NHL NTE200,NHL NTE200_54,1450
2026,Январь 2026,17.25,2466479.07,939052.71,187.20445431188568,NHL NTE200,NHL NTE200_55,1481
2026,Январь 2026,17.88,2608969.54,946944.71,190.85591244078375,NHL NTE200,NHL NTE200_56,1490
2026,Январь 2026,17.59,2512508.22,1020450.99,188.17558145943562,NHL NTE200,NHL NTE200_57,1491
2026,Январь 2026,16.92,2043233.87,894719.54,188.21576057483756,NHL NTE200,NHL NTE200_58,1496
2026,Январь 2026,18.97,2561599.78,1034892.02,190.00919596069843,NHL NTE200,NHL NTE200_59,1497
2026,Январь 2026,17.72,2284962.2,1002836.13,186.78083012512016,NHL NTE200,NHL NTE200_60,1498
2026,Январь 2026,18.02,2683677.15,1025254.34,190.57587322324397,NHL NTE200,NHL NTE200_61,1499
2026,Январь 2026,17.63,2503609.43,1008959.73,188.84131549733596,NHL NTE200,NHL NTE200_62,1533
2026,Январь 2026,17.38,2383093.21,1003834.37,188.10380750464674,NHL NTE200,NHL NTE200_63,1634
2026,Январь 2026,17.47,2488709.58,1015309.92,187.5508911934338,NHL NTE200,NHL NTE200_64,1635
2026,Январь 2026,17.84,2485889.43,1002348.33,186.8410044247787,NHL NTE200,NHL NTE200_65,1636
2026,Январь 2026,18.1,2589132.92,1023948.6,189.24179055507727,NHL NTE200,NHL NTE200_66,1641
2026,Январь 2026,17.94,2477419.54,1026579.89,187.29754122103344,NHL NTE200,NHL NTE200_67,1642
2026,Январь 2026,17.09,2400149.72,971542.83,187.1885514233243,NHL NTE200,NHL NTE200_68,1644
2026,Январь 2026,17.47,2410880.15,978818.07,188.37137419503213,NHL NTE200,NHL NTE200_69,1645
2026,Январь 2026,18.1,2463609.01,1019092.1,189.35567929864254,NHL NTE200,NHL NTE200_70,1647
2026,Январь 2026,17.55,2534148.56,1021608.37,190.29978393015034,NHL NTE200,NHL NTE200_71,1656
2026,Январь 2026,17.86,2458117.23,998195.57,185.57475611111101,NHL NTE200,NHL NTE200_72,1671
2026,Январь 2026,18.3,2448790.05,1002800.42,186.69607607719945,NHL NTE200,NHL NTE200_73,1672
2026,Январь 2026,17.73,2573713.93,1024063.39,190.24317014795488,NHL NTE200,NHL NTE200_74,1683
2026,Январь 2026,17.4,2502369.86,980496.89,187.9133885941642,NHL NTE200,NHL NTE200_75,1687
2026,Январь 2026,17.62,2254321.39,983192.35,183.3935943486586,NHL NTE200,NHL NTE200_76,1689
2026,Январь 2026,18.01,2573945.66,999101.42,189.27193398268386,NHL NTE200,NHL NTE200_77,1691
2026,Январь 2026,18.18,2585529.26,1029816.37,188.00761665239716,NHL NTE200,NHL NTE200_78,1698
2026,Январь 2026,17.64,2548427.23,991994.33,190.86575341710744,NHL NTE200,NHL NTE200_82,1901
2026,Январь 2026,17.6,2521576.61,987337.78,189.52327544247763,NHL NTE200,NHL NTE200_83,1902
2026,Январь 2026,17.39,2507314.83,981243.07,191.67419104410428,NHL NTE200,NHL NTE200_84,1903
2026,Январь 2026,17.48,2543648.9,1000841.07,189.6715836259875,NHL NTE200,NHL NTE200_85,1909
2026,Январь 2026,17.09,2266580.21,962203.36,182.29552320075732,NHL NTE200,NHL NTE200_86,1924
2026,Январь 2026,17.54,2497000.43,995346.83,186.84934691629942,NHL NTE200,NHL NTE200_87,1913
2026,Январь 2026,18.11,2607467.67,1012758.49,190.74604489664065,NHL NTE200,NHL NTE200_88,1946
2026,Январь 2026,17.79,2511077.08,1009239.57,189.5729427777778,NHL NTE200,NHL NTE200_89,1927
2026,Январь 2026,17.6,2520919.08,1005621.25,189.13909562720832,NHL NTE200,NTE200_79,1887
2026,Январь 2026,17.89,2563436.24,1014839.74,189.9794960732983,NHL NTE200,NTE200_80,1888
2026,Январь 2026,17.55,2454211.03,989901.62,188.1225998420575,NHL NTE200,NTE200_81,1883
2026,Февраль 2026,17.49,1684918.41,879054.48,187.81289592161008,KOMATSU 730-E,730E_13,501
2026,Февраль 2026,16.08,2257563.46,804875.5,187.83421039765324,KOMATSU 730-E,730E_14,502
2026,Февраль 2026,16.53,2309222.01,826944.7,186.47352450980415,KOMATSU 730-E,730E_15,503
2026,Февраль 2026,16.23,1401948.61,826108.04,187.6183313223938,KOMATSU 730-E,730E_16,504
2026,Февраль 2026,16.4,2249365.74,831742.69,188.45628551136352,KOMATSU 730-E,730E_17,505
2026,Февраль 2026,16.11,1503047.79,802543.42,187.12568946188352,KOMATSU 730-E,730E_18,506
2026,Февраль 2026,16.19,1939641.14,819563.2,188.41225087412548,KOMATSU 730-E,730E_19,507
2026,Февраль 2026,16.69,2118989.92,841355.56,187.75468487394963,KOMATSU 730-E,730E_20,508
2026,Февраль 2026,16.45,2220733.27,831699.07,188.507030809859,KOMATSU 730-E,730E_21,509
2026,Февраль 2026,16.86,2450703.72,832273.81,186.38226183431925,KOMATSU 730-E,730E_22,510
2026,Февраль 2026,15.72,2206127.85,799253.65,187.0254847873905,KOMATSU 730-E,730E_23,511
2026,Февраль 2026,16.04,2653355.11,755552.73,186.27974243721468,KOMATSU 730-E,730E_24,512
2026,Февраль 2026,16.41,2483288.2,828298.33,187.0956650439699,KOMATSU 730-E,730E_25,513
2026,Февраль 2026,16,2060369.75,837672.45,188.9127917310661,KOMATSU 730-E,730E_26,514
2026,Февраль 2026,16.79,2030150.04,850668.56,184.833401497696,KOMATSU 730-E,730E_27,515
2026,Февраль 2026,16.34,2307495.72,839758.01,188.440341997264,KOMATSU 730-E,730E_28,516
2026,Февраль 2026,15.51,2237755.39,807752.02,188.04152063599432,KOMATSU 730-E,730E_29,517
2026,Февраль 2026,17.96,2235048.6,867116.98,182.55711605890582,KOMATSU 730-E,730E_37,864
2026,Февраль 2026,16.85,2012939.51,856532.24,191.3010490126941,KOMATSU 730-E,730E_38,865
2026,Февраль 2026,16.64,2138653.83,836165.92,181.97905435528148,KOMATSU 730-E,730E_39,866
2026,Февраль 2026,16.82,1992782.68,859637.94,188.9451774296674,KOMATSU 730-E,730E_40,867
2026,Февраль 2026,17.69,2641311.78,949307.12,188.22996201261452,NHL NTE200,NHL NTE200_43,1415
2026,Февраль 2026,17.76,2542670.94,958148.14,189.25322392638014,NHL NTE200,NHL NTE200_44,1416
2026,Февраль 2026,17.76,2576281.42,953326,184.6476005096265,NHL NTE200,NHL NTE200_45,1417
2026,Февраль 2026,17.65,2414829.89,930431.13,182.34382175925936,NHL NTE200,NHL NTE200_46,1418
2026,Февраль 2026,17.21,2515292.86,937072.7,187.04137619474318,NHL NTE200,NHL NTE200_47,1419
2026,Февраль 2026,17.79,2431298.36,923759.56,187.30106472646293,NHL NTE200,NHL NTE200_48,1420
2026,Февраль 2026,17.21,2475371.32,925679.81,190.7558656881313,NHL NTE200,NHL NTE200_49,1445
2026,Февраль 2026,17.55,2440034.58,935894.45,187.2098277496841,NHL NTE200,NHL NTE200_50,1446
2026,Февраль 2026,17,2426125.98,908990.95,185.38750257125085,NHL NTE200,NHL NTE200_51,1447
2026,Февраль 2026,16.98,2224253.95,934355.76,188.96249468838514,NHL NTE200,NHL NTE200_52,1448
2026,Февраль 2026,18.09,2584861.2,916416.01,183.7903337845592,NHL NTE200,NHL NTE200_53,1449
2026,Февраль 2026,18.49,2577936.11,963782.87,186.07417977855457,NHL NTE200,NHL NTE200_54,1450
2026,Февраль 2026,17.06,2413722.53,864703.77,185.75999917654806,NHL NTE200,NHL NTE200_55,1481
2026,Февраль 2026,17.37,2557082.5,915909.77,191.45239002478314,NHL NTE200,NHL NTE200_56,1490
2026,Февраль 2026,17.91,2145774.34,960328.15,187.36174866329463,NHL NTE200,NHL NTE200_57,1491
2026,Февраль 2026,17.9,1971507.17,698058.7,187.6927722267539,NHL NTE200,NHL NTE200_58,1496
2026,Февраль 2026,17.63,2399982.85,936582.88,189.3052104037267,NHL NTE200,NHL NTE200_59,1497
2026,Февраль 2026,17.92,2522474.59,948949.79,186.28861554373498,NHL NTE200,NHL NTE200_60,1498
2026,Февраль 2026,17.36,2600518.64,941592.8,190.0397125149339,NHL NTE200,NHL NTE200_61,1499
2026,Февраль 2026,17.08,2497751.93,921485.86,189.52191088516744,NHL NTE200,NHL NTE200_62,1533
2026,Февраль 2026,17.97,2618532.55,931846.16,187.82182052414586,NHL NTE200,NHL NTE200_63,1634
2026,Февраль 2026,17.96,2641102.75,952722.55,187.1337463704991,NHL NTE200,NHL NTE200_64,1635
2026,Февраль 2026,18.27,2535773.19,925221.8,187.02841084123222,NHL NTE200,NHL NTE200_65,1636
2026,Февраль 2026,18.23,2598849.98,917819.76,188.20671748554886,NHL NTE200,NHL NTE200_66,1641
2026,Февраль 2026,17.82,2493076.31,951249.6,186.69042106807527,NHL NTE200,NHL NTE200_67,1642
2026,Февраль 2026,18.16,2560603.52,927491.31,186.98556437125745,NHL NTE200,NHL NTE200_68,1644
2026,Февраль 2026,17.36,2451137,914447.54,187.70444550561794,NHL NTE200,NHL NTE200_69,1645
2026,Февраль 2026,17.98,2570752.93,917829.26,189.56284503631954,NHL NTE200,NHL NTE200_70,1647
2026,Февраль 2026,17.29,2585798.19,942924.25,188.40793947688573,NHL NTE200,NHL NTE200_71,1656
2026,Февраль 2026,17.28,2483812.91,911572.02,184.5864675870348,NHL NTE200,NHL NTE200_72,1671
2026,Февраль 2026,18.16,2437317.89,954251.42,185.9765688451778,NHL NTE200,NHL NTE200_73,1672
2026,Февраль 2026,17.22,2556187.24,928909.25,190.55780841260392,NHL NTE200,NHL NTE200_74,1683
2026,Февраль 2026,17.28,2548205.52,949933.79,187.88070784023654,NHL NTE200,NHL NTE200_75,1687
2026,Февраль 2026,17.53,2335967.66,909911.26,183.07395833333334,NHL NTE200,NHL NTE200_76,1689
2026,Февраль 2026,18.44,2548334.09,955348.37,190.6310693772673,NHL NTE200,NHL NTE200_77,1691
2026,Февраль 2026,17.86,2582768.56,949442.05,187.86220398509184,NHL NTE200,NHL NTE200_78,1698
2026,Февраль 2026,17.62,2570971.26,943635.14,190.52826167076174,NHL NTE200,NHL NTE200_82,1901
2026,Февраль 2026,17.13,2270940.38,906421.89,188.73546246648795,NHL NTE200,NHL NTE200_83,1902
2026,Февраль 2026,17.07,2564894.52,950631.75,190.80608063549158,NHL NTE200,NHL NTE200_84,1903
2026,Февраль 2026,17.76,2597593.73,955330.05,189.301387889688,NHL NTE200,NHL NTE200_85,1909
2026,Февраль 2026,16.9,2356289.4,883425.39,181.47820854350581,NHL NTE200,NHL NTE200_86,1924
2026,Февраль 2026,16.91,2550237.7,918603.54,186.90971889952124,NHL NTE200,NHL NTE200_87,1913
2026,Февраль 2026,17.17,2391738.92,928864.91,189.32044079634477,NHL NTE200,NHL NTE200_88,1946
2026,Февраль 2026,17.41,2633138.11,961191.1,192.11230161097888,NHL NTE200,NHL NTE200_89,1927
2026,Февраль 2026,17.55,2704269.98,940775.31,188.32199452764996,NHL NTE200,NTE200_79,1887
2026,Февраль 2026,18.1,2664308.95,947611.96,189.49348699421947,NHL NTE200,NTE200_80,1888
2026,Февраль 2026,17.27,2581646.73,923595.35,187.25059702591292,NHL NTE200,NTE200_81,1883
2026,Март 2026,17.02,2193585.51,979285.77,190.69040202149372,KOMATSU 730-E,730E_13,501
2026,Март 2026,15.86,2240543.39,920191.5,189.15777994532814,KOMATSU 730-E,730E_14,502
2026,Март 2026,16.79,2311330.21,949024.43,187.58864675655965,KOMATSU 730-E,730E_15,503
2026,Март 2026,16.41,2123066.58,922500.65,190.20595357331203,KOMATSU 730-E,730E_16,504
2026,Март 2026,16.41,1737047.44,965719.61,192.34687988917818,KOMATSU 730-E,730E_17,505
2026,Март 2026,16.96,2472132.16,955011.28,189.83897773508232,KOMATSU 730-E,730E_18,506
2026,Март 2026,16.65,968234.4,916636,181.93275873893816,KOMATSU 730-E,730E_19,507
2026,Март 2026,16.14,2016317.4,953330.76,189.43459652931327,KOMATSU 730-E,730E_20,508
2026,Март 2026,16.15,2198331.93,937932.48,190.51800334183622,KOMATSU 730-E,730E_21,509
2026,Март 2026,16.4,2351972.22,926775.45,187.9177281632172,KOMATSU 730-E,730E_22,510
2026,Март 2026,15.8,2348737.79,903958.26,188.72454056291443,KOMATSU 730-E,730E_23,511
2026,Март 2026,16.64,1689877.85,919620.29,188.59904319973717,KOMATSU 730-E,730E_24,512
2026,Март 2026,16.47,2213912.16,976547.56,189.738542640011,KOMATSU 730-E,730E_25,513
2026,Март 2026,15.89,2088536.18,940986.58,190.12060526527253,KOMATSU 730-E,730E_26,514
2026,Март 2026,16.59,2373408.32,938311.34,187.1654085422475,KOMATSU 730-E,730E_27,515
2026,Март 2026,16.3,2283730.48,958497.96,188.67769578064193,KOMATSU 730-E,730E_28,516
2026,Март 2026,17.21,1831337.77,909343.7,178.98535783947068,KOMATSU 730-E,730E_29,517
2026,Март 2026,17.17,1985710.81,913660.47,182.52100817775968,KOMATSU 730-E,730E_37,864
2026,Март 2026,16.67,1402005.4,1006117.36,194.5660634293303,KOMATSU 730-E,730E_38,865
2026,Март 2026,16.2,2124349.32,914924.03,184.2943707482129,KOMATSU 730-E,730E_39,866
2026,Март 2026,16.22,2080240.72,957892.67,192.66955171755674,KOMATSU 730-E,730E_40,867
2026,Март 2026,17.45,450263.13,220652.68,172.25912725225223,KOMATSU 730-E,730E_41,868
2026,Март 2026,17.57,2610259.9,1056651.41,190.45816693513734,NHL NTE200,NHL NTE200_43,1415
2026,Март 2026,18.02,2670424.03,1081113.54,191.23367368254628,NHL NTE200,NHL NTE200_44,1416
2026,Март 2026,18,2444037.78,1037759.3,186.1666474215246,NHL NTE200,NHL NTE200_45,1417
2026,Март 2026,17.4,2526173.54,1019374.23,185.43796461754528,NHL NTE200,NHL NTE200_46,1418
2026,Март 2026,17.25,644806.64,915196.7,169.5492240712076,NHL NTE200,NHL NTE200_47,1419
2026,Март 2026,17.58,2329009.1,1048459.82,188.5664938214964,NHL NTE200,NHL NTE200_48,1420
2026,Март 2026,17.54,2596290.6,1066198.12,193.42708124451735,NHL NTE200,NHL NTE200_49,1445
2026,Март 2026,17.48,2683553.65,1037244.28,189.14378053941869,NHL NTE200,NHL NTE200_50,1446
2026,Март 2026,17.1,2695285.47,968069.18,187.02177782883982,NHL NTE200,NHL NTE200_51,1447
2026,Март 2026,17.5,2535390.2,1035711.72,189.88933878417095,NHL NTE200,NHL NTE200_52,1448
2026,Март 2026,17.81,2127637.38,1005447.05,184.7683525817963,NHL NTE200,NHL NTE200_53,1449
2026,Март 2026,17.82,2635572.87,1027291.13,186.69155553065036,NHL NTE200,NHL NTE200_54,1450
2026,Март 2026,16.53,2541252.31,948353.19,186.70621786872832,NHL NTE200,NHL NTE200_55,1481
2026,Март 2026,17.87,2751603.77,1049535.1,193.4584887468957,NHL NTE200,NHL NTE200_56,1490
2026,Март 2026,18.12,2643885.63,1058045.76,188.53836335537338,NHL NTE200,NHL NTE200_57,1491
2026,Март 2026,16.75,2410894.78,945837.53,187.16720904936008,NHL NTE200,NHL NTE200_58,1496
2026,Март 2026,17.44,2615362.79,1022544.6,188.61946541487063,NHL NTE200,NHL NTE200_59,1497
2026,Март 2026,18.26,2648772.73,1063058.32,187.47021629687518,NHL NTE200,NHL NTE200_60,1498
2026,Март 2026,18.63,2747548.49,1098156,190.33722110522038,NHL NTE200,NHL NTE200_61,1499
2026,Март 2026,16.57,2639101.14,1005974.26,190.2740544991508,NHL NTE200,NHL NTE200_62,1533
2026,Март 2026,17.9,2580811.09,1053092.81,188.95877146012947,NHL NTE200,NHL NTE200_63,1634
2026,Март 2026,17.83,2601981.73,1046223.58,188.07679065957421,NHL NTE200,NHL NTE200_64,1635
2026,Март 2026,17.8,2524742.94,1020198.53,188.925305743392,NHL NTE200,NHL NTE200_65,1636
2026,Март 2026,17.47,2323397.52,1008876.96,190.10563829479773,NHL NTE200,NHL NTE200_66,1641
2026,Март 2026,16.98,2470599.45,1006446.68,188.0212669130822,NHL NTE200,NHL NTE200_67,1642
2026,Март 2026,17.65,2597519.33,1010376.52,188.2348384172356,NHL NTE200,NHL NTE200_68,1644
2026,Март 2026,17.94,2504616.47,1064778.59,188.7496459239131,NHL NTE200,NHL NTE200_69,1645
2026,Март 2026,18.23,2639818.99,1053680.98,190.1643806509751,NHL NTE200,NHL NTE200_70,1647
2026,Март 2026,17.82,2594005.18,1056274.43,190.58197991998247,NHL NTE200,NHL NTE200_71,1656
2026,Март 2026,18.12,2603124.02,1015175.12,184.54694964002496,NHL NTE200,NHL NTE200_72,1671
2026,Март 2026,17.82,2576695.1,1041207.95,187.6914143309705,NHL NTE200,NHL NTE200_73,1672
2026,Март 2026,17.82,2677627.27,1053233.89,192.2357726912508,NHL NTE200,NHL NTE200_74,1683
2026,Март 2026,17.12,2430882.99,1019606.33,188.20287625341797,NHL NTE200,NHL NTE200_75,1687
2026,Март 2026,16.88,2329292.47,946371.38,184.71551742530306,NHL NTE200,NHL NTE200_76,1689
2026,Март 2026,17.19,2428772.83,1031581.69,189.4208781221303,NHL NTE200,NHL NTE200_77,1691
2026,Март 2026,17.36,2507396.53,1012996.27,189.12696785079888,NHL NTE200,NHL NTE200_78,1698
2026,Март 2026,16.92,2407007.81,1028227.56,191.41460684105763,NHL NTE200,NHL NTE200_82,1901
2026,Март 2026,17.56,1586852.62,1021430.89,190.89771069405126,NHL NTE200,NHL NTE200_83,1902
2026,Март 2026,17.5,2602491.78,1038660.48,190.710568043572,NHL NTE200,NHL NTE200_84,1903
2026,Март 2026,17.08,2418589.75,1041987.46,191.6179772329755,NHL NTE200,NHL NTE200_85,1909
2026,Март 2026,17,2327893.71,970110.9,183.23588582599604,NHL NTE200,NHL NTE200_86,1924
2026,Март 2026,17.55,2666560.59,1022447.43,187.94606525933577,NHL NTE200,NHL NTE200_87,1913
2026,Март 2026,17.42,2649632.92,1013315.08,190.5481084726922,NHL NTE200,NHL NTE200_88,1946
2026,Март 2026,17.38,2745732.92,1032436.63,190.99036422502041,NHL NTE200,NHL NTE200_89,1927
2026,Март 2026,17.38,2584160.42,1036569.02,189.69458819144324,NHL NTE200,NTE200_79,1887
2026,Март 2026,17.01,2493442.13,1021629.23,190.95743695897175,NHL NTE200,NTE200_80,1888
2026,Март 2026,17.18,2372763.56,1024070.23,189.7574240819205,NHL NTE200,NTE200_81,1883
2026,Апрель 2026,15.89,1900074.18,768736.12,185.2556114076708,KOMATSU 730-E,730E_13,501
2026,Апрель 2026,15.25,2330613.35,779750.12,186.13669937332983,KOMATSU 730-E,730E_14,502
2026,Апрель 2026,15.59,2370215.49,774662.4,184.43898830979754,KOMATSU 730-E,730E_15,503
2026,Апрель 2026,15.19,2438906.77,805786.47,187.32482349031145,KOMATSU 730-E,730E_16,504
2026,Апрель 2026,14.78,1848179.09,775368.32,187.3301317107375,KOMATSU 730-E,730E_17,505
2026,Апрель 2026,15.52,2346709.17,799132.31,186.28338315251523,KOMATSU 730-E,730E_18,506
2026,Апрель 2026,14.83,2304635.46,771491.57,186.98571298326024,KOMATSU 730-E,730E_19,507
2026,Апрель 2026,14.73,2348719.44,719793.47,184.01722379427576,KOMATSU 730-E,730E_20,508
2026,Апрель 2026,15.29,2075841.8,824225.85,187.90433260617868,KOMATSU 730-E,730E_21,509
2026,Апрель 2026,14.85,2363653.93,738283,184.3514687921726,KOMATSU 730-E,730E_22,510
2026,Апрель 2026,14.33,1398292.99,765145.62,186.2374432303007,KOMATSU 730-E,730E_23,511
2026,Апрель 2026,15.09,2246028.47,803481.58,187.2361844525006,KOMATSU 730-E,730E_24,512
2026,Апрель 2026,15.35,2353890.06,815203.7,186.41916754221356,KOMATSU 730-E,730E_25,513
2026,Апрель 2026,15.01,2360580.83,794478.41,185.48636954136293,KOMATSU 730-E,730E_26,514
2026,Апрель 2026,15.33,1989247.7,822641.02,186.52030919297502,KOMATSU 730-E,730E_27,515
2026,Апрель 2026,14.7,2420721.67,743313.17,185.2587924883394,KOMATSU 730-E,730E_28,516
2026,Апрель 2026,14.98,2020023.68,818055.28,187.96778563127933,KOMATSU 730-E,730E_29,517
2026,Апрель 2026,15.04,891641.07,813884.64,181.53171457964456,KOMATSU 730-E,730E_37,864
2026,Апрель 2026,15.72,2338401.59,841724.58,189.9697287328055,KOMATSU 730-E,730E_38,865
2026,Апрель 2026,15.48,2374052.87,783418.51,184.08829052109593,KOMATSU 730-E,730E_39,866
2026,Апрель 2026,15.53,874144.58,704489.85,170.51611990950215,KOMATSU 730-E,730E_40,867
2026,Апрель 2026,15.77,2488833.93,838378.22,188.88600330678278,KOMATSU 730-E,730E_41,868
2026,Апрель 2026,15.23,2400521.25,865297.65,187.36293218380155,NHL NTE200,NHL NTE200_43,1415
2026,Апрель 2026,15.45,1387079.24,899532.31,189.63240637651796,NHL NTE200,NHL NTE200_44,1416
2026,Апрель 2026,15.65,2380394.12,886269.38,184.26876608663275,NHL NTE200,NHL NTE200_45,1417
2026,Апрель 2026,15.49,1328635.12,852797.96,183.78260339831414,NHL NTE200,NHL NTE200_46,1418
2026,Апрель 2026,15.09,2280228.52,862220.84,185.7008121479822,NHL NTE200,NHL NTE200_47,1419
2026,Апрель 2026,15.58,2276517.48,856418,188.181576257246,NHL NTE200,NHL NTE200_49,1445
2026,Апрель 2026,15.53,2331018.79,874004.52,186.6207371160191,NHL NTE200,NHL NTE200_50,1446
2026,Апрель 2026,14.74,2251885.49,835352.24,185.7944728552299,NHL NTE200,NHL NTE200_51,1447
2026,Апрель 2026,15.56,2388999.57,859775.66,187.79221934979918,NHL NTE200,NHL NTE200_52,1448
2026,Апрель 2026,15.85,1709060.4,862100.54,181.6769028073379,NHL NTE200,NHL NTE200_53,1449
2026,Апрель 2026,15.63,1939516.14,862908.65,184.01510606197104,NHL NTE200,NHL NTE200_54,1450
2026,Апрель 2026,15.57,2357175.54,809395.5,183.61757912370504,NHL NTE200,NHL NTE200_55,1481
2026,Апрель 2026,16.19,2572327.99,869591.64,189.0495056873611,NHL NTE200,NHL NTE200_56,1490
2026,Апрель 2026,15.93,2418619.86,897765.11,186.10140294300098,NHL NTE200,NHL NTE200_57,1491
2026,Апрель 2026,15.66,2356699.98,873225.51,184.99391017861626,NHL NTE200,NHL NTE200_58,1496
2026,Апрель 2026,15.61,2288769.77,873177.05,184.788137363996,NHL NTE200,NHL NTE200_59,1497
2026,Апрель 2026,15.86,2389005.51,885137.96,184.3767518171524,NHL NTE200,NHL NTE200_60,1498
2026,Апрель 2026,15.77,2463923.36,898769.84,187.36998744057905,NHL NTE200,NHL NTE200_61,1499
2026,Апрель 2026,15.73,2419451.01,883497.79,186.56050770205704,NHL NTE200,NHL NTE200_62,1533
2026,Апрель 2026,15.78,2428251.66,889309.38,186.12633244790518,NHL NTE200,NHL NTE200_63,1634
2026,Апрель 2026,16.03,2473264.96,893617.62,185.02931450283725,NHL NTE200,NHL NTE200_64,1635
2026,Апрель 2026,15.6,2346274.75,855004.32,185.91442562787964,NHL NTE200,NHL NTE200_65,1636
2026,Апрель 2026,15.78,2382802.08,878871.32,186.68867908885443,NHL NTE200,NHL NTE200_66,1641
2026,Апрель 2026,15.55,2396897.44,883238.05,185.9719932312348,NHL NTE200,NHL NTE200_67,1642
2026,Апрель 2026,15.79,2381368.45,895952.99,186.02407566943336,NHL NTE200,NHL NTE200_68,1644
2026,Апрель 2026,15.83,1643724.68,878179.33,186.03728494262157,NHL NTE200,NHL NTE200_69,1645
2026,Апрель 2026,15.85,2384568.58,885806.99,186.79937752955277,NHL NTE200,NHL NTE200_70,1647
2026,Апрель 2026,15.7,2365637.29,893244.27,186.60121516907688,NHL NTE200,NHL NTE200_71,1656
2026,Апрель 2026,15.88,1838446.66,877258.21,181.77632336095166,NHL NTE200,NHL NTE200_72,1671
2026,Апрель 2026,16,2142597.5,880392.59,184.97088205672608,NHL NTE200,NHL NTE200_73,1672
2026,Апрель 2026,15.31,2431155.61,885192.97,188.97301791191273,NHL NTE200,NHL NTE200_74,1683
2026,Апрель 2026,15.43,2336709.8,865526.55,184.8207690745741,NHL NTE200,NHL NTE200_75,1687
2026,Апрель 2026,15.4,2347211.05,842331.56,180.59337730150668,NHL NTE200,NHL NTE200_76,1689
2026,Апрель 2026,15.59,2364687.24,872726.65,186.1544507533449,NHL NTE200,NHL NTE200_77,1691
2026,Апрель 2026,15.93,2431593.65,889273.06,186.93656453355675,NHL NTE200,NHL NTE200_78,1698
2026,Апрель 2026,15.54,2404945.89,873062.44,188.23748581336707,NHL NTE200,NHL NTE200_82,1901
2026,Апрель 2026,15.39,2328451.61,872229.62,187.23933654480217,NHL NTE200,NHL NTE200_83,1902
2026,Апрель 2026,15.72,2437486.63,883654.52,188.27367396960585,NHL NTE200,NHL NTE200_84,1903
2026,Апрель 2026,15.31,2451947.67,873750.85,188.85534486209153,NHL NTE200,NHL NTE200_85,1909
2026,Апрель 2026,15.24,2225697.89,824819.27,180.7393035416667,NHL NTE200,NHL NTE200_86,1924
2026,Апрель 2026,15.57,2411014.1,872074.44,185.1930381919202,NHL NTE200,NHL NTE200_87,1913
2026,Апрель 2026,15.4,2396538.3,834814.77,187.5509053019062,NHL NTE200,NHL NTE200_88,1946
2026,Апрель 2026,15.45,2444770.84,860703.81,188.13778594949267,NHL NTE200,NHL NTE200_89,1927
2026,Апрель 2026,15.25,2338453.13,866914.9,187.15605124738428,NHL NTE200,NTE200_79,1887
2026,Апрель 2026,15.26,2289246.78,871340.87,187.0683461894225,NHL NTE200,NTE200_80,1888
2026,Апрель 2026,15.61,2379701.81,860325.12,186.09498659898222,NHL NTE200,NTE200_81,1883
2026,Май 2026,15.08,2595951.31,876130.68,187.7074526296747,KOMATSU 730-E,730E_13,501
2026,Май 2026,14.5,2303321.15,853103.19,187.48627587272173,KOMATSU 730-E,730E_14,502
2026,Май 2026,14.84,2166293.2,873501.77,186.01191976127393,KOMATSU 730-E,730E_15,503
2026,Май 2026,14.13,2310293.67,853180.85,188.27780796398352,KOMATSU 730-E,730E_16,504
2026,Май 2026,14.26,2101183.12,876669.8,189.19567021520194,KOMATSU 730-E,730E_17,505
2026,Май 2026,14.91,2547738.22,887701.19,187.4106662940453,KOMATSU 730-E,730E_18,506
2026,Май 2026,14.53,2420069.13,851343.61,188.27191231160705,KOMATSU 730-E,730E_19,507
2026,Май 2026,14.45,2489749.86,810839.43,186.6788670244483,KOMATSU 730-E,730E_20,508
2026,Май 2026,14.42,2110234.37,876957.25,188.30649970184842,KOMATSU 730-E,730E_21,509
2026,Май 2026,14.75,2057283.98,873500.04,186.7245997939812,KOMATSU 730-E,730E_22,510
2026,Май 2026,14.51,2206402.87,884192.96,188.6599798893921,KOMATSU 730-E,730E_23,511
2026,Май 2026,14.52,2535569.53,857177.04,187.77645092676994,KOMATSU 730-E,730E_24,512
2026,Май 2026,14.84,2191496.53,891987.33,188.77241285845986,KOMATSU 730-E,730E_25,513
2026,Май 2026,14.27,2409837.6,838594.21,186.4897092381305,KOMATSU 730-E,730E_26,514
2026,Май 2026,14.99,1765243.55,929856.23,189.30308584766476,KOMATSU 730-E,730E_27,515
2026,Май 2026,14.47,2445922.24,873599.25,186.9590179826476,KOMATSU 730-E,730E_28,516
2026,Май 2026,14.22,2473506.82,851943.15,187.6773296976656,KOMATSU 730-E,730E_29,517
2026,Май 2026,15,2609122.47,815744.22,182.48713051994298,KOMATSU 730-E,730E_37,864
2026,Май 2026,14.73,2508084.13,893912.78,191.84514696083482,KOMATSU 730-E,730E_38,865
2026,Май 2026,14.49,2256914.13,797444.87,182.13405076405078,KOMATSU 730-E,730E_39,866
2026,Май 2026,14.85,2371877.84,910471.83,189.84864388599496,KOMATSU 730-E,730E_40,867
2026,Май 2026,14.95,2582346.65,934725.02,190.02525849677764,KOMATSU 730-E,730E_41,868
2026,Май 2026,14.78,2430793.91,956274.08,187.5705947055807,NHL NTE200,NHL NTE200_43,1415
2026,Май 2026,15.09,2524408.35,965169.04,188.81736135682797,NHL NTE200,NHL NTE200_44,1416
2026,Май 2026,14.79,2305201.12,954332.41,184.51221362463951,NHL NTE200,NHL NTE200_45,1417
2026,Май 2026,14.92,2365322.54,933476.29,182.37148805610326,NHL NTE200,NHL NTE200_46,1418
2026,Май 2026,14.65,2281092.27,917850.12,186.23985556478206,NHL NTE200,NHL NTE200_47,1419
2026,Май 2026,17.54,10845.54,454448.17,131.5897435897436,NHL NTE200,NHL NTE200_48,1420
2026,Май 2026,14.6,2474044.96,942080.52,188.22906705188367,NHL NTE200,NHL NTE200_49,1445
2026,Май 2026,14.89,2486323.36,936284.36,187.48080851367752,NHL NTE200,NHL NTE200_50,1446
2026,Май 2026,14.52,2320119.99,931879.98,186.04333486261913,NHL NTE200,NHL NTE200_51,1447
2026,Май 2026,14.55,2355686.57,930318.77,187.16611056591458,NHL NTE200,NHL NTE200_52,1448
2026,Май 2026,15.13,918974.87,955369.33,184.08000120948248,NHL NTE200,NHL NTE200_53,1449
2026,Май 2026,14.74,2253487.18,913476.2,183.46650321789775,NHL NTE200,NHL NTE200_54,1450
2026,Май 2026,14.51,1178158.41,871905.37,182.74329043200623,NHL NTE200,NHL NTE200_55,1481
2026,Май 2026,14.75,2563018.53,903537.15,189.91676093514303,NHL NTE200,NHL NTE200_56,1490
2026,Май 2026,15.06,1705839.12,974973.83,187.63913131723166,NHL NTE200,NHL NTE200_57,1491
2026,Май 2026,15.17,2346000.49,932017.16,185.1769776851091,NHL NTE200,NHL NTE200_58,1496
2026,Май 2026,14.8,2351603.55,914396.6,186.38424192295153,NHL NTE200,NHL NTE200_59,1497
2026,Май 2026,15.03,2477266.93,954425,185.86932387910042,NHL NTE200,NHL NTE200_60,1498
2026,Май 2026,14.63,2276251.82,941941.95,188.35131905894787,NHL NTE200,NHL NTE200_61,1499
2026,Май 2026,14.77,2497958.11,949017.28,187.40832860251666,NHL NTE200,NHL NTE200_62,1533
2026,Май 2026,15.07,2420303.74,951326.68,187.40202919887165,NHL NTE200,NHL NTE200_63,1634
2026,Май 2026,14.98,2463867.11,949239.81,185.5366874955109,NHL NTE200,NHL NTE200_64,1635
2026,Май 2026,15.18,2392752.49,945100.39,185.62554505635123,NHL NTE200,NHL NTE200_65,1636
2026,Май 2026,15.28,2463965.95,945343.08,187.3154062229906,NHL NTE200,NHL NTE200_66,1641
2026,Май 2026,15.15,2521016.69,945728.75,185.93146681749624,NHL NTE200,NHL NTE200_67,1642
2026,Май 2026,14.93,2295921.82,931897,185.8282204974512,NHL NTE200,NHL NTE200_68,1644
2026,Май 2026,14.83,2135493,924285.83,186.37283386752134,NHL NTE200,NHL NTE200_69,1645
2026,Май 2026,15.08,2465623.06,939243.95,187.02090619078453,NHL NTE200,NHL NTE200_70,1647
2026,Май 2026,15.11,2355697.68,955572.29,187.74554575858923,NHL NTE200,NHL NTE200_71,1656
2026,Май 2026,14.96,2171940.35,942734.01,183.81406907269016,NHL NTE200,NHL NTE200_72,1671
2026,Май 2026,15.1,2451389.45,956286.2,184.57343913830883,NHL NTE200,NHL NTE200_73,1672
2026,Май 2026,15.14,982932.62,977834.09,188.7184577209392,NHL NTE200,NHL NTE200_74,1683
2026,Май 2026,14.91,2406901.11,941899.29,185.63955415413935,NHL NTE200,NHL NTE200_75,1687
2026,Май 2026,14.98,1290525.28,898922.33,181.48614696265702,NHL NTE200,NHL NTE200_76,1689
2026,Май 2026,14.87,2285648.14,948517.37,187.33609808213455,NHL NTE200,NHL NTE200_77,1691
2026,Май 2026,15.32,1360593.2,961915.73,186.69912803246112,NHL NTE200,NHL NTE200_78,1698
2026,Май 2026,14.75,2451132.77,957155.01,189.55736319874245,NHL NTE200,NHL NTE200_82,1901
2026,Май 2026,14.85,2318819.7,946549.77,188.1954056620725,NHL NTE200,NHL NTE200_83,1902
2026,Май 2026,14.67,2468018.66,966473.88,190.1213838324524,NHL NTE200,NHL NTE200_84,1903
2026,Май 2026,14.33,2356951.69,928048.14,187.9727570449353,NHL NTE200,NHL NTE200_85,1909
2026,Май 2026,14.45,2306106.8,905880.96,181.85531242220569,NHL NTE200,NHL NTE200_86,1924
2026,Май 2026,14.66,2412020.59,933637.93,186.03387456224132,NHL NTE200,NHL NTE200_87,1913
2026,Май 2026,14.79,2421308.38,939038.73,189.30339984669789,NHL NTE200,NHL NTE200_88,1946
2026,Май 2026,14.59,2392267.81,937613.03,189.37176980725374,NHL NTE200,NHL NTE200_89,1927
2026,Май 2026,14.86,2405336.5,945817.71,186.6104951031057,NHL NTE200,NTE200_79,1887
2026,Май 2026,14.67,2391336.63,932407.71,187.36619302683113,NHL NTE200,NTE200_80,1888
2026,Май 2026,14.73,1220634.99,922311.01,185.78919216983732,NHL NTE200,NTE200_81,1883
2026,Июнь 2026,14.96,1894622.49,47554.81,181.6761294261294,KOMATSU 730-E,730E_13,501
2026,Июнь 2026,14.76,1546818.18,62735.81,188.77731157731156,KOMATSU 730-E,730E_14,502
2026,Июнь 2026,14.47,1583746.01,59015.37,187.599245852187,KOMATSU 730-E,730E_15,503
2026,Июнь 2026,14.58,1531554.13,46413.74,186.9144522144522,KOMATSU 730-E,730E_16,504
2026,Июнь 2026,14.87,1698367.35,65949.39,195.4285714285714,KOMATSU 730-E,730E_17,505
2026,Июнь 2026,15.62,1674629.93,64673.78,187.3444444444445,KOMATSU 730-E,730E_18,506
2026,Июнь 2026,15.19,1041877.95,51806.69,190.72983682983678,KOMATSU 730-E,730E_19,507
2026,Июнь 2026,15.52,1707535.32,68157.32,191.025641025641,KOMATSU 730-E,730E_20,508
2026,Июнь 2026,14.95,1637502.18,62293.32,188.42490842490847,KOMATSU 730-E,730E_21,509
2026,Июнь 2026,15.88,1817491.81,65801.87,187.6861932938856,KOMATSU 730-E,730E_22,510
2026,Июнь 2026,16.08,2205741.54,64459.41,189.0084560829242,KOMATSU 730-E,730E_23,511
2026,Июнь 2026,15.63,562811.79,64174.71,188.8888888888889,KOMATSU 730-E,730E_24,512
2026,Июнь 2026,15.66,1870327.36,59844.74,188.3137820512821,KOMATSU 730-E,730E_25,513
2026,Июнь 2026,14.25,1447521.37,61264.47,188.05624483043835,KOMATSU 730-E,730E_26,514
2026,Июнь 2026,16.2,1900747.85,61545.56,182.26349206349207,KOMATSU 730-E,730E_27,515
2026,Июнь 2026,14.85,1725228.88,61756.27,187.7887040887041,KOMATSU 730-E,730E_28,516
2026,Июнь 2026,14.67,1761513.05,61810.44,191.7381843381844,KOMATSU 730-E,730E_29,517
2026,Июнь 2026,15.9,1642702.46,61631.57,178.80582120582116,KOMATSU 730-E,730E_37,864
2026,Июнь 2026,15.36,1724028.76,66254.78,192.87079772079773,KOMATSU 730-E,730E_38,865
2026,Июнь 2026,16.22,2113345.75,79048.57,191.06961538461542,KOMATSU 730-E,730E_40,867
2026,Июнь 2026,16.85,1986562.64,60365.73,186.06225402504472,KOMATSU 730-E,730E_41,868
2026,Июнь 2026,15.67,1845266.32,59533.21,185.7905128205128,NHL NTE200,NHL NTE200_43,1415
2026,Июнь 2026,15.9,1781532.98,70482.64,188.8142375168691,NHL NTE200,NHL NTE200_44,1416
2026,Июнь 2026,16.36,1907830.11,70328.24,182.94261294261293,NHL NTE200,NHL NTE200_45,1417
2026,Июнь 2026,15.15,1539302.98,61297.6,182.3348416289593,NHL NTE200,NHL NTE200_46,1418
2026,Июнь 2026,16.06,1817372.75,69121.61,187.67389875082185,NHL NTE200,NHL NTE200_47,1419
2026,Июнь 2026,16.38,236344.03,14889.11,118.98141025641027,NHL NTE200,NHL NTE200_48,1420
2026,Июнь 2026,15.05,1650337.35,68545.43,189.90183150183154,NHL NTE200,NHL NTE200_49,1445
2026,Июнь 2026,16.25,1930800.98,67284.19,185.14529914529913,NHL NTE200,NHL NTE200_50,1446
2026,Июнь 2026,15.53,1764404.14,68514.51,186.9988529014844,NHL NTE200,NHL NTE200_51,1447
2026,Июнь 2026,15.51,1933322.17,64794.25,189.90869293308324,NHL NTE200,NHL NTE200_52,1448
2026,Июнь 2026,15.81,1902442.65,64540.32,186.87542213883677,NHL NTE200,NHL NTE200_53,1449
2026,Июнь 2026,16.33,1765631,64002.87,182.33070348454962,NHL NTE200,NHL NTE200_54,1450
2026,Июнь 2026,15.99,1741304.03,68358.87,184.55060728744937,NHL NTE200,NHL NTE200_55,1481
2026,Июнь 2026,15.08,1596679.23,70473.38,189.13122171945702,NHL NTE200,NHL NTE200_56,1490
2026,Июнь 2026,15.55,1856268.52,72700.08,186.89826923076924,NHL NTE200,NHL NTE200_59,1497
2026,Июнь 2026,15.13,1564209.31,63942.41,185.28506787330318,NHL NTE200,NHL NTE200_60,1498
2026,Июнь 2026,15.43,1774265.45,69197.68,188.04399460188932,NHL NTE200,NHL NTE200_61,1499
2026,Июнь 2026,15.05,1455245.39,62003.75,189.0597187758478,NHL NTE200,NHL NTE200_62,1533
2026,Июнь 2026,15.97,1811566.37,70630.45,187.0742932281394,NHL NTE200,NHL NTE200_63,1634
2026,Июнь 2026,15.26,1460047.75,63903.24,189.68362282878414,NHL NTE200,NHL NTE200_64,1635
2026,Июнь 2026,16.07,1810668.04,65404.33,186.98152531229456,NHL NTE200,NHL NTE200_65,1636
2026,Июнь 2026,15.72,1650846.68,65073.53,189.9604395604396,NHL NTE200,NHL NTE200_66,1641
2026,Июнь 2026,15.91,1695465.43,70391.06,189.67535612535616,NHL NTE200,NHL NTE200_67,1642
2026,Июнь 2026,15.93,1809045.18,68215.51,186.8139381985536,NHL NTE200,NHL NTE200_68,1644
2026,Июнь 2026,15.35,1677697.38,63699.9,187.68760683760684,NHL NTE200,NHL NTE200_69,1645
2026,Июнь 2026,15.74,1760582.24,69545.8,186.59379217273963,NHL NTE200,NHL NTE200_70,1647
2026,Июнь 2026,15.65,1829801.09,71094.05,188.95733070348453,NHL NTE200,NHL NTE200_71,1656
2026,Июнь 2026,15.79,1645864.14,65945.65,184.1263532763533,NHL NTE200,NHL NTE200_72,1671
2026,Июнь 2026,15.99,1882745.51,66315.16,184.94058786741712,NHL NTE200,NHL NTE200_73,1672
2026,Июнь 2026,15.48,1899641.32,65943.04,191.26525641025643,NHL NTE200,NHL NTE200_74,1683
2026,Июнь 2026,15.51,1707586.26,64413.19,185.86832986832988,NHL NTE200,NHL NTE200_75,1687
2026,Июнь 2026,16.18,1786812.2,66940.72,179.90506410256413,NHL NTE200,NHL NTE200_76,1689
2026,Июнь 2026,15.83,1866663.35,67095.61,187.9448717948718,NHL NTE200,NHL NTE200_77,1691
2026,Июнь 2026,15.44,1699924.63,67808.96,190.17421652421655,NHL NTE200,NHL NTE200_78,1698
2026,Июнь 2026,15.77,1887380.43,66297,190.03076923076924,NHL NTE200,NHL NTE200_82,1901
2026,Июнь 2026,15.93,1822717.56,67470.02,188.22583826429982,NHL NTE200,NHL NTE200_83,1902
2026,Июнь 2026,15.58,2043195.26,67787.45,191.3664877757901,NHL NTE200,NHL NTE200_84,1903
2026,Июнь 2026,15.7,1529472.88,60965.39,192.49358974358978,NHL NTE200,NHL NTE200_85,1909
2026,Июнь 2026,15.76,1466570.38,60793.56,178.98368298368302,NHL NTE200,NHL NTE200_86,1924
2026,Июнь 2026,15.07,1634522.59,66582.06,188.0820512820513,NHL NTE200,NHL NTE200_87,1913
2026,Июнь 2026,15.76,1928416.67,68078.11,189.42682926829266,NHL NTE200,NHL NTE200_88,1946
2026,Июнь 2026,15.08,1700557.47,68292.55,190.24501424501426,NHL NTE200,NHL NTE200_89,1927
2026,Июнь 2026,15.34,549874.72,66694.19,186.43012820512817,NHL NTE200,NTE200_79,1887
2026,Июнь 2026,15.32,1693197.63,64705.81,189.4216524216524,NHL NTE200,NTE200_80,1888
2026,Июнь 2026,16.82,2121137.69,66874.1,185.71008918617613,NHL NTE200,NTE200_81,1883
