sep=,
"INSITE Professional 8.5.0.57 / Datapack 8.5.00115"
"Cummins Inc."

"Сведения по журналу данных"
,"Дата и время начала:","18-май-2026,22:22:04.089"
,"Общее время журнала:","00:02:04.8666754"
,"Имя файла исходного журнала:","C:\Users\RIMCUMMINS02\AppData\Local\Temp\\DML-20260518-222030.log"
,"Путь к месту назначения","C:\Users\RIMCUMMINS02\Desktop\Образ и LOG для ПОЛЮСА, 730-Е, NTE 200"
,"Частота выборки:","Реальное время"
,"Примечания:","NTE 200 № 52 тест под нагрузкой"

"Сведения о заказчике и транспортном средстве"
,"Заказчик:","170227104443   "
,"Номер транспортного средства:",""          ""

"Сведения о двигателе"
,"Модель:","QSK50 MCRS*******,QSK50 MCRS*******,QSK50 MCRS*******"
,"Тип системы:","QSK50/60 CM850/CM2150/CM2850 MCRS/K123M"
,"Серийный номер:","33232851"
,
" Информация ECM"
,"Номер детали для модуля ECM:","4995445|4995445|4995445"
,"Код модуля ECM:","AQ60809.07|AR60193.15|AR60194.14"
,"Версия программного обеспечения калибровки:","19020115|19020115|19020115"

"Дата","Время","Fuel Pump Oil Pressure (кПа)- Идентификатор0","Oil Level Switch Status- Идентификатор1","Oil Level Switch Voltage (В)- Идентификатор1","Атмосферное давление (кПа)- Идентификатор0","Версия программного обеспечения калибровки- Идентификатор0","Версия программного обеспечения калибровки- Идентификатор1","Версия программного обеспечения калибровки- Идентификатор144","Время работы модуля ECM (время при включенном зажигании) (ЧЧЧЧЧЧ:ММ:СС)- Идентификатор0","Время работы модуля ECM (время при включенном зажигании) (ЧЧЧЧЧЧ:ММ:СС)- Идентификатор1","Время работы модуля ECM (время при включенном зажигании) (ЧЧЧЧЧЧ:ММ:СС)- Идентификатор144","Выключатель режима диагностики- Идентификатор0","Давление в предварительном масляном фильтре (кПа)- Идентификатор1","Давление во впускном коллекторе (кПа)- Идентификатор0","Давление картерных газов (кПа)- Идентификатор0","Давление масла (кПа)- Идентификатор0","Давление на входе топливного регулятора (кПа)- Идентификатор0","Давление на входе топливного регулятора (кПа)- Идентификатор1","Давление на входе топливного регулятора (кПа)- Идентификатор144","Датчик давления во впускном коллекторе 1 (кПа)- Идентификатор0","Датчик давления во впускном коллекторе 2 (кПа)- Идентификатор1","Датчик давления охлаждающей жидкости (кПа)- Идентификатор0","датчик перепада давления в масляном фильтре (расчетное значение) (кПа)- Идентификатор0","датчик перепада давления в масляном фильтре (расчетное значение) (кПа)- Идентификатор1","Датчик проверки холостого хода- Идентификатор0","Датчик температуры (°C)- Идентификатор0","Датчик температуры впускного коллектора 1 (°C)- Идентификатор0","Датчик температуры впускного коллектора 2 (°C)- Идентификатор0","Датчик температуры впускного коллектора 3 (°C)- Идентификатор0","Датчик температуры впускного коллектора 4 (°C)- Идентификатор0","Датчик температуры отработавших газов цилиндра 1 (°C)- Идентификатор144","Датчик температуры отработавших газов цилиндра 10 (°C)- Идентификатор1","Датчик температуры отработавших газов цилиндра 11 (°C)- Идентификатор144","Датчик температуры отработавших газов цилиндра 12 (°C)- Идентификатор1","Датчик температуры отработавших газов цилиндра 13 (°C)- Идентификатор144","Датчик температуры отработавших газов цилиндра 14 (°C)- Идентификатор1","Датчик температуры отработавших газов цилиндра 15 (°C)- Идентификатор144","Датчик температуры отработавших газов цилиндра 16 (°C)- Идентификатор1","Датчик температуры отработавших газов цилиндра 2 (°C)- Идентификатор1","Датчик температуры отработавших газов цилиндра 3 (°C)- Идентификатор144","Датчик температуры отработавших газов цилиндра 4 (°C)- Идентификатор1","Датчик температуры отработавших газов цилиндра 5 (°C)- Идентификатор144","Датчик температуры отработавших газов цилиндра 6 (°C)- Идентификатор1","Датчик температуры отработавших газов цилиндра 7 (°C)- Идентификатор144","Датчик температуры отработавших газов цилиндра 8 (°C)- Идентификатор1","Датчик температуры отработавших газов цилиндра 9 (°C)- Идентификатор144","Датчик температуры топлива (°C)- Идентификатор0","Датчик температуры топлива (°C)- Идентификатор1","Датчик температуры топлива (°C)- Идентификатор144","Датчик числа оборотов двигателя действует- Идентификатор0","Датчик числа оборотов двигателя действует- Идентификатор1","Датчик числа оборотов двигателя действует- Идентификатор144","Заданное давление в общем топливопроводе высокого давления (Бар)- Идентификатор0","Заданное давление в общем топливопроводе высокого давления (Бар)- Идентификатор1","Заданное давление в общем топливопроводе высокого давления (Бар)- Идентификатор144","Заданный ток привода топливного насоса (мА)- Идентификатор0","Заданный ток привода топливного насоса (мА)- Идентификатор1","Заданный ток привода топливного насоса (мА)- Идентификатор144","Измеренное давление в общем топливопроводе высокого давления (Бар)- Идентификатор0","Измеренное давление в общем топливопроводе высокого давления (Бар)- Идентификатор1","Измеренное давление в общем топливопроводе высокого давления (Бар)- Идентификатор144","Измеренный ток привода топливного насоса (мА)- Идентификатор0","Измеренный ток привода топливного насоса (мА)- Идентификатор1","Измеренный ток привода топливного насоса (мА)- Идентификатор144","Исходный адрес двигателя по шине J1939- Идентификатор0","Исходный адрес двигателя по шине J1939- Идентификатор1","Исходный адрес двигателя по шине J1939- Идентификатор144","Исходный адрес циркулярной рассылки команды останова по шине J1939- Идентификатор0","Исходный адрес циркулярной рассылки команды останова по шине J1939- Идентификатор0","Исходный адрес циркулярной рассылки команды останова по шине J1939- Идентификатор0","Исходный адрес циркулярной рассылки команды останова по шине J1939- Идентификатор1","Исходный адрес циркулярной рассылки команды останова по шине J1939- Идентификатор1","Исходный адрес циркулярной рассылки команды останова по шине J1939- Идентификатор1","Исходный адрес циркулярной рассылки команды останова по шине J1939- Идентификатор144","Исходный адрес циркулярной рассылки команды останова по шине J1939- Идентификатор144","Исходный адрес циркулярной рассылки команды останова по шине J1939- Идентификатор144","Команда управления вентилятором (Проценты)- Идентификатор0","Контактный датчик давления кондиционера- Идентификатор0","Мгновенный расход топлива (л/час)- Идентификатор0","Мгновенный расход топлива через систему дозирования (л/час)- Идентификатор0","Напряжение аккумуляторной батареи (В)- Идентификатор0","Напряжение аккумуляторной батареи (В)- Идентификатор1","Напряжение аккумуляторной батареи (В)- Идентификатор144","Напряжение аккумуляторной батареи 1 (В)- Идентификатор0","Напряжение датчика давления в предварительном масляном фильтре (В)- Идентификатор1","Напряжение датчика давления во впускном коллекторе 1 (В)- Идентификатор0","Напряжение датчика давления во впускном коллекторе 2 (В)- Идентификатор1","Напряжение датчика давления на входе топливного регулятора (В)- Идентификатор0","Напряжение датчика давления на входе топливного регулятора (В)- Идентификатор1","Напряжение датчика давления на входе топливного регулятора (В)- Идентификатор144","Напряжение датчика давления охлаждающей жидкости (В)- Идентификатор0","Напряжение датчика температуры впускного коллектора 1 (В)- Идентификатор0","Напряжение датчика температуры впускного коллектора 2 (В)- Идентификатор0","Напряжение датчика температуры впускного коллектора 3 (В)- Идентификатор0","Напряжение датчика температуры впускного коллектора 4 (В)- Идентификатор0","Напряжение датчика температуры отработавших газов цилиндра 1 (В)- Идентификатор144","Напряжение датчика температуры отработавших газов цилиндра 10 (В)- Идентификатор1","Напряжение датчика температуры отработавших газов цилиндра 11 (В)- Идентификатор144","Напряжение датчика температуры отработавших газов цилиндра 12 (В)- Идентификатор1","Напряжение датчика температуры отработавших газов цилиндра 13 (В)- Идентификатор144","Напряжение датчика температуры отработавших газов цилиндра 14 (В)- Идентификатор1","Напряжение датчика температуры отработавших газов цилиндра 15 (В)- Идентификатор144","Напряжение датчика температуры отработавших газов цилиндра 16 (В)- Идентификатор1","Напряжение датчика температуры отработавших газов цилиндра 2 (В)- Идентификатор1","Напряжение датчика температуры отработавших газов цилиндра 3 (В)- Идентификатор144","Напряжение датчика температуры отработавших газов цилиндра 4 (В)- Идентификатор1","Напряжение датчика температуры отработавших газов цилиндра 5 (В)- Идентификатор144","Напряжение датчика температуры отработавших газов цилиндра 6 (В)- Идентификатор1","Напряжение датчика температуры отработавших газов цилиндра 7 (В)- Идентификатор144","Напряжение датчика температуры отработавших газов цилиндра 8 (В)- Идентификатор1","Напряжение датчика температуры отработавших газов цилиндра 9 (В)- Идентификатор144","Напряжение датчика температуры топлива (В)- Идентификатор0","Напряжение датчика температуры топлива (В)- Идентификатор1","Напряжение датчика температуры топлива (В)- Идентификатор144","Напряжение питания датчика положения педали или рычага акселератора (В)- Идентификатор0","Напряжение сигнала датчика атмосферного давления (В)- Идентификатор0","Напряжение сигнала датчика давления в общем топливопроводе высокого давления (В)- Идентификатор0","Напряжение сигнала датчика давления в общем топливопроводе высокого давления (В)- Идентификатор1","Напряжение сигнала датчика давления в общем топливопроводе высокого давления (В)- Идентификатор144","Напряжение сигнала датчика давления во впускном коллекторе (В)- Идентификатор0","Напряжение сигнала датчика давления картерных газов (В)- Идентификатор0","Напряжение сигнала датчика давления масла (В)- Идентификатор0","Напряжение сигнала датчика положения педали или рычага акселератора (В)- Идентификатор0","Напряжение сигнала датчика температуры воздуха во впускном коллекторе (В)- Идентификатор0","Напряжение сигнала датчика температуры масла (В)- Идентификатор0","Напряжение сигнала датчика температуры охлаждающей жидкости двигателя (В)- Идентификатор0","Наработка двигателя, ч (ЧЧЧЧЧЧ:ММ:СС)- Идентификатор0","Обратная связь по току электрического подкачивающего насоса- Идентификатор0","Обратная связь по току электрического подкачивающего насоса- Идентификатор1","Обратная связь по току электрического подкачивающего насоса- Идентификатор144","Общее суммарное время обнаружения воды в топливе (ЧЧЧЧЧЧ:ММ:СС)- Идентификатор0","Отмена защитного снижения характеристик двигателя- Идентификатор0","Относительная нагрузка (Проценты)- Идентификатор0","Переключатель 1 управления фиксированными частотами вращения- Идентификатор0","Переключатель 2 управления фиксированными частотами вращения- Идентификатор0","Переключатель 3 управления фиксированными частотами вращения- Идентификатор0","Переключатель блокировки функции защитного выключения двигателя- Идентификатор0","Переключатель повышения фиксированной частоты вращения- Идентификатор0","Переключатель понижения фиксированной частоты вращения- Идентификатор0","Переключатель регулировки низких холостых оборотов- Идентификатор0","Переключатель управления вентилятором- Идентификатор0","Подсчет включений зажигания- Идентификатор0","Подсчет выключений зажигания- Идентификатор0","Положение исполнительного клапана топливного насоса- Идентификатор0","Положение исполнительного клапана топливного насоса- Идентификатор1","Положение исполнительного клапана топливного насоса- Идентификатор144","Положение электрического подкачивающего топливного насоса- Идентификатор0","Положение электрического подкачивающего топливного насоса- Идентификатор1","Положение электрического подкачивающего топливного насоса- Идентификатор144","Процент действия педали или рычага акселератора (Проценты)- Идентификатор0","Пусковой включатель- Идентификатор0","Рабочее состояние двигателя- Идентификатор0","Рабочий цикл привода топливного насоса (Проценты)- Идентификатор0","Рабочий цикл привода топливного насоса (Проценты)- Идентификатор1","Рабочий цикл привода топливного насоса (Проценты)- Идентификатор144","Рабочий цикл электрического подкачивающего топливного насоса (Проценты)- Идентификатор0","Рабочий цикл электрического подкачивающего топливного насоса (Проценты)- Идентификатор1","Рабочий цикл электрического подкачивающего топливного насоса (Проценты)- Идентификатор144","Реальное время модуля ECM- Идентификатор0","Реальное время модуля ECM- Идентификатор1","Реальное время модуля ECM- Идентификатор144","Режим крутящего момента- Идентификатор0","Режим управления промежуточной скоростью- Идентификатор0","Сдвоенное выходное управляющее устройство A- Идентификатор0","Сдвоенное выходное управляющее устройство B- Идентификатор0","Состояние главного датчика оборотов двигателя- Идентификатор0","Состояние главного датчика оборотов двигателя- Идентификатор1","Состояние главного датчика оборотов двигателя- Идентификатор144","Состояние главной синхронизации оборотов двигателя- Идентификатор0","Состояние главной синхронизации оборотов двигателя- Идентификатор1","Состояние главной синхронизации оборотов двигателя- Идентификатор144","Состояние желтого сигнального индикатора- Идентификатор0","Состояние защиты прогрева двигателя- Идентификатор0","Состояние красного индикатора останова- Идентификатор0","Состояние обнаружения воды в топливе- Идентификатор0","Состояние привода вентилятора- Идентификатор0","Состояние резервного датчика оборотов двигателя- Идентификатор0","Состояние резервного датчика оборотов двигателя- Идентификатор1","Состояние резервного датчика оборотов двигателя- Идентификатор144","Состояние резервной синхронизации оборотов двигателя- Идентификатор0","Состояние резервной синхронизации оборотов двигателя- Идентификатор1","Состояние резервной синхронизации оборотов двигателя- Идентификатор144","Состояние сигнала главного датчика частоты вращения двигателя- Идентификатор0","Состояние сигнала главного датчика частоты вращения двигателя- Идентификатор1","Состояние сигнала главного датчика частоты вращения двигателя- Идентификатор144","Средняя температура отработавших газов - левый ряд (расчетное значение) (°C)- Идентификатор144","Средняя температура отработавших газов - правый ряд (расчетное значение) (°C)- Идентификатор1","Средняя температура отработавших газов (расчетное значение) (°C)- Идентификатор1","Температура 2 модуля ECM (°C)- Идентификатор1","Температура 3 модуля ECM (°C)- Идентификатор144","Температура воздуха во впускном коллекторе (°C)- Идентификатор0","Температура масла (°C)- Идентификатор0","Тип датчика давления масла- Идентификатор0","Требуемые обороты при управлении промежуточной скоростью (об/мин)- Идентификатор0","Требуемый входной сигнал управления промежуточными оборотами- Идентификатор0","Управляемый расход топлива (л/час)- Идентификатор0","Управляемый расход топлива (л/час)- Идентификатор1","Управляемый расход топлива (л/час)- Идентификатор144","Уровень охлаждающей жидкости- Идентификатор0","Цепь питания датчиков 1 (В)- Идентификатор0","Цепь питания датчиков 1 (В)- Идентификатор1","Цепь питания датчиков 1 (В)- Идентификатор144","Цепь питания датчиков 2 (В)- Идентификатор0","Цепь питания датчиков 2 (В)- Идентификатор1","Цепь питания датчиков 2 (В)- Идентификатор144","Цепь питания датчиков 3 (В)- Идентификатор0","Цепь питания датчиков 3 (В)- Идентификатор1","Цепь питания датчиков 3 (В)- Идентификатор144","Цепь питания датчиков 4 (В)- Идентификатор0","Цепь питания датчиков 4 (В)- Идентификатор1","Цепь питания датчиков 4 (В)- Идентификатор144","Частота вращения двигателя (об/мин)- Идентификатор0","Частота вращения двигателя (об/мин)- Идентификатор1","Частота вращения двигателя (об/мин)- Идентификатор144","Частота вращения двигателя- Идентификатор0","Частота вращения двигателя- Идентификатор1","Частота вращения двигателя- Идентификатор144",
18-май-2026,22:22:07.881,"0,0","В норме","0,00","88,3","19020115","19020115","19020115","018052:50:26","018051:43:02","018051:39:15","Выкл.","575,4","122,2","0,1","529,7","686","565","678","128","148","380","155","38","–","80,7","55","53","51","55","462","410","456","478","444","379","447","461","466","423","430","462","382","434","364","375","27,3","27,3","27,3","Главный","Главный","Главный","1546","0","1497","1187,50","0,00","0,00","1548","1511","1474","1187,50","0,00","0,00","0","1","144","0","0","0","0","0","0","0","0","0","56","Вкл.","237,8","0,0","27,4","27,4","27,4","27,4","1,8","2,2","2,3","2,2","0,0","0,0","4,1","1,8","1,8","1,9","1,7","2,5","2,3","2,4","2,6","2,4","2,1","2,4","2,5","2,5","2,3","2,3","2,5","2,1","2,4","2,0","2,1","3,1","0,0","0,0","5,00","3,13","3,58","0,00","0,00","1,19","0,50","3,56","0,00","1,81","0,88","0,88","017976:15:03","Нет","Нет","Нет","000000:00:00","Отключение","62","Выкл.","Выкл.","Выкл.","Вкл.","Выкл.","Выкл.","Отказ переключателя","Выкл.","2059","2058","Закрыто","Разомкнут","Разомкнут","Выкл.","Выкл.","Выкл.","0","Вкл.","Частота вращения, передаваемая по каналу связи","17","0","0","0","0","0","Не задано","Не задано","Не задано","Регулятор механизма отбора мощности","Не определено","Вкл.","Выкл.","Допустимый сигнал","Допустимый сигнал","Допустимый сигнал","Синхронизация поддерживается","Синхронизация поддерживается","Синхронизация поддерживается","Выкл.","Неактивно","Выкл.","Вода не обнаружена","Температура во впускном коллекторе","Допустимый сигнал","Допустимый сигнал","Допустимый сигнал","Синхронизация поддерживается","Синхронизация поддерживается","Синхронизация поддерживается","В допустимых пределах","В допустимых пределах","В допустимых пределах","441,3","426,3","442,5","51","51","53,1","80,8","Аналоговый","0","Нет","284,74","0,00","0,00","Нормальный","5,00","5,00","5,00","5,00","5,00","5,00","5,00","5,00","5,00","5,00","5,00","5,00","1889","1901","1894","ОК","ОК","ОК",
18-май-2026,22:22:08.881,"0,0","В норме","0,00","88,3","19020115","19020115","19020115","018052:50:28","018051:43:04","018051:39:15","Выкл.","575,4","206,2","0,4","529,7","671","565","678","214","148","391","38","38","–","80,6","55","53","51","55","462","410","456","478","444","379","447","461","466","423","430","462","382","434","364","375","27,2","27,3","27,3","Главный","Главный","Главный","1502","0","1497","1125,00","0,00","0,00","1504","1511","1474","1125,00","0,00","0,00","0","1","144","0","0","0","0","0","0","0","0","0","56","Вкл.","302,6","0,0","27,4","27,4","27,4","27,4","1,8","2,8","2,3","2,1","0,0","0,0","4,2","1,8","1,8","1,9","1,8","2,5","2,3","2,4","2,6","2,4","2,1","2,4","2,5","2,5","2,3","2,3","2,5","2,1","2,4","2,0","2,1","3,1","0,0","0,0","5,00","3,13","3,47","0,00","0,00","1,19","0,63","3,50","0,00","1,81","0,88","0,88","017976:15:05","Нет","Нет","Нет","000000:00:00","Отключение","87","Выкл.","Выкл.","Выкл.","Вкл.","Выкл.","Выкл.","Отказ переключателя","Выкл.","2059","2058","Закрыто","Разомкнут","Разомкнут","Выкл.","Выкл.","Выкл.","0","Вкл.","Частота вращения, передаваемая по каналу связи","16","0","0","0","0","0","Не задано","Не задано","Не задано","Регулятор механизма отбора мощности","Не определено","Вкл.","Выкл.","Допустимый сигнал","Допустимый сигнал","Допустимый сигнал","Синхронизация поддерживается","Синхронизация поддерживается","Синхронизация поддерживается","Выкл.","Неактивно","Выкл.","Вода не обнаружена","Температура во впускном коллекторе","Допустимый сигнал","Допустимый сигнал","Допустимый сигнал","Синхронизация поддерживается","Синхронизация поддерживается","Синхронизация поддерживается","В допустимых пределах","В допустимых пределах","В допустимых пределах","441,3","426,3","442,5","51","51","53,2","80,8","Аналоговый","0","Нет","338,40","0,00","0,00","Нормальный","5,00","5,00","5,00","5,00","5,00","5,00","5,00","5,00","5,00","5,00","5,00","5,00","1897","1901","1894","ОК","ОК","ОК",
18-май-2026,22:22:09.881,"0,0","В норме","0,00","88,3","19020115","19020115","19020115","018052:50:29","018051:43:04","018051:39:16","Выкл.","579,0","206,2","0,4","529,7","671","565","670","214","225","391","38","39","–","80,6","55","53","51","55","458","408","458","481","444","380","452","462","468","426","431","460","363","430","362","372","27,2","27,2","27,2","Главный","Главный","Главный","1502","0","1518","1125,00","0,00","0,00","1504","1511","1523","1125,00","0,00","0,00","0","1","144","0","0","0","0","0","0","0","0","0","56","Вкл.","302,6","0,0","27,4","27,4","27,4","27,4","1,8","2,8","2,9","2,1","0,0","0,0","4,2","1,8","1,8","1,9","1,8","2,5","2,3","2,5","2,6","2,4","2,1","2,5","2,5","2,6","2,3","2,4","2,5","2,0","2,4","2,0","2,1","3,1","0,0","0,0","5,00","3,13","3,47","0,00","0,00","1,19","0,63","3,50","0,00","1,81","0,88","0,88","017976:15:05","Нет","Нет","Нет","000000:00:00","Отключение","87","Выкл.","Выкл.","Выкл.","Вкл.","Выкл.","Выкл.","Отказ переключателя","Выкл.","2059","2058","Закрыто","Разомкнут","Разомкнут","Выкл.","Выкл.","Выкл.","0","Вкл.","Частота вращения, передаваемая по каналу связи","16","0","0","0","0","0","Не задано","Не задано","Не задано","Регулятор механизма отбора мощности","Не определено","Вкл.","Выкл.","Допустимый сигнал","Допустимый сигнал","Допустимый сигнал","Синхронизация поддерживается","Синхронизация поддерживается","Синхронизация поддерживается","Выкл.","Неактивно","Выкл.","Вода не обнаружена","Температура во впускном коллекторе","Допустимый сигнал","Допустимый сигнал","Допустимый сигнал","Синхронизация поддерживается","Синхронизация поддерживается","Синхронизация поддерживается","В допустимых пределах","В допустимых пределах","В допустимых пределах","436,0","418,8","436,5","51","51","53,2","80,8","Аналоговый","0","Нет","338,40","0,00","0,00","Нормальный","5,00","5,00","5,00","5,00","5,00","5,00","5,00","5,00","5,00","5,00","5,00","5,00","1897","1909","1907","ОК","ОК","ОК",
18-май-2026,22:22:10.881,"0,0","В норме","0,00","88,3","19020115","19020115","19020115","018052:50:29","018051:43:05","018051:39:16","Выкл.","579,0","258,4","0,6","529,7","673","565","670","263","225","390","45","39","–","80,4","54","53","51","55","458","408","458","481","444","380","452","462","468","426","431","460","363","430","362","372","27,2","27,2","27,2","Главный","Главный","Главный","1540","0","1518","1125,00","0,00","0,00","1530","1511","1523","1125,00","0,00","0,00","0","1","144","0","0","0","0","0","0","0","0","0","56","Вкл.","358,8","0,0","27,4","27,4","27,4","27,4","1,8","3,3","2,9","2,1","0,0","0,0","4,3","1,8","1,8","1,9","1,8","2,5","2,3","2,5","2,6","2,4","2,1","2,5","2,5","2,6","2,3","2,4","2,5","2,0","2,4","2,0","2,1","3,1","0,0","0,0","5,00","3,13","3,56","0,00","0,00","1,19","0,69","3,50","0,00","1,81","0,88","0,88","017976:15:07","Нет","Нет","Нет","000000:00:00","Отключение","93","Выкл.","Выкл.","Выкл.","Вкл.","Выкл.","Выкл.","Отказ переключателя","Выкл.","2059","2058","Закрыто","Разомкнут","Разомкнут","Выкл.","Выкл.","Выкл.","0","Вкл.","Состояние регулятора высоких оборотов при подаче топлива","16","0","0","0","0","0","Не задано","Не задано","Не задано","Высокоскоростной регулятор","Не определено","Вкл.","Выкл.","Допустимый сигнал","Допустимый сигнал","Допустимый сигнал","Синхронизация поддерживается","Синхронизация поддерживается","Синхронизация поддерживается","Выкл.","Неактивно","Выкл.","Вода не обнаружена","Температура во впускном коллекторе","Допустимый сигнал","Допустимый сигнал","Допустимый сигнал","Синхронизация поддерживается","Синхронизация поддерживается","Синхронизация поддерживается","В допустимых пределах","В допустимых пределах","В допустимых пределах","436,0","418,8","436,5","51","51","53,2","80,9","Аналоговый","0","Нет","379,58","0,00","0,00","Нормальный","5,00","5,00","5,00","5,00","5,00","5,00","5,00","5,00","5,00","5,00","5,00","5,00","1904","1909","1907","ОК","ОК","ОК",
18-май-2026,22:22:11.881,"0,0","В норме","0,00","88,3","19020115","19020115","19020115","018052:50:29","018051:43:05","018051:39:18","Выкл.","579,5","258,4","0,6","536,2","673","565","673","263","263","390","45","49","–","80,4","54","53","51","55","469","414","472","492","455","387","464","471","476","437","440","471","352","438","365","376","27,2","27,2","27,1","Главный","Главный","Главный","1540","0","1548","1125,00","0,00","0,00","1530","1557","1565","1125,00","0,00","0,00","0","1","144","0","0","0","0","0","0","0","0","0","56","Вкл.","358,8","0,0","27,4","27,4","27,4","27,4","1,8","3,3","3,3","2,1","0,0","0,0","4,3","1,8","1,8","1,9","1,8","2,6","2,3","2,6","2,7","2,5","2,1","2,6","2,6","2,6","2,4","2,4","2,6","1,9","2,4","2,0","2,1","3,1","0,0","0,0","5,00","3,13","3,56","0,00","0,00","1,19","0,69","3,50","0,00","1,81","0,88","0,88","017976:15:07","Нет","Нет","Нет","000000:00:00","Отключение","93","Выкл.","Выкл.","Выкл.","Вкл.","Выкл.","Выкл.","Отказ переключателя","Выкл.","2059","2058","Закрыто","Разомкнут","Разомкнут","Выкл.","Выкл.","Выкл.","0","Вкл.","Состояние регулятора высоких оборотов при подаче топлива","16","0","0","0","0","0","Не задано","Не задано","Не задано","Высокоскоростной регулятор","Не определено","Вкл.","Выкл.","Допустимый сигнал","Допустимый сигнал","Допустимый сигнал","Синхронизация поддерживается","Синхронизация поддерживается","Синхронизация поддерживается","Выкл.","Неактивно","Выкл.","Вода не обнаружена","Температура во впускном коллекторе","Допустимый сигнал","Допустимый сигнал","Допустимый сигнал","Синхронизация поддерживается","Синхронизация поддерживается","Синхронизация поддерживается","В допустимых пределах","В допустимых пределах","В допустимых пределах","445,3","421,5","442,0","51","51","53,2","80,9","Аналоговый","0","Нет","379,58","0,00","0,00","Нормальный","5,00","5,00","5,00","5,00","5,00","5,00","5,00","5,00","5,00","5,00","5,00","5,00","1904","1908","1908","ОК","ОК","ОК",
18-май-2026,22:22:12.881,"0,0","В норме","0,00","88,4","19020115","19020115","19020115","018052:50:31","018051:43:07","018051:39:19","Выкл.","579,5","278,5","0,5","536,2","668","565","673","286","263","392","40","49","–","80,3","55","53","51","55","469","414","472","492","455","387","464","471","476","437","440","471","352","438","365","376","27,1","27,2","27,1","Главный","Главный","Главный","1550","0","1548","1125,00","0,00","0,00","1550","1557","1565","1125,00","0,00","0,00","0","1","144","0","0","0","0","0","0","0","0","0","56","Вкл.","337,3","0,0","27,4","27,4","27,4","27,4","1,8","3,4","3,3","2,1","0,0","0,0","4,2","1,8","1,8","1,9","1,8","2,6","2,3","2,6","2,7","2,5","2,1","2,6","2,6","2,6","2,4","2,4","2,6","1,9","2,4","2,0","2,1","3,1","0,0","0,0","5,00","3,13","3,57","0,00","0,00","1,19","0,69","3,44","0,00","1,81","0,88","0,88","017976:15:09","Нет","Нет","Нет","000000:00:00","Отключение","98","Выкл.","Выкл.","Выкл.","Вкл.","Выкл.","Выкл.","Отказ переключателя","Выкл.","2059","2058","Закрыто","Разомкнут","Разомкнут","Выкл.","Выкл.","Выкл.","0","Вкл.","Состояние регулятора высоких оборотов при подаче топлива","16","0","0","0","0","0","Не задано","Не задано","Не задано","Высокоскоростной регулятор","Не определено","Вкл.","Выкл.","Допустимый сигнал","Допустимый сигнал","Допустимый сигнал","Синхронизация поддерживается","Синхронизация поддерживается","Синхронизация поддерживается","Выкл.","Неактивно","Выкл.","Вода не обнаружена","Температура во впускном коллекторе","Допустимый сигнал","Допустимый сигнал","Допустимый сигнал","Синхронизация поддерживается","Синхронизация поддерживается","Синхронизация поддерживается","В допустимых пределах","В допустимых пределах","В допустимых пределах","445,3","421,5","442,0","51","51","53,3","81,0","Аналоговый","0","Нет","417,71","0,00","0,00","Нормальный","5,00","5,00","5,00","5,00","5,00","5,00","5,00","5,00","5,00","5,00","5,00","5,00","1908","1908","1908","ОК","ОК","ОК",
18-май-2026,22:22:13.881,"0,0","В норме","0,00","88,4","19020115","19020115","19020115","018052:50:33","018051:43:09","018051:39:19","Выкл.","565,0","278,5","0,5","536,2","668","565","673","286","280","392","40","32","–","80,3","55","53","51","55","469","418","472","498","455","392","464","478","482","437","446","471","350","438","368","376","27,1","27,1","27,1","Главный","Главный","Главный","1550","0","1548","1125,00","0,00","0,00","1550","1567","1565","1125,00","0,00","0,00","0","1","144","0","0","0","0","0","0","0","0","0","56","Вкл.","337,3","0,0","27,4","27,4","27,4","27,4","1,8","3,4","3,3","2,1","0,0","0,0","4,2","1,8","1,8","1,9","1,8","2,6","2,3","2,6","2,7","2,5","2,2","2,6","2,6","2,6","2,4","2,4","2,6","1,9","2,4","2,1","2,1","3,1","0,0","0,0","5,00","3,13","3,57","0,00","0,00","1,19","0,69","3,44","0,00","1,81","0,88","0,88","017976:15:09","Нет","Нет","Нет","000000:00:00","Отключение","98","Выкл.","Выкл.","Выкл.","Вкл.","Выкл.","Выкл.","Отказ переключателя","Выкл.","2059","2058","Закрыто","Разомкнут","Разомкнут","Выкл.","Выкл.","Выкл.","0","Вкл.","Состояние регулятора высоких оборотов при подаче топлива","16","0","0","0","0","0","Не задано","Не задано","Не задано","Высокоскоростной регулятор","Не определено","Вкл.","Выкл.","Допустимый сигнал","Допустимый сигнал","Допустимый сигнал","Синхронизация поддерживается","Синхронизация поддерживается","Синхронизация поддерживается","Выкл.","Неактивно","Выкл.","Вода не обнаружена","Температура во впускном коллекторе","Допустимый сигнал","Допустимый сигнал","Допустимый сигнал","Синхронизация поддерживается","Синхронизация поддерживается","Синхронизация поддерживается","В допустимых пределах","В допустимых пределах","В допустимых пределах","445,3","427,0","449,5","52","51","53,3","81,0","Аналоговый","0","Нет","417,71","0,00","0,00","Нормальный","5,00","5,00","5,00","5,00","5,00","5,00","5,00","5,00","5,00","5,00","5,00","5,00","1908","1910","1908","ОК","ОК","ОК",
18-май-2026,22:22:14.881,"0,0","В норме","0,00","88,3","19020115","19020115","19020115","018052:50:33","018051:43:09","018051:39:21","Выкл.","565,0","289,8","0,6","536,2","666","565","668","293","280","394","46","32","–","80,3","55","53","51","55","474","418","477","498","460","392","468","478","482","440","446","477","350","443","368","380","27,1","27,1","27,1","Главный","Главный","Главный","1550","0","1550","1125,00","0,00","0,00","1548","1567","1550","1125,00","0,00","0,00","0","1","144","0","0","0","0","0","0","0","0","0","54","Вкл.","344,6","0,0","27,4","27,4","27,4","27,4","1,8","3,4","3,3","2,1","0,0","0,0","4,3","1,7","1,8","1,9","1,7","2,6","2,3","2,6","2,7","2,5","2,2","2,6","2,6","2,6","2,4","2,4","2,6","1,9","2,4","2,1","2,1","3,1","0,0","0,0","5,00","3,13","3,55","0,00","0,00","1,19","0,69","3,44","0,00","1,81","0,88","0,88","017976:15:11","Нет","Нет","Нет","000000:00:00","Отключение","100","Выкл.","Выкл.","Выкл.","Вкл.","Выкл.","Выкл.","Отказ переключателя","Выкл.","2059","2058","Закрыто","Разомкнут","Разомкнут","Выкл.","Выкл.","Выкл.","0","Вкл.","Максимальное открытие дроссельной заслонки","16","0","0","0","0","0","Не задано","Не задано","Не задано","Ограничение крутящего момента","Не определено","Вкл.","Выкл.","Допустимый сигнал","Допустимый сигнал","Допустимый сигнал","Синхронизация поддерживается","Синхронизация поддерживается","Синхронизация поддерживается","Выкл.","Неактивно","Выкл.","Вода не обнаружена","Температура во впускном коллекторе","Допустимый сигнал","Допустимый сигнал","Допустимый сигнал","Синхронизация поддерживается","Синхронизация поддерживается","Синхронизация поддерживается","В допустимых пределах","В допустимых пределах","В допустимых пределах","450,5","427,0","449,5","52","52","53,6","81,2","Аналоговый","0","Нет","391,05","0,00","0,00","Нормальный","5,00","5,00","5,00","5,00","5,00","5,00","5,00","5,00","5,00","5,00","5,00","5,00","1909","1910","1910","ОК","ОК","ОК",
18-май-2026,22:22:15.881,"0,0","В норме","0,00","88,3","19020115","19020115","19020115","018052:50:34","018051:43:10","018051:39:21","Выкл.","571,4","289,8","0,6","536,2","666","565","668","293","287","394","46","40","–","80,3","55","53","51","55","474","422","477","500","460","395","468","481","486","440","449","477","357","443","372","380","27,1","27,1","27,1","Главный","Главный","Главный","1550","0","1550","1125,00","0,00","0,00","1548","1548","1550","1125,00","0,00","0,00","0","1","144","0","0","0","0","0","0","0","0","0","54","Вкл.","344,6","0,0","27,4","27,4","27,4","27,4","1,8","3,4","3,4","2,1","0,0","0,0","4,3","1,7","1,8","1,9","1,7","2,6","2,3","2,6","2,7","2,5","2,2","2,6","2,6","2,6","2,4","2,4","2,6","2,0","2,4","2,1","2,1","3,1","0,0","0,0","5,00","3,13","3,55","0,00","0,00","1,19","0,69","3,44","0,00","1,81","0,88","0,88","017976:15:11","Нет","Нет","Нет","000000:00:00","Отключение","100","Выкл.","Выкл.","Выкл.","Вкл.","Выкл.","Выкл.","Отказ переключателя","Выкл.","2059","2058","Закрыто","Разомкнут","Разомкнут","Выкл.","Выкл.","Выкл.","0","Вкл.","Максимальное открытие дроссельной заслонки","16","0","0","0","0","0","Не задано","Не задано","Не задано","Ограничение крутящего момента","Не определено","Вкл.","Выкл.","Допустимый сигнал","Допустимый сигнал","Допустимый сигнал","Синхронизация поддерживается","Синхронизация поддерживается","Синхронизация поддерживается","Выкл.","Неактивно","Выкл.","Вода не обнаружена","Температура во впускном коллекторе","Допустимый сигнал","Допустимый сигнал","Допустимый сигнал","Синхронизация поддерживается","Синхронизация поддерживается","Синхронизация поддерживается","В допустимых пределах","В допустимых пределах","В допустимых пределах","450,5","430,8","453,5","52","52","53,6","81,2","Аналоговый","0","Нет","391,05","0,00","0,00","Нормальный","5,00","5,00","5,00","5,00","5,00","5,00","5,00","5,00","5,00","5,00","5,00","5,00","1909","1906","1910","ОК","ОК","ОК",
18-май-2026,22:22:16.881,"0,0","В норме","0,00","88,3","19020115","19020115","19020115","018052:50:35","018051:43:11","018051:39:23","Выкл.","571,4","290,6","0,7","536,2","666","565","668","297","287","394","43","40","–","80,4","56","53","52","56","476","422","478","500","462","395","469","481","486","442","449","479","357","447","372","383","27,1","27,1","27,1","Главный","Главный","Главный","1550","0","1550","1125,00","0,00","0,00","1548","1548","1550","1125,00","0,00","0,00","0","1","144","0","0","0","0","0","0","0","0","0","52","Вкл.","345,7","0,0","27,4","27,4","27,4","27,4","1,8","3,4","3,4","2,1","0,0","0,0","4,2","1,7","1,8","1,8","1,7","2,6","2,3","2,6","2,7","2,5","2,2","2,6","2,6","2,6","2,4","2,4","2,6","2,0","2,4","2,1","2,1","3,1","0,0","0,0","5,00","3,13","3,62","0,00","0,00","1,19","0,75","3,44","0,00","1,81","0,88","0,88","017976:15:13","Нет","Нет","Нет","000000:00:00","Отключение","100","Выкл.","Выкл.","Выкл.","Вкл.","Выкл.","Выкл.","Отказ переключателя","Выкл.","2059","2058","Закрыто","Разомкнут","Разомкнут","Выкл.","Выкл.","Выкл.","0","Вкл.","Максимальное открытие дроссельной заслонки","16","0","0","0","0","0","Не задано","Не задано","Не задано","Ограничение крутящего момента","Не определено","Вкл.","Выкл.","Допустимый сигнал","Допустимый сигнал","Допустимый сигнал","Синхронизация поддерживается","Синхронизация поддерживается","Синхронизация поддерживается","Выкл.","Неактивно","Выкл.","Вода не обнаружена","Температура во впускном коллекторе","Допустимый сигнал","Допустимый сигнал","Допустимый сигнал","Синхронизация поддерживается","Синхронизация поддерживается","Синхронизация поддерживается","В допустимых пределах","В допустимых пределах","В допустимых пределах","453,3","430,8","453,5","52","52","54,1","81,3","Аналоговый","0","Нет","414,68","0,00","0,00","Нормальный","5,00","5,00","5,00","5,00","5,00","5,00","5,00","5,00","5,00","5,00","5,00","5,00","1899","1906","1902","ОК","ОК","ОК",
18-май-2026,22:22:17.881,"0,0","В норме","0,00","88,3","19020115","19020115","19020115","018052:50:37","018051:43:11","018051:39:24","Выкл.","570,0","290,6","0,7","536,2","666","565","668","297","287","394","43","44","–","80,4","56","53","52","56","476","424","478","502","462","397","469","484","487","442","450","479","368","447","375","383","27,1","27,1","27,1","Главный","Главный","Главный","1550","0","1550","1125,00","0,00","0,00","1548","1577","1550","1125,00","0,00","0,00","0","1","144","0","0","0","0","0","0","0","0","0","52","Вкл.","345,7","0,0","27,4","27,4","27,4","27,4","1,8","3,4","3,4","2,1","0,0","0,0","4,2","1,7","1,8","1,8","1,7","2,6","2,3","2,6","2,7","2,5","2,2","2,6","2,6","2,6","2,4","2,4","2,6","2,1","2,4","2,1","2,1","3,1","0,0","0,0","5,00","3,13","3,62","0,00","0,00","1,19","0,75","3,44","0,00","1,81","0,88","0,88","017976:15:13","Нет","Нет","Нет","000000:00:00","Отключение","100","Выкл.","Выкл.","Выкл.","Вкл.","Выкл.","Выкл.","Отказ переключателя","Выкл.","2059","2058","Закрыто","Разомкнут","Разомкнут","Выкл.","Выкл.","Выкл.","0","Вкл.","Максимальное открытие дроссельной заслонки","16","0","0","0","0","0","Не задано","Не задано","Не задано","Ограничение крутящего момента","Не определено","Вкл.","Выкл.","Допустимый сигнал","Допустимый сигнал","Допустимый сигнал","Синхронизация поддерживается","Синхронизация поддерживается","Синхронизация поддерживается","Выкл.","Неактивно","Выкл.","Вода не обнаружена","Температура во впускном коллекторе","Допустимый сигнал","Допустимый сигнал","Допустимый сигнал","Синхронизация поддерживается","Синхронизация поддерживается","Синхронизация поддерживается","В допустимых пределах","В допустимых пределах","В допустимых пределах","453,3","434,3","455,8","52","52","54,1","81,3","Аналоговый","0","Нет","414,68","0,00","0,00","Нормальный","5,00","5,00","5,00","5,00","5,00","5,00","5,00","5,00","5,00","5,00","5,00","5,00","1899","1897","1902","ОК","ОК","ОК",
18-май-2026,22:22:18.881,"0,0","В норме","0,00","88,3","19020115","19020115","19020115","018052:50:37","018051:43:13","018051:39:26","Выкл.","570,0","292,2","0,7","536,2","666","565","666","296","287","391","45","44","–","80,2","56","54","52","56","478","424","480","502","463","397","470","484","487","442","450","481","368","449","375","386","27,1","27,1","27,1","Главный","Главный","Главный","1550","0","1550","1125,00","0,00","0,00","1562","1577","1552","1125,00","0,00","0,00","0","1","144","0","0","0","0","0","0","0","0","0","50","Вкл.","384,1","0,0","27,4","27,4","27,4","27,4","1,8","3,5","3,4","2,1","0,0","0,0","4,3","1,6","1,8","1,8","1,7","2,6","2,3","2,6","2,7","2,5","2,2","2,6","2,6","2,6","2,4","2,4","2,6","2,1","2,4","2,1","2,1","3,1","0,0","0,0","5,00","3,13","3,62","0,00","0,00","1,19","0,75","3,44","0,00","1,81","0,88","0,88","017976:15:15","Нет","Нет","Нет","000000:00:00","Отключение","100","Выкл.","Выкл.","Выкл.","Вкл.","Выкл.","Выкл.","Отказ переключателя","Выкл.","2059","2058","Закрыто","Разомкнут","Разомкнут","Выкл.","Выкл.","Выкл.","0","Вкл.","Максимальное открытие дроссельной заслонки","16","0","0","0","0","0","Не задано","Не задано","Не задано","Ограничение крутящего момента","Не определено","Вкл.","Выкл.","Допустимый сигнал","Допустимый сигнал","Допустимый сигнал","Синхронизация поддерживается","Синхронизация поддерживается","Синхронизация поддерживается","Выкл.","Неактивно","Выкл.","Вода не обнаружена","Температура во впускном коллекторе","Допустимый сигнал","Допустимый сигнал","Допустимый сигнал","Синхронизация поддерживается","Синхронизация поддерживается","Синхронизация поддерживается","В допустимых пределах","В допустимых пределах","В допустимых пределах","455,5","434,3","455,8","52","52","54,7","81,4","Аналоговый","0","Нет","418,16","0,00","0,00","Нормальный","5,00","5,00","5,00","5,00","5,00","5,00","5,00","5,00","5,00","5,00","5,00","5,00","1898","1897","1897","ОК","ОК","ОК",
18-май-2026,22:22:19.881,"0,0","В норме","0,00","88,3","19020115","19020115","19020115","018052:50:39","018051:43:15","018051:39:26","Выкл.","568,8","292,2","0,7","536,2","666","565","663","296","289","391","45","42","–","80,2","56","54","52","56","478","427","481","503","464","398","470","486","488","443","451","482","378","451","378","388","27,1","27,1","27,1","Главный","Главный","Главный","1550","0","1550","1125,00","0,00","0,00","1562","1535","1540","1125,00","0,00","0,00","0","1","144","0","0","0","0","0","0","0","0","0","50","Вкл.","384,1","0,0","27,4","27,4","27,4","27,4","1,8","3,5","3,4","2,1","0,0","0,0","4,3","1,6","1,8","1,8","1,7","2,6","2,3","2,6","2,7","2,5","2,2","2,6","2,6","2,6","2,4","2,4","2,6","2,1","2,4","2,1","2,1","3,1","0,0","0,0","5,00","3,13","3,62","0,00","0,00","1,19","0,75","3,44","0,00","1,81","0,88","0,88","017976:15:15","Нет","Нет","Нет","000000:00:00","Отключение","100","Выкл.","Выкл.","Выкл.","Вкл.","Выкл.","Выкл.","Отказ переключателя","Выкл.","2059","2058","Закрыто","Разомкнут","Разомкнут","Выкл.","Выкл.","Выкл.","0","Вкл.","Максимальное открытие дроссельной заслонки","16","0","0","0","0","0","Не задано","Не задано","Не задано","Ограничение крутящего момента","Не определено","Вкл.","Выкл.","Допустимый сигнал","Допустимый сигнал","Допустимый сигнал","Синхронизация поддерживается","Синхронизация поддерживается","Синхронизация поддерживается","Выкл.","Неактивно","Выкл.","Вода не обнаружена","Температура во впускном коллекторе","Допустимый сигнал","Допустимый сигнал","Допустимый сигнал","Синхронизация поддерживается","Синхронизация поддерживается","Синхронизация поддерживается","В допустимых пределах","В допустимых пределах","В допустимых пределах","456,8","437,5","457,3","52","52","54,7","81,4","Аналоговый","0","Нет","418,16","0,00","0,00","Нормальный","5,00","5,00","5,00","5,00","5,00","5,00","5,00","5,00","5,00","5,00","5,00","5,00","1898","1899","1901","ОК","ОК","ОК",
18-май-2026,22:22:20.881,"0,0","В норме","0,00","88,3","19020115","19020115","19020115","018052:50:39","018051:43:15","018051:39:27","Выкл.","568,8","292,3","0,7","536,2","666","565","663","296","289","392","47","42","–","80,2","57","54","53","57","478","427","481","503","464","398","470","486","488","443","451","482","378","451","378","388","27,1","27,1","27,1","Главный","Главный","Главный","1550","0","1550","1062,50","0,00","0,00","1552","1535","1540","1125,00","0,00","0,00","0","1","144","0","0","0","0","0","0","0","0","0","47","Вкл.","384,0","0,0","27,4","27,4","27,4","27,4","1,8","3,5","3,4","2,1","0,0","0,0","4,3","1,6","1,8","1,8","1,6","2,6","2,3","2,6","2,7","2,5","2,2","2,6","2,6","2,6","2,4","2,4","2,6","2,1","2,4","2,1","2,1","3,1","0,0","0,0","5,00","3,13","3,56","0,00","0,00","1,19","0,75","3,44","0,00","1,81","0,88","0,88","017976:15:17","Нет","Нет","Нет","000000:00:00","Отключение","100","Выкл.","Выкл.","Выкл.","Вкл.","Выкл.","Выкл.","Отказ переключателя","Выкл.","2059","2058","Закрыто","Разомкнут","Разомкнут","Выкл.","Выкл.","Выкл.","0","Вкл.","Максимальное открытие дроссельной заслонки","16","0","0","0","0","0","Не задано","Не задано","Не задано","Ограничение крутящего момента","Не определено","Вкл.","Выкл.","Допустимый сигнал","Допустимый сигнал","Допустимый сигнал","Синхронизация поддерживается","Синхронизация поддерживается","Синхронизация поддерживается","Выкл.","Неактивно","Выкл.","Вода не обнаружена","Температура во впускном коллекторе","Допустимый сигнал","Допустимый сигнал","Допустимый сигнал","Синхронизация поддерживается","Синхронизация поддерживается","Синхронизация поддерживается","В допустимых пределах","В допустимых пределах","В допустимых пределах","456,8","437,5","457,3","52","52","55,2","81,4","Аналоговый","0","Нет","403,09","0,00","0,00","Нормальный","5,00","5,00","5,00","5,00","5,00","5,00","5,00","5,00","5,00","5,00","5,00","5,00","1897","1899","1901","ОК","ОК","ОК",
18-май-2026,22:22:21.881,"0,0","В норме","0,00","88,3","19020115","19020115","19020115","018052:50:40","018051:43:17","018051:39:29","Выкл.","569,5","292,3","0,7","536,2","666","565","663","296","287","392","47","54","–","80,2","57","54","53","57","478","428","481","504","464","400","470","487","490","443","452","482","387","451","382","388","27,1","27,1","27,1","Главный","Главный","Главный","1550","0","1550","1062,50","0,00","0,00","1552","1562","1540","1125,00","0,00","0,00","0","1","144","0","0","0","0","0","0","0","0","0","47","Вкл.","384,0","0,0","27,4","27,4","27,4","27,4","1,9","3,5","3,4","2,1","0,0","0,0","4,3","1,6","1,8","1,8","1,6","2,6","2,3","2,6","2,8","2,5","2,2","2,6","2,6","2,6","2,4","2,4","2,6","2,1","2,4","2,1","2,1","3,1","0,0","0,0","5,00","3,13","3,56","0,00","0,00","1,19","0,75","3,44","0,00","1,81","0,88","0,88","017976:15:17","Нет","Нет","Нет","000000:00:00","Отключение","100","Выкл.","Выкл.","Выкл.","Вкл.","Выкл.","Выкл.","Отказ переключателя","Выкл.","2059","2058","Закрыто","Разомкнут","Разомкнут","Выкл.","Выкл.","Выкл.","0","Вкл.","Максимальное открытие дроссельной заслонки","16","0","0","0","0","0","Не задано","Не задано","Не задано","Ограничение крутящего момента","Не определено","Вкл.","Выкл.","Допустимый сигнал","Допустимый сигнал","Допустимый сигнал","Синхронизация поддерживается","Синхронизация поддерживается","Синхронизация поддерживается","Выкл.","Неактивно","Выкл.","Вода не обнаружена","Температура во впускном коллекторе","Допустимый сигнал","Допустимый сигнал","Допустимый сигнал","Синхронизация поддерживается","Синхронизация поддерживается","Синхронизация поддерживается","В допустимых пределах","В допустимых пределах","В допустимых пределах","456,8","440,0","458,3","52","52","55,2","81,4","Аналоговый","0","Нет","403,09","0,00","0,00","Нормальный","5,00","5,00","5,00","5,00","5,00","5,00","5,00","5,00","5,00","5,00","5,00","5,00","1897","1898","1901","ОК","ОК","ОК",
18-май-2026,22:22:22.881,"0,0","В норме","0,00","88,3","19020115","19020115","19020115","018052:50:42","018051:43:17","018051:39:29","Выкл.","569,5","293,1","0,5","536,2","666","565","668","295","287","392","42","54","–","80,4","58","55","53","57","480","428","482","504","465","400","470","487","490","444","452","484","387","453","382","391","27,0","27,1","27,1","Главный","Главный","Главный","1550","0","1550","1125,00","0,00","0,00","1545","1562","1574","1125,00","0,00","0,00","0","1","144","0","0","0","0","0","0","0","0","0","44","Вкл.","383,9","0,0","27,4","27,4","27,4","27,4","1,9","3,5","3,4","2,1","0,0","0,0","4,1","1,6","1,7","1,8","1,6","2,6","2,3","2,6","2,8","2,5","2,2","2,6","2,6","2,6","2,4","2,4","2,6","2,1","2,4","2,1","2,2","3,1","0,0","0,0","5,00","3,13","3,61","0,00","0,00","1,19","0,63","3,50","0,00","1,81","0,81","0,88","017976:15:19","Нет","Нет","Нет","000000:00:00","Отключение","100","Выкл.","Выкл.","Выкл.","Вкл.","Выкл.","Выкл.","Отказ переключателя","Выкл.","2059","2058","Закрыто","Разомкнут","Разомкнут","Выкл.","Выкл.","Выкл.","0","Вкл.","Максимальное открытие дроссельной заслонки","16","0","0","0","0","0","Не задано","Не задано","Не задано","Ограничение крутящего момента","Не определено","Вкл.","Выкл.","Допустимый сигнал","Допустимый сигнал","Допустимый сигнал","Синхронизация поддерживается","Синхронизация поддерживается","Синхронизация поддерживается","Выкл.","Неактивно","Выкл.","Вода не обнаружена","Температура во впускном коллекторе","Допустимый сигнал","Допустимый сигнал","Допустимый сигнал","Синхронизация поддерживается","Синхронизация поддерживается","Синхронизация поддерживается","В допустимых пределах","В допустимых пределах","В допустимых пределах","458,0","440,0","458,3","52","52","55,8","81,6","Аналоговый","0","Нет","396,23","0,00","0,00","Нормальный","5,00","5,00","5,00","5,00","5,00","5,00","5,00","5,00","5,00","5,00","5,00","5,00","1899","1898","1898","ОК","ОК","ОК",
18-май-2026,22:22:23.881,"0,0","В норме","0,00","88,3","19020115","19020115","19020115","018052:50:42","018051:43:18","018051:39:31","Выкл.","568,4","293,1","0,5","536,2","666","565","668","295","290","392","42","39","–","80,4","58","55","53","57","480","429","482","505","465","400","470","488","491","444","453","484","394","453","384","391","27,0","27,0","27,1","Главный","Главный","Главный","1550","0","1550","1125,00","0,00","0,00","1545","1562","1574","1125,00","0,00","0,00","0","1","144","0","0","0","0","0","0","0","0","0","44","Вкл.","383,9","0,0","27,4","27,4","27,4","27,4","1,8","3,5","3,4","2,1","0,0","0,0","4,1","1,6","1,7","1,8","1,6","2,6","2,4","2,6","2,8","2,5","2,2","2,6","2,6","2,7","2,4","2,4","2,6","2,2","2,4","2,1","2,2","3,1","0,0","0,0","5,00","3,13","3,61","0,00","0,00","1,19","0,63","3,50","0,00","1,81","0,81","0,88","017976:15:19","Нет","Нет","Нет","000000:00:00","Отключение","100","Выкл.","Выкл.","Выкл.","Вкл.","Выкл.","Выкл.","Отказ переключателя","Выкл.","2059","2058","Закрыто","Разомкнут","Разомкнут","Выкл.","Выкл.","Выкл.","0","Вкл.","Максимальное открытие дроссельной заслонки","16","0","0","0","0","0","Не задано","Не задано","Не задано","Ограничение крутящего момента","Не определено","Вкл.","Выкл.","Допустимый сигнал","Допустимый сигнал","Допустимый сигнал","Синхронизация поддерживается","Синхронизация поддерживается","Синхронизация поддерживается","Выкл.","Неактивно","Выкл.","Вода не обнаружена","Температура во впускном коллекторе","Допустимый сигнал","Допустимый сигнал","Допустимый сигнал","Синхронизация поддерживается","Синхронизация поддерживается","Синхронизация поддерживается","В допустимых пределах","В допустимых пределах","В допустимых пределах","458,0","442,0","459,3","52","52","55,8","81,6","Аналоговый","0","Нет","396,23","0,00","0,00","Нормальный","5,00","5,00","5,00","5,00","5,00","5,00","5,00","5,00","5,00","5,00","5,00","5,00","1899","1899","1898","ОК","ОК","ОК",
18-май-2026,22:22:24.881,"0,0","В норме","0,00","88,3","19020115","19020115","19020115","018052:50:44","018051:43:20","018051:39:31","Выкл.","568,4","293,9","0,7","536,2","667","565","667","299","290","389","42","39","–","80,4","58","55","54","58","482","429","482","505","467","400","470","488","491","445","453","485","394","454","384","393","26,9","27,0","27,0","Главный","Главный","Главный","1550","0","1550","1125,00","0,00","0,00","1570","1562","1548","1125,00","0,00","0,00","0","1","144","0","0","0","0","0","0","0","0","0","43","Вкл.","345,4","0,0","27,4","27,4","27,4","27,4","1,8","3,5","3,4","2,1","0,0","0,0","4,2","1,6","1,7","1,8","1,6","2,6","2,4","2,6","2,8","2,6","2,2","2,6","2,6","2,7","2,4","2,4","2,6","2,2","2,5","2,1","2,2","3,1","0,0","0,0","5,00","3,13","3,64","0,00","0,00","1,19","0,75","3,50","0,00","1,81","0,81","0,88","017976:15:22","Нет","Нет","Нет","000000:00:00","Отключение","100","Выкл.","Выкл.","Выкл.","Вкл.","Выкл.","Выкл.","Отказ переключателя","Выкл.","2059","2058","Закрыто","Разомкнут","Разомкнут","Выкл.","Выкл.","Выкл.","0","Вкл.","Максимальное открытие дроссельной заслонки","16","0","0","0","0","0","Не задано","Не задано","Не задано","Ограничение крутящего момента","Не определено","Вкл.","Выкл.","Допустимый сигнал","Допустимый сигнал","Допустимый сигнал","Синхронизация поддерживается","Синхронизация поддерживается","Синхронизация поддерживается","Выкл.","Неактивно","Выкл.","Вода не обнаружена","Температура во впускном коллекторе","Допустимый сигнал","Допустимый сигнал","Допустимый сигнал","Синхронизация поддерживается","Синхронизация поддерживается","Синхронизация поддерживается","В допустимых пределах","В допустимых пределах","В допустимых пределах","459,3","442,0","459,3","52","52","56,2","81,6","Аналоговый","0","Нет","417,71","0,00","0,00","Нормальный","5,00","5,00","5,00","5,00","5,00","5,00","5,00","5,00","5,00","5,00","5,00","5,00","1901","1899","1901","ОК","ОК","ОК",
18-май-2026,22:22:25.881,"0,0","В норме","0,00","88,3","19020115","19020115","19020115","018052:50:44","018051:43:20","018051:39:33","Выкл.","565,1","293,9","0,7","527,0","667","565","667","299","291","389","42","32","–","80,4","58","55","54","58","482","431","482","507","467","402","470","490","493","445","455","485","402","454","388","393","26,9","26,9","27,0","Главный","Главный","Главный","1550","0","1550","1125,00","0,00","0,00","1570","1543","1548","1125,00","0,00","0,00","0","1","144","0","0","0","0","0","0","0","0","0","43","Вкл.","345,4","0,0","27,4","27,5","27,4","27,4","1,8","3,5","3,4","2,1","0,0","0,0","4,2","1,6","1,7","1,8","1,6","2,6","2,4","2,6","2,8","2,6","2,2","2,6","2,6","2,7","2,4","2,5","2,6","2,2","2,5","2,1","2,2","3,1","0,0","0,0","5,00","3,13","3,64","0,00","0,00","1,19","0,75","3,50","0,00","1,81","0,81","0,88","017976:15:22","Нет","Нет","Нет","000000:00:00","Отключение","100","Выкл.","Выкл.","Выкл.","Вкл.","Выкл.","Выкл.","Отказ переключателя","Выкл.","2059","2058","Закрыто","Разомкнут","Разомкнут","Выкл.","Выкл.","Выкл.","0","Вкл.","Максимальное открытие дроссельной заслонки","16","0","0","0","0","0","Не задано","Не задано","Не задано","Ограничение крутящего момента","Не определено","Вкл.","Выкл.","Допустимый сигнал","Допустимый сигнал","Допустимый сигнал","Синхронизация поддерживается","Синхронизация поддерживается","Синхронизация поддерживается","Выкл.","Неактивно","Выкл.","Вода не обнаружена","Температура во впускном коллекторе","Допустимый сигнал","Допустимый сигнал","Допустимый сигнал","Синхронизация поддерживается","Синхронизация поддерживается","Синхронизация поддерживается","В допустимых пределах","В допустимых пределах","В допустимых пределах","459,3","445,0","460,8","52","52","56,2","81,6","Аналоговый","0","Нет","417,71","0,00","0,00","Нормальный","5,00","5,00","5,00","5,00","5,00","5,00","5,00","5,00","5,00","5,00","5,00","5,00","1901","1904","1901","ОК","ОК","ОК",
18-май-2026,22:22:26.917,"0,0","В норме","0,00","88,3","19020115","19020115","19020115","018052:50:46","018051:43:22","018051:39:34","Выкл.","565,1","293,1","0,6","527,0","666","565","666","300","291","391","43","32","–","80,7","59","56","54","58","483","431","484","507","467","402","470","490","493","446","455","487","402","455","388","395","26,8","26,9","26,9","Главный","Главный","Главный","1550","0","1550","1125,00","0,00","0,00","1560","1543","1526","1125,00","0,00","0,00","0","1","144","0","0","0","0","0","0","0","0","0","41","Вкл.","345,4","0,0","27,4","27,5","27,4","27,4","1,8","3,5","3,4","2,1","0,0","0,0","4,2","1,6","1,7","1,8","1,6","2,6","2,4","2,6","2,8","2,6","2,2","2,6","2,6","2,7","2,4","2,5","2,6","2,2","2,5","2,1","2,2","3,1","0,0","0,0","5,00","3,13","3,59","0,00","0,00","1,19","0,69","3,44","0,00","1,81","0,81","0,88","017976:15:24","Нет","Нет","Нет","000000:00:00","Отключение","100","Выкл.","Выкл.","Выкл.","Вкл.","Выкл.","Выкл.","Отказ переключателя","Выкл.","2059","2058","Закрыто","Разомкнут","Разомкнут","Выкл.","Выкл.","Выкл.","0","Вкл.","Максимальное открытие дроссельной заслонки","16","0","0","0","0","0","Не задано","Не задано","Не задано","Ограничение крутящего момента","Не определено","Вкл.","Выкл.","Допустимый сигнал","Допустимый сигнал","Допустимый сигнал","Синхронизация поддерживается","Синхронизация поддерживается","Синхронизация поддерживается","Выкл.","Неактивно","Выкл.","Вода не обнаружена","Температура во впускном коллекторе","Допустимый сигнал","Допустимый сигнал","Допустимый сигнал","Синхронизация поддерживается","Синхронизация поддерживается","Синхронизация поддерживается","В допустимых пределах","В допустимых пределах","В допустимых пределах","460,5","445,0","460,8","52","52","56,6","81,7","Аналоговый","0","Нет","400,28","0,00","0,00","Нормальный","5,00","5,00","5,00","5,00","5,00","5,00","5,00","5,00","5,00","5,00","5,00","5,00","1899","1904","1901","ОК","ОК","ОК",
18-май-2026,22:22:27.917,"0,0","В норме","0,00","88,3","19020115","19020115","19020115","018052:50:46","018051:43:22","018051:39:34","Выкл.","563,3","293,1","0,6","527,0","666","565","666","300","291","391","43","46","–","80,7","59","56","54","58","483","432","484","508","467","402","470","490","494","446","456","487","406","455","390","395","26,8","26,9","26,9","Главный","Главный","Главный","1550","0","1550","1125,00","0,00","0,00","1560","1552","1526","1125,00","0,00","0,00","0","1","144","0","0","0","0","0","0","0","0","0","41","Вкл.","345,4","0,0","27,4","27,4","27,4","27,4","1,8","3,5","3,4","2,1","0,0","0,0","4,2","1,6","1,7","1,8","1,6","2,6","2,4","2,6","2,8","2,6","2,2","2,6","2,6","2,7","2,4","2,5","2,6","2,3","2,5","2,1","2,2","3,1","0,0","0,0","5,00","3,13","3,59","0,00","0,00","1,19","0,69","3,44","0,00","1,81","0,81","0,88","017976:15:24","Нет","Нет","Нет","000000:00:00","Отключение","100","Выкл.","Выкл.","Выкл.","Вкл.","Выкл.","Выкл.","Отказ переключателя","Выкл.","2059","2058","Закрыто","Разомкнут","Разомкнут","Выкл.","Выкл.","Выкл.","0","Вкл.","Максимальное открытие дроссельной заслонки","16","0","0","0","0","0","Не задано","Не задано","Не задано","Ограничение крутящего момента","Не определено","Вкл.","Выкл.","Допустимый сигнал","Допустимый сигнал","Допустимый сигнал","Синхронизация поддерживается","Синхронизация поддерживается","Синхронизация поддерживается","Выкл.","Неактивно","Выкл.","Вода не обнаружена","Температура во впускном коллекторе","Допустимый сигнал","Допустимый сигнал","Допустимый сигнал","Синхронизация поддерживается","Синхронизация поддерживается","Синхронизация поддерживается","В допустимых пределах","В допустимых пределах","В допустимых пределах","460,5","446,8","462,0","52","52","56,6","81,7","Аналоговый","0","Нет","400,28","0,00","0,00","Нормальный","5,00","5,00","5,00","5,00","5,00","5,00","5,00","5,00","5,00","5,00","5,00","5,00","1899","1902","1901","ОК","ОК","ОК",
18-май-2026,22:22:28.975,"0,0","В норме","0,00","88,3","19020115","19020115","19020115","018052:50:47","018051:43:23","018051:39:36","Выкл.","563,3","294,8","0,8","527,0","668","565","667","300","291","396","36","46","–","80,9","59","56","54","59","485","432","484","508","467","402","471","490","494","447","456","488","406","456","390","397","26,8","26,9","26,8","Главный","Главный","Главный","1550","0","1550","1125,00","0,00","0,00","1552","1552","1552","1125,00","0,00","0,00","0","1","144","0","0","0","0","0","0","0","0","0","39","Вкл.","383,8","0,0","27,4","27,4","27,4","27,4","1,8","3,5","3,4","2,1","0,0","0,0","4,3","1,6","1,7","1,8","1,6","2,6","2,4","2,6","2,8","2,6","2,2","2,6","2,6","2,7","2,4","2,5","2,6","2,3","2,5","2,1","2,2","3,1","0,0","0,0","5,00","3,13","3,58","0,00","0,00","1,19","0,75","3,44","0,00","1,81","0,81","0,88","017976:15:26","Нет","Нет","Нет","000000:00:00","Отключение","100","Выкл.","Выкл.","Выкл.","Вкл.","Выкл.","Выкл.","Отказ переключателя","Выкл.","2059","2058","Закрыто","Разомкнут","Разомкнут","Выкл.","Выкл.","Выкл.","0","Вкл.","Максимальное открытие дроссельной заслонки","16","0","0","0","0","0","Не задано","Не задано","Не задано","Ограничение крутящего момента","Не определено","Вкл.","Выкл.","Допустимый сигнал","Допустимый сигнал","Допустимый сигнал","Синхронизация поддерживается","Синхронизация поддерживается","Синхронизация поддерживается","Выкл.","Неактивно","Выкл.","Вода не обнаружена","Температура во впускном коллекторе","Допустимый сигнал","Допустимый сигнал","Допустимый сигнал","Синхронизация поддерживается","Синхронизация поддерживается","Синхронизация поддерживается","В допустимых пределах","В допустимых пределах","В допустимых пределах","461,5","446,8","462,0","52","52","57,0","81,8","Аналоговый","0","Нет","418,95","0,00","0,00","Нормальный","5,00","5,00","5,00","5,00","5,00","5,00","5,00","5,00","5,00","5,00","5,00","5,00","1897","1902","1901","ОК","ОК","ОК",
18-май-2026,22:22:29.975,"0,0","В норме","0,00","88,3","19020115","19020115","19020115","018052:50:49","018051:43:25","018051:39:36","Выкл.","565,0","294,8","0,8","527,0","668","565","667","300","290","396","36","40","–","80,9","59","56","54","59","485","434","484","508","467","404","471","491","496","447","456","488","410","456","392","397","26,8","26,8","26,8","Главный","Главный","Главный","1550","0","1550","1125,00","0,00","0,00","1552","1572","1552","1125,00","0,00","0,00","0","1","144","0","0","0","0","0","0","0","0","0","39","Вкл.","383,8","0,0","27,4","27,5","27,4","27,4","1,8","3,5","3,4","2,1","0,0","0,0","4,3","1,6","1,7","1,8","1,6","2,6","2,4","2,6","2,8","2,6","2,3","2,6","2,6","2,7","2,4","2,5","2,6","2,3","2,5","2,2","2,2","3,1","0,0","0,0","5,00","3,13","3,58","0,00","0,00","1,19","0,75","3,44","0,00","1,81","0,81","0,88","017976:15:26","Нет","Нет","Нет","000000:00:00","Отключение","100","Выкл.","Выкл.","Выкл.","Вкл.","Выкл.","Выкл.","Отказ переключателя","Выкл.","2059","2058","Закрыто","Разомкнут","Разомкнут","Выкл.","Выкл.","Выкл.","0","Вкл.","Максимальное открытие дроссельной заслонки","16","0","0","0","0","0","Не задано","Не задано","Не задано","Ограничение крутящего момента","Не определено","Вкл.","Выкл.","Допустимый сигнал","Допустимый сигнал","Допустимый сигнал","Синхронизация поддерживается","Синхронизация поддерживается","Синхронизация поддерживается","Выкл.","Неактивно","Выкл.","Вода не обнаружена","Температура во впускном коллекторе","Допустимый сигнал","Допустимый сигнал","Допустимый сигнал","Синхронизация поддерживается","Синхронизация поддерживается","Синхронизация поддерживается","В допустимых пределах","В допустимых пределах","В допустимых пределах","461,5","448,0","462,8","52","52","57,0","81,8","Аналоговый","0","Нет","418,95","0,00","0,00","Нормальный","5,00","5,00","5,00","5,00","5,00","5,00","5,00","5,00","5,00","5,00","5,00","5,00","1897","1900","1901","ОК","ОК","ОК",
18-май-2026,22:22:30.975,"0,0","В норме","0,00","88,3","19020115","19020115","19020115","018052:50:50","018051:43:25","018051:39:38","Выкл.","565,0","293,8","0,7","527,0","666","565","665","298","290","386","42","40","–","81,1","59","56","55","59","486","434","485","508","468","404","471","491","496","448","456","489","410","458","392","399","26,7","26,8","26,7","Главный","Главный","Главный","1550","0","1550","1125,00","0,00","0,00","1543","1572","1538","1125,00","0,00","0,00","0","1","144","0","0","0","0","0","0","0","0","0","38","Вкл.","345,6","0,0","27,4","27,5","27,4","27,4","1,8","3,5","3,4","2,1","0,0","0,0","4,2","1,5","1,6","1,8","1,6","2,6","2,4","2,6","2,8","2,6","2,3","2,6","2,6","2,7","2,4","2,5","2,6","2,3","2,5","2,2","2,2","3,1","0,0","0,0","5,00","3,13","3,60","0,00","0,00","1,19","0,75","3,44","0,00","1,81","0,81","0,88","017976:15:28","Нет","Нет","Нет","000000:00:00","Отключение","100","Выкл.","Выкл.","Выкл.","Вкл.","Выкл.","Выкл.","Отказ переключателя","Выкл.","2059","2058","Закрыто","Разомкнут","Разомкнут","Выкл.","Выкл.","Выкл.","0","Вкл.","Максимальное открытие дроссельной заслонки","16","0","0","0","0","0","Не задано","Не задано","Не задано","Ограничение крутящего момента","Не определено","Вкл.","Выкл.","Допустимый сигнал","Допустимый сигнал","Допустимый сигнал","Синхронизация поддерживается","Синхронизация поддерживается","Синхронизация поддерживается","Выкл.","Неактивно","Выкл.","Вода не обнаружена","Температура во впускном коллекторе","Допустимый сигнал","Допустимый сигнал","Допустимый сигнал","Синхронизация поддерживается","Синхронизация поддерживается","Синхронизация поддерживается","В допустимых пределах","В допустимых пределах","В допустимых пределах","462,5","448,0","462,8","52","52","57,2","81,7","Аналоговый","0","Нет","406,35","0,00","0,00","Нормальный","5,00","5,00","5,00","5,00","5,00","5,00","5,00","5,00","5,00","5,00","5,00","5,00","1895","1900","1899","ОК","ОК","ОК",
18-май-2026,22:22:31.975,"0,0","В норме","0,00","88,3","19020115","19020115","19020115","018052:50:50","018051:43:26","018051:39:39","Выкл.","564,4","293,8","0,7","527,0","666","565","665","298","291","386","42","34","–","81,1","59","56","55","59","486","434","485","508","468","404","471","491","496","448","457","489","412","458","394","399","26,7","26,7","26,7","Главный","Главный","Главный","1550","0","1550","1125,00","0,00","0,00","1543","1545","1538","1125,00","0,00","0,00","0","1","144","0","0","0","0","0","0","0","0","0","38","Вкл.","345,6","0,0","27,4","27,4","27,4","27,4","1,8","3,5","3,4","2,1","0,0","0,0","4,2","1,5","1,6","1,8","1,6","2,6","2,4","2,6","2,8","2,6","2,3","2,6","2,6","2,7","2,4","2,5","2,6","2,3","2,5","2,2","2,2","3,1","0,0","0,0","5,00","3,13","3,60","0,00","0,00","1,19","0,75","3,44","0,00","1,81","0,81","0,88","017976:15:28","Нет","Нет","Нет","000000:00:00","Отключение","100","Выкл.","Выкл.","Выкл.","Вкл.","Выкл.","Выкл.","Отказ переключателя","Выкл.","2059","2058","Закрыто","Разомкнут","Разомкнут","Выкл.","Выкл.","Выкл.","0","Вкл.","Максимальное открытие дроссельной заслонки","16","0","0","0","0","0","Не задано","Не задано","Не задано","Ограничение крутящего момента","Не определено","Вкл.","Выкл.","Допустимый сигнал","Допустимый сигнал","Допустимый сигнал","Синхронизация поддерживается","Синхронизация поддерживается","Синхронизация поддерживается","Выкл.","Неактивно","Выкл.","Вода не обнаружена","Температура во впускном коллекторе","Допустимый сигнал","Допустимый сигнал","Допустимый сигнал","Синхронизация поддерживается","Синхронизация поддерживается","Синхронизация поддерживается","В допустимых пределах","В допустимых пределах","В допустимых пределах","462,5","449,0","463,5","52","52","57,2","81,7","Аналоговый","0","Нет","406,35","0,00","0,00","Нормальный","5,00","5,00","5,00","5,00","5,00","5,00","5,00","5,00","5,00","5,00","5,00","5,00","1895","1895","1899","ОК","ОК","ОК",
18-май-2026,22:22:33.052,"0,0","В норме","0,00","88,3","19020115","19020115","19020115","018052:50:52","018051:43:28","018051:39:39","Выкл.","564,4","293,1","0,7","527,0","665","565","667","297","291","388","50","34","–","81,1","60","57","55","59","487","434","486","508","469","404","470","491","496","449","457","490","412","459","394","401","26,7","26,7","26,7","Главный","Главный","Главный","1550","0","1550","1125,00","0,00","0,00","1535","1545","1548","1125,00","0,00","0,00","0","1","144","0","0","0","0","0","0","0","0","0","36","Вкл.","345,6","0,0","27,4","27,4","27,4","27,4","1,8","3,4","3,4","2,1","0,0","0,0","4,2","1,5","1,6","1,7","1,6","2,6","2,4","2,6","2,8","2,6","2,3","2,6","2,6","2,7","2,4","2,5","2,6","2,3","2,5","2,2","2,2","3,1","0,0","0,0","5,00","3,13","3,58","0,00","0,00","1,19","0,75","3,44","0,00","1,81","0,81","0,88","017976:15:30","Нет","Нет","Нет","000000:00:00","Отключение","100","Выкл.","Выкл.","Выкл.","Вкл.","Выкл.","Выкл.","Отказ переключателя","Выкл.","2059","2058","Закрыто","Разомкнут","Разомкнут","Выкл.","Выкл.","Выкл.","0","Вкл.","Максимальное открытие дроссельной заслонки","16","0","0","0","0","0","Не задано","Не задано","Не задано","Ограничение крутящего момента","Не определено","Вкл.","Выкл.","Допустимый сигнал","Допустимый сигнал","Допустимый сигнал","Синхронизация поддерживается","Синхронизация поддерживается","Синхронизация поддерживается","Выкл.","Неактивно","Выкл.","Вода не обнаружена","Температура во впускном коллекторе","Допустимый сигнал","Допустимый сигнал","Допустимый сигнал","Синхронизация поддерживается","Синхронизация поддерживается","Синхронизация поддерживается","В допустимых пределах","В допустимых пределах","В допустимых пределах","463,3","449,0","463,5","52","52","57,5","81,8","Аналоговый","0","Нет","412,65","0,00","0,00","Нормальный","5,00","5,00","5,00","5,00","5,00","5,00","5,00","5,00","5,00","5,00","5,00","5,00","1897","1895","1894","ОК","ОК","ОК",
18-май-2026,22:22:34.052,"0,0","В норме","0,00","88,3","19020115","19020115","19020115","018052:50:52","018051:43:28","018051:39:41","Выкл.","561,4","293,1","0,7","527,0","665","565","667","297","290","388","50","43","–","81,1","60","57","55","59","487","436","486","509","469","406","470","492","496","449","458","490","411","459","396","401","26,7","26,6","26,7","Главный","Главный","Главный","1550","0","1550","1125,00","0,00","0,00","1535","1550","1548","1125,00","0,00","0,00","0","1","144","0","0","0","0","0","0","0","0","0","36","Вкл.","345,6","0,0","27,4","27,4","27,4","27,4","1,8","3,4","3,4","2,1","0,0","0,0","4,2","1,5","1,6","1,7","1,6","2,6","2,4","2,6","2,8","2,6","2,3","2,6","2,7","2,7","2,4","2,5","2,6","2,3","2,5","2,2","2,2","3,1","0,0","0,0","5,00","3,13","3,58","0,00","0,00","1,19","0,75","3,44","0,00","1,81","0,81","0,88","017976:15:30","Нет","Нет","Нет","000000:00:00","Отключение","100","Выкл.","Выкл.","Выкл.","Вкл.","Выкл.","Выкл.","Отказ переключателя","Выкл.","2059","2058","Закрыто","Разомкнут","Разомкнут","Выкл.","Выкл.","Выкл.","0","Вкл.","Максимальное открытие дроссельной заслонки","16","0","0","0","0","0","Не задано","Не задано","Не задано","Ограничение крутящего момента","Не определено","Вкл.","Выкл.","Допустимый сигнал","Допустимый сигнал","Допустимый сигнал","Синхронизация поддерживается","Синхронизация поддерживается","Синхронизация поддерживается","Выкл.","Неактивно","Выкл.","Вода не обнаружена","Температура во впускном коллекторе","Допустимый сигнал","Допустимый сигнал","Допустимый сигнал","Синхронизация поддерживается","Синхронизация поддерживается","Синхронизация поддерживается","В допустимых пределах","В допустимых пределах","В допустимых пределах","463,3","450,0","464,5","52","52","57,5","81,8","Аналоговый","0","Нет","412,65","0,00","0,00","Нормальный","5,00","5,00","5,00","5,00","5,00","5,00","5,00","5,00","5,00","5,00","5,00","5,00","1897","1896","1894","ОК","ОК","ОК",
18-май-2026,22:22:35.052,"0,0","В норме","0,00","88,3","19020115","19020115","19020115","018052:50:54","018051:43:30","018051:39:42","Выкл.","561,4","293,1","0,7","527,0","665","565","665","297","290","388","50","43","–","81,1","60","57","55","59","487","436","486","509","470","406","471","492","496","450","458","490","411","461","396","402","26,7","26,6","26,6","Главный","Главный","Главный","1550","0","1550","1125,00","0,00","0,00","1535","1550","1548","1125,00","0,00","0,00","0","1","144","0","0","0","0","0","0","0","0","0","36","Вкл.","345,6","0,0","27,4","27,4","27,4","27,4","1,8","3,4","3,4","2,1","0,0","0,0","4,2","1,5","1,6","1,7","1,6","2,6","2,4","2,6","2,8","2,6","2,3","2,6","2,7","2,7","2,4","2,5","2,6","2,3","2,5","2,2","2,2","3,1","0,0","0,0","5,00","3,13","3,58","0,00","0,00","1,19","0,75","3,44","0,00","1,81","0,81","0,88","017976:15:30","Нет","Нет","Нет","000000:00:00","Отключение","100","Выкл.","Выкл.","Выкл.","Вкл.","Выкл.","Выкл.","Отказ переключателя","Выкл.","2059","2058","Закрыто","Разомкнут","Разомкнут","Выкл.","Выкл.","Выкл.","0","Вкл.","Максимальное открытие дроссельной заслонки","16","0","0","0","0","0","Не задано","Не задано","Не задано","Ограничение крутящего момента","Не определено","Вкл.","Выкл.","Допустимый сигнал","Допустимый сигнал","Допустимый сигнал","Синхронизация поддерживается","Синхронизация поддерживается","Синхронизация поддерживается","Выкл.","Неактивно","Выкл.","Вода не обнаружена","Температура во впускном коллекторе","Допустимый сигнал","Допустимый сигнал","Допустимый сигнал","Синхронизация поддерживается","Синхронизация поддерживается","Синхронизация поддерживается","В допустимых пределах","В допустимых пределах","В допустимых пределах","464,3","450,0","464,5","52","52","57,5","81,8","Аналоговый","0","Нет","412,65","0,00","0,00","Нормальный","5,00","5,00","5,00","5,00","5,00","5,00","5,00","5,00","5,00","5,00","5,00","5,00","1897","1896","1895","ОК","ОК","ОК",
18-май-2026,22:22:36.052,"0,0","В норме","0,00","88,3","19020115","19020115","19020115","018052:50:54","018051:43:30","018051:39:42","Выкл.","563,0","293,3","0,6","527,0","666","565","665","297","291","390","39","36","–","81,3","60","57","55","59","487","437","486","510","470","406","471","491","496","450","459","490","409","461","397","402","26,6","26,6","26,6","Главный","Главный","Главный","1550","0","1550","1125,00","0,00","0,00","1548","1567","1548","1125,00","0,00","0,00","0","1","144","0","0","0","0","0","0","0","0","0","35","Вкл.","345,8","0,0","27,4","27,4","27,4","27,4","1,8","3,4","3,4","2,1","0,0","0,0","4,2","1,5","1,6","1,7","1,5","2,6","2,4","2,6","2,8","2,6","2,3","2,6","2,6","2,7","2,4","2,5","2,6","2,3","2,5","2,2","2,2","3,1","0,0","0,0","5,00","3,13","3,63","0,00","0,00","1,19","0,69","3,44","0,00","1,81","0,81","0,88","017976:15:32","Нет","Нет","Нет","000000:00:00","Отключение","100","Выкл.","Выкл.","Выкл.","Вкл.","Выкл.","Выкл.","Отказ переключателя","Выкл.","2059","2058","Закрыто","Разомкнут","Разомкнут","Выкл.","Выкл.","Выкл.","0","Вкл.","Максимальное открытие дроссельной заслонки","16","0","0","0","0","0","Не задано","Не задано","Не задано","Ограничение крутящего момента","Не определено","Вкл.","Выкл.","Допустимый сигнал","Допустимый сигнал","Допустимый сигнал","Синхронизация поддерживается","Синхронизация поддерживается","Синхронизация поддерживается","Выкл.","Неактивно","Выкл.","Вода не обнаружена","Температура во впускном коллекторе","Допустимый сигнал","Допустимый сигнал","Допустимый сигнал","Синхронизация поддерживается","Синхронизация поддерживается","Синхронизация поддерживается","В допустимых пределах","В допустимых пределах","В допустимых пределах","464,3","450,8","465,3","52","52","57,8","81,8","Аналоговый","0","Нет","411,75","0,00","0,00","Нормальный","5,00","5,00","5,00","5,00","5,00","5,00","5,00","5,00","5,00","5,00","5,00","5,00","1897","1899","1895","ОК","ОК","ОК",
18-май-2026,22:22:37.097,"0,0","В норме","0,00","88,3","19020115","19020115","19020115","018052:50:56","018051:43:32","018051:39:44","Выкл.","563,0","293,6","0,5","527,0","667","565","668","300","291","392","38","36","–","81,5","60","57","56","60","488","437","487","510","470","406","471","491","496","451","459","491","409","461","397","404","26,6","26,6","26,6","Главный","Главный","Главный","1550","0","1550","1125,00","0,00","0,00","1562","1567","1530","1125,00","0,00","0,00","0","1","144","0","0","0","0","0","0","0","0","0","34","Вкл.","345,4","0,0","27,5","27,4","27,4","27,4","1,8","3,5","3,4","2,1","0,0","0,0","4,2","1,5","1,6","1,7","1,5","2,6","2,4","2,6","2,8","2,6","2,3","2,6","2,6","2,7","2,4","2,5","2,7","2,3","2,5","2,2","2,3","3,1","0,0","0,0","5,00","3,13","3,61","0,00","0,00","1,19","0,63","3,44","0,00","1,81","0,81","0,81","017976:15:34","Нет","Нет","Нет","000000:00:00","Отключение","100","Выкл.","Выкл.","Выкл.","Вкл.","Выкл.","Выкл.","Отказ переключателя","Выкл.","2059","2058","Закрыто","Разомкнут","Разомкнут","Выкл.","Выкл.","Выкл.","0","Вкл.","Максимальное открытие дроссельной заслонки","16","0","0","0","0","0","Не задано","Не задано","Не задано","Ограничение крутящего момента","Не определено","Вкл.","Выкл.","Допустимый сигнал","Допустимый сигнал","Допустимый сигнал","Синхронизация поддерживается","Синхронизация поддерживается","Синхронизация поддерживается","Выкл.","Неактивно","Выкл.","Вода не обнаружена","Температура во впускном коллекторе","Допустимый сигнал","Допустимый сигнал","Допустимый сигнал","Синхронизация поддерживается","Синхронизация поддерживается","Синхронизация поддерживается","В допустимых пределах","В допустимых пределах","В допустимых пределах","465,3","450,8","465,3","52","52","58,1","81,9","Аналоговый","0","Нет","400,28","0,00","0,00","Нормальный","5,00","5,00","5,00","5,00","5,00","5,00","5,00","5,00","5,00","5,00","5,00","5,00","1896","1899","1895","ОК","ОК","ОК",
18-май-2026,22:22:38.097,"0,0","В норме","0,00","88,3","19020115","19020115","19020115","018052:50:56","018051:43:32","018051:39:44","Выкл.","558,0","293,6","0,5","527,0","667","565","667","300","292","392","38","43","–","81,5","60","57","56","60","489","438","488","511","472","408","472","491","498","452","460","492","407","463","399","406","26,6","26,5","26,5","Главный","Главный","Главный","1550","0","1550","1125,00","0,00","0,00","1562","1533","1545","1125,00","0,00","0,00","0","1","144","0","0","0","0","0","0","0","0","0","34","Вкл.","345,4","0,0","27,5","27,4","27,4","27,4","1,8","3,5","3,4","2,1","0,0","0,0","4,2","1,5","1,6","1,7","1,5","2,6","2,4","2,6","2,8","2,6","2,3","2,6","2,6","2,7","2,4","2,5","2,7","2,3","2,5","2,2","2,3","3,1","0,0","0,0","5,00","3,13","3,61","0,00","0,00","1,19","0,63","3,44","0,00","1,81","0,81","0,81","017976:15:34","Нет","Нет","Нет","000000:00:00","Отключение","100","Выкл.","Выкл.","Выкл.","Вкл.","Выкл.","Выкл.","Отказ переключателя","Выкл.","2059","2058","Закрыто","Разомкнут","Разомкнут","Выкл.","Выкл.","Выкл.","0","Вкл.","Максимальное открытие дроссельной заслонки","16","0","0","0","0","0","Не задано","Не задано","Не задано","Ограничение крутящего момента","Не определено","Вкл.","Выкл.","Допустимый сигнал","Допустимый сигнал","Допустимый сигнал","Синхронизация поддерживается","Синхронизация поддерживается","Синхронизация поддерживается","Выкл.","Неактивно","Выкл.","Вода не обнаружена","Температура во впускном коллекторе","Допустимый сигнал","Допустимый сигнал","Допустимый сигнал","Синхронизация поддерживается","Синхронизация поддерживается","Синхронизация поддерживается","В допустимых пределах","В допустимых пределах","В допустимых пределах","466,0","451,0","466,0","52","52","58,1","81,9","Аналоговый","0","Нет","400,28","0,00","0,00","Нормальный","5,00","5,00","5,00","5,00","5,00","5,00","5,00","5,00","5,00","5,00","5,00","5,00","1896","1897","1901","ОК","ОК","ОК",
18-май-2026,22:22:39.097,"0,0","В норме","0,00","88,3","19020115","19020115","19020115","018052:50:57","018051:43:34","018051:39:46","Выкл.","558,0","293,3","0,7","527,0","662","565","667","296","292","374","31","43","–","81,5","60","57","56","60","489","438","488","511","472","408","472","491","498","452","460","492","407","463","399","406","26,5","26,5","26,5","Главный","Главный","Главный","1550","0","1550","1125,00","0,00","0,00","1550","1533","1545","1125,00","0,00","0,00","0","1","144","0","0","0","0","0","0","0","0","0","32","Вкл.","347,7","0,0","27,5","27,4","27,4","27,5","1,8","3,4","3,4","2,1","0,0","0,0","4,1","1,5","1,6","1,7","1,5","2,6","2,4","2,6","2,8","2,6","2,3","2,6","2,6","2,7","2,4","2,5","2,7","2,3","2,5","2,2","2,3","3,1","0,0","0,0","5,00","3,13","3,57","0,00","0,00","1,19","0,75","3,44","0,00","1,81","0,81","0,81","017976:15:36","Нет","Нет","Нет","000000:00:00","Отключение","100","Выкл.","Выкл.","Выкл.","Вкл.","Выкл.","Выкл.","Отказ переключателя","Выкл.","2059","2058","Закрыто","Разомкнут","Разомкнут","Выкл.","Выкл.","Выкл.","0","Вкл.","Максимальное открытие дроссельной заслонки","16","0","0","0","0","0","Не задано","Не задано","Не задано","Ограничение крутящего момента","Не определено","Вкл.","Выкл.","Допустимый сигнал","Допустимый сигнал","Допустимый сигнал","Синхронизация поддерживается","Синхронизация поддерживается","Синхронизация поддерживается","Выкл.","Неактивно","Выкл.","Вода не обнаружена","Температура во впускном коллекторе","Допустимый сигнал","Допустимый сигнал","Допустимый сигнал","Синхронизация поддерживается","Синхронизация поддерживается","Синхронизация поддерживается","В допустимых пределах","В допустимых пределах","В допустимых пределах","466,0","451,0","466,0","52","52","58,4","82,1","Аналоговый","0","Нет","364,05","0,00","0,00","Нормальный","5,00","5,00","5,00","5,00","5,00","5,00","5,00","5,00","5,00","5,00","5,00","5,00","1862","1897","1901","ОК","ОК","ОК",
18-май-2026,22:22:40.097,"0,0","В норме","0,00","88,3","19020115","19020115","19020115","018052:50:59","018051:43:34","018051:39:46","Выкл.","562,6","293,3","0,7","513,9","662","565","668","296","287","374","31","40","–","81,5","60","57","56","60","490","439","488","512","472","408","472","492","498","454","461","492","406","464","400","408","26,5","26,5","26,5","Главный","Главный","Главный","1550","0","1550","1125,00","0,00","0,00","1550","1540","1548","1125,00","0,00","0,00","0","1","144","0","0","0","0","0","0","0","0","0","32","Вкл.","347,7","0,0","27,5","27,4","27,4","27,5","1,8","3,4","3,4","2,1","0,0","0,0","4,1","1,5","1,6","1,7","1,5","2,6","2,4","2,6","2,8","2,6","2,3","2,6","2,7","2,7","2,4","2,5","2,7","2,3","2,5","2,2","2,3","3,1","0,0","0,0","5,00","3,13","3,57","0,00","0,00","1,19","0,75","3,44","0,00","1,81","0,81","0,81","017976:15:36","Нет","Нет","Нет","000000:00:00","Отключение","100","Выкл.","Выкл.","Выкл.","Вкл.","Выкл.","Выкл.","Отказ переключателя","Выкл.","2059","2058","Закрыто","Разомкнут","Разомкнут","Выкл.","Выкл.","Выкл.","0","Вкл.","Максимальное открытие дроссельной заслонки","16","0","0","0","0","0","Не задано","Не задано","Не задано","Ограничение крутящего момента","Не определено","Вкл.","Выкл.","Допустимый сигнал","Допустимый сигнал","Допустимый сигнал","Синхронизация поддерживается","Синхронизация поддерживается","Синхронизация поддерживается","Выкл.","Неактивно","Выкл.","Вода не обнаружена","Температура во впускном коллекторе","Допустимый сигнал","Допустимый сигнал","Допустимый сигнал","Синхронизация поддерживается","Синхронизация поддерживается","Синхронизация поддерживается","В допустимых пределах","В допустимых пределах","В допустимых пределах","467,3","451,8","467,0","52","52","58,4","82,1","Аналоговый","0","Нет","364,05","0,00","0,00","Нормальный","5,00","5,00","5,00","5,00","5,00","5,00","5,00","5,00","5,00","5,00","5,00","5,00","1862","1877","1881","ОК","ОК","ОК",
18-май-2026,22:22:41.097,"0,0","В норме","0,00","88,3","19020115","19020115","19020115","018052:50:59","018051:43:35","018051:39:48","Выкл.","562,6","292,9","0,6","513,9","665","565","668","298","287","382","37","40","–","81,5","61","58","56","60","490","439","488","512","472","408","472","492","498","454","461","492","406","464","400","408","26,4","26,5","26,5","Главный","Главный","Главный","1550","0","1550","1125,00","0,00","0,00","1543","1540","1548","1125,00","0,00","0,00","0","1","144","0","0","0","0","0","0","0","0","0","31","Вкл.","346,4","0,0","27,4","27,4","27,4","27,5","1,8","3,5","3,4","2,1","0,0","0,0","4,1","1,4","1,6","1,7","1,5","2,6","2,4","2,6","2,8","2,6","2,3","2,6","2,7","2,7","2,4","2,5","2,7","2,3","2,5","2,2","2,3","3,1","0,0","0,0","5,00","3,13","3,64","0,00","0,00","1,19","0,69","3,44","0,00","1,81","0,81","0,81","017976:15:38","Нет","Нет","Нет","000000:00:00","Отключение","100","Выкл.","Выкл.","Выкл.","Вкл.","Выкл.","Выкл.","Отказ переключателя","Выкл.","2059","2058","Закрыто","Разомкнут","Разомкнут","Выкл.","Выкл.","Выкл.","0","Вкл.","Максимальное открытие дроссельной заслонки","16","0","0","0","0","0","Не задано","Не задано","Не задано","Ограничение крутящего момента","Не определено","Вкл.","Выкл.","Допустимый сигнал","Допустимый сигнал","Допустимый сигнал","Синхронизация поддерживается","Синхронизация поддерживается","Синхронизация поддерживается","Выкл.","Неактивно","Выкл.","Вода не обнаружена","Температура во впускном коллекторе","Допустимый сигнал","Допустимый сигнал","Допустимый сигнал","Синхронизация поддерживается","Синхронизация поддерживается","Синхронизация поддерживается","В допустимых пределах","В допустимых пределах","В допустимых пределах","467,3","451,8","467,0","52","52","58,6","82,1","Аналоговый","0","Нет","370,35","0,00","0,00","Нормальный","5,00","5,00","5,00","5,00","5,00","5,00","5,00","5,00","5,00","5,00","5,00","5,00","1886","1877","1881","ОК","ОК","ОК",
18-май-2026,22:22:42.097,"0,0","В норме","0,00","88,3","19020115","19020115","19020115","018052:51:01","018051:43:35","018051:39:48","Выкл.","561,4","292,9","0,6","513,9","665","565","668","298","288","382","37","54","–","81,5","61","58","56","60","490","440","488","512","472","410","472","492","499","454","461","492","404","464","401","408","26,4","26,4","26,5","Главный","Главный","Главный","1550","0","1550","1125,00","0,00","0,00","1543","1555","1548","1125,00","0,00","0,00","0","1","144","0","0","0","0","0","0","0","0","0","31","Вкл.","346,4","0,0","27,4","27,4","27,4","27,5","1,8","3,5","3,4","2,1","0,0","0,0","4,1","1,4","1,6","1,7","1,5","2,6","2,4","2,6","2,8","2,6","2,3","2,6","2,7","2,7","2,4","2,5","2,7","2,3","2,5","2,2","2,3","3,1","0,0","0,0","5,00","3,13","3,64","0,00","0,00","1,19","0,69","3,44","0,00","1,81","0,81","0,81","017976:15:38","Нет","Нет","Нет","000000:00:00","Отключение","100","Выкл.","Выкл.","Выкл.","Вкл.","Выкл.","Выкл.","Отказ переключателя","Выкл.","2059","2058","Закрыто","Разомкнут","Разомкнут","Выкл.","Выкл.","Выкл.","0","Вкл.","Максимальное открытие дроссельной заслонки","16","0","0","0","0","0","Не задано","Не задано","Не задано","Ограничение крутящего момента","Не определено","Вкл.","Выкл.","Допустимый сигнал","Допустимый сигнал","Допустимый сигнал","Синхронизация поддерживается","Синхронизация поддерживается","Синхронизация поддерживается","Выкл.","Неактивно","Выкл.","Вода не обнаружена","Температура во впускном коллекторе","Допустимый сигнал","Допустимый сигнал","Допустимый сигнал","Синхронизация поддерживается","Синхронизация поддерживается","Синхронизация поддерживается","В допустимых пределах","В допустимых пределах","В допустимых пределах","467,3","452,3","468,0","52","52","58,6","82,1","Аналоговый","0","Нет","370,35","0,00","0,00","Нормальный","5,00","5,00","5,00","5,00","5,00","5,00","5,00","5,00","5,00","5,00","5,00","5,00","1886","1886","1881","ОК","ОК","ОК",
18-май-2026,22:22:43.097,"0,0","В норме","0,00","88,3","19020115","19020115","19020115","018052:51:02","018051:43:37","018051:39:50","Выкл.","561,4","292,9","0,6","513,9","665","565","666","298","288","382","37","54","–","81,5","61","58","56","60","491","440","490","512","473","410","472","492","499","454","461","494","404","465","401","410","26,4","26,4","26,4","Главный","Главный","Главный","1550","0","1550","1125,00","0,00","0,00","1543","1555","1557","1125,00","0,00","0,00","0","1","144","0","0","0","0","0","0","0","0","0","31","Вкл.","346,4","0,0","27,4","27,4","27,4","27,5","1,8","3,5","3,4","2,1","0,0","0,0","4,1","1,4","1,6","1,7","1,5","2,6","2,4","2,6","2,8","2,6","2,3","2,6","2,7","2,7","2,4","2,5","2,7","2,3","2,5","2,2","2,3","3,1","0,0","0,0","5,00","3,13","3,64","0,00","0,00","1,19","0,69","3,44","0,00","1,81","0,81","0,81","017976:15:38","Нет","Нет","Нет","000000:00:00","Отключение","100","Выкл.","Выкл.","Выкл.","Вкл.","Выкл.","Выкл.","Отказ переключателя","Выкл.","2059","2058","Закрыто","Разомкнут","Разомкнут","Выкл.","Выкл.","Выкл.","0","Вкл.","Максимальное открытие дроссельной заслонки","16","0","0","0","0","0","Не задано","Не задано","Не задано","Ограничение крутящего момента","Не определено","Вкл.","Выкл.","Допустимый сигнал","Допустимый сигнал","Допустимый сигнал","Синхронизация поддерживается","Синхронизация поддерживается","Синхронизация поддерживается","Выкл.","Неактивно","Выкл.","Вода не обнаружена","Температура во впускном коллекторе","Допустимый сигнал","Допустимый сигнал","Допустимый сигнал","Синхронизация поддерживается","Синхронизация поддерживается","Синхронизация поддерживается","В допустимых пределах","В допустимых пределах","В допустимых пределах","468,0","452,3","468,0","52","52","58,6","82,1","Аналоговый","0","Нет","370,35","0,00","0,00","Нормальный","5,00","5,00","5,00","5,00","5,00","5,00","5,00","5,00","5,00","5,00","5,00","5,00","1886","1886","1886","ОК","ОК","ОК",
18-май-2026,22:22:44.097,"0,0","В норме","0,00","88,3","19020115","19020115","19020115","018052:51:02","018051:43:39","018051:39:50","Выкл.","555,1","292,8","0,6","513,9","666","565","666","299","288","380","40","34","–","81,5","61","58","56","61","491","440","490","512","473","410","472","494","500","454","462","494","404","465","403","410","26,4","26,4","26,4","Главный","Главный","Главный","1550","0","1550","1125,00","0,00","0,00","1562","1555","1557","1125,00","0,00","0,00","0","1","144","0","0","0","0","0","0","0","0","0","30","Вкл.","346,3","0,0","27,5","27,4","27,4","27,4","1,8","3,5","3,4","2,1","0,0","0,0","4,1","1,4","1,6","1,6","1,5","2,6","2,4","2,6","2,8","2,6","2,3","2,6","2,7","2,7","2,4","2,5","2,7","2,3","2,5","2,3","2,3","3,1","0,0","0,0","5,00","3,13","3,64","0,00","0,00","1,19","0,69","3,44","0,00","1,81","0,81","0,81","017976:15:40","Нет","Нет","Нет","000000:00:00","Отключение","100","Выкл.","Выкл.","Выкл.","Вкл.","Выкл.","Выкл.","Отказ переключателя","Выкл.","2059","2058","Закрыто","Разомкнут","Разомкнут","Выкл.","Выкл.","Выкл.","0","Вкл.","Максимальное открытие дроссельной заслонки","16","0","0","0","0","0","Не задано","Не задано","Не задано","Ограничение крутящего момента","Не определено","Вкл.","Выкл.","Допустимый сигнал","Допустимый сигнал","Допустимый сигнал","Синхронизация поддерживается","Синхронизация поддерживается","Синхронизация поддерживается","Выкл.","Неактивно","Выкл.","Вода не обнаружена","Температура во впускном коллекторе","Допустимый сигнал","Допустимый сигнал","Допустимый сигнал","Синхронизация поддерживается","Синхронизация поддерживается","Синхронизация поддерживается","В допустимых пределах","В допустимых пределах","В допустимых пределах","468,0","452,8","468,3","52","52","58,9","82,1","Аналоговый","0","Нет","392,18","0,00","0,00","Нормальный","5,00","5,00","5,00","5,00","5,00","5,00","5,00","5,00","5,00","5,00","5,00","5,00","1886","1887","1886","ОК","ОК","ОК",
18-май-2026,22:22:45.137,"0,0","В норме","0,00","88,3","19020115","19020115","19020115","018052:51:04","018051:43:40","018051:39:51","Выкл.","555,1","294,9","0,6","513,9","667","565","667","297","288","380","39","34","–","81,8","61","58","57","61","490","440","490","512","473","410","473","494","500","455","462","494","404","466","403","412","26,4","26,4","26,4","Главный","Главный","Главный","1550","0","1550","1062,50","0,00","0,00","1552","1555","1533","1125,00","0,00","0,00","0","1","144","0","0","0","0","0","0","0","0","0","29","Вкл.","384,7","0,0","27,4","27,4","27,4","27,4","1,8","3,5","3,4","2,1","0,0","0,0","4,2","1,4","1,6","1,6","1,4","2,6","2,4","2,6","2,8","2,6","2,3","2,6","2,7","2,7","2,5","2,5","2,7","2,3","2,6","2,3","2,3","3,1","0,0","0,0","5,00","3,13","3,57","0,00","0,00","1,19","0,69","3,38","0,00","1,81","0,81","0,81","017976:15:42","Нет","Нет","Нет","000000:00:00","Отключение","100","Выкл.","Выкл.","Выкл.","Вкл.","Выкл.","Выкл.","Отказ переключателя","Выкл.","2059","2058","Закрыто","Разомкнут","Разомкнут","Выкл.","Выкл.","Выкл.","0","Вкл.","Максимальное открытие дроссельной заслонки","15","0","0","0","0","0","Не задано","Не задано","Не задано","Ограничение крутящего момента","Не определено","Вкл.","Выкл.","Допустимый сигнал","Допустимый сигнал","Допустимый сигнал","Синхронизация поддерживается","Синхронизация поддерживается","Синхронизация поддерживается","Выкл.","Неактивно","Выкл.","Вода не обнаружена","Температура во впускном коллекторе","Допустимый сигнал","Допустимый сигнал","Допустимый сигнал","Синхронизация поддерживается","Синхронизация поддерживается","Синхронизация поддерживается","В допустимых пределах","В допустимых пределах","В допустимых пределах","468,8","452,8","468,3","52","52","59,2","82,1","Аналоговый","0","Нет","424,01","0,00","0,00","Нормальный","5,00","5,00","5,00","5,00","5,00","5,00","5,00","5,00","5,00","5,00","5,00","5,00","1891","1887","1888","ОК","ОК","ОК",
18-май-2026,22:22:46.137,"0,0","В норме","0,00","88,3","19020115","19020115","19020115","018052:51:04","018051:43:40","018051:39:53","Выкл.","560,1","294,9","0,6","513,9","667","565","666","297","290","380","39","29","–","81,8","61","58","57","61","490","442","491","513","474","411","472","495","501","456","464","495","404","468","404","414","26,4","26,4","26,3","Главный","Главный","Главный","1550","0","1550","1062,50","0,00","0,00","1552","1543","1570","1125,00","0,00","0,00","0","1","144","0","0","0","0","0","0","0","0","0","29","Вкл.","384,7","0,0","27,4","27,4","27,4","27,4","1,8","3,5","3,4","2,1","0,0","0,0","4,2","1,4","1,6","1,6","1,4","2,6","2,4","2,7","2,8","2,6","2,3","2,6","2,7","2,7","2,5","2,5","2,7","2,3","2,6","2,3","2,3","3,1","0,0","0,0","5,00","3,13","3,57","0,00","0,00","1,19","0,69","3,38","0,00","1,81","0,81","0,81","017976:15:42","Нет","Нет","Нет","000000:00:00","Отключение","100","Выкл.","Выкл.","Выкл.","Вкл.","Выкл.","Выкл.","Отказ переключателя","Выкл.","2059","2058","Закрыто","Разомкнут","Разомкнут","Выкл.","Выкл.","Выкл.","0","Вкл.","Максимальное открытие дроссельной заслонки","15","0","0","0","0","0","Не задано","Не задано","Не задано","Ограничение крутящего момента","Не определено","Вкл.","Выкл.","Допустимый сигнал","Допустимый сигнал","Допустимый сигнал","Синхронизация поддерживается","Синхронизация поддерживается","Синхронизация поддерживается","Выкл.","Неактивно","Выкл.","Вода не обнаружена","Температура во впускном коллекторе","Допустимый сигнал","Допустимый сигнал","Допустимый сигнал","Синхронизация поддерживается","Синхронизация поддерживается","Синхронизация поддерживается","В допустимых пределах","В допустимых пределах","В допустимых пределах","469,5","453,8","469,3","52","52","59,2","82,1","Аналоговый","0","Нет","424,01","0,00","0,00","Нормальный","5,00","5,00","5,00","5,00","5,00","5,00","5,00","5,00","5,00","5,00","5,00","5,00","1891","1889","1889","ОК","ОК","ОК",
18-май-2026,22:22:47.137,"0,0","В норме","0,00","88,4","19020115","19020115","19020115","018052:51:06","018051:43:42","018051:39:54","Выкл.","560,1","294,8","0,6","513,9","665","565","666","300","290","385","32","29","–","81,7","62","58","57","61","490","442","491","513","474","411","472","495","501","456","464","495","404","468","404","414","26,4","26,4","26,3","Главный","Главный","Главный","1550","0","1550","1125,00","0,00","0,00","1535","1543","1570","1125,00","0,00","0,00","0","1","144","0","0","0","0","0","0","0","0","0","28","Вкл.","346,1","0,0","27,4","27,4","27,4","27,4","1,8","3,5","3,4","2,1","0,0","0,0","4,1","1,4","1,6","1,6","1,4","2,6","2,4","2,7","2,8","2,6","2,3","2,6","2,7","2,7","2,5","2,5","2,7","2,3","2,6","2,3","2,3","3,1","0,0","0,0","5,00","3,13","3,58","0,00","0,00","1,19","0,69","3,44","0,00","1,81","0,81","0,81","017976:15:44","Нет","Нет","Нет","000000:00:00","Отключение","100","Выкл.","Выкл.","Выкл.","Вкл.","Выкл.","Выкл.","Отказ переключателя","Выкл.","2059","2058","Закрыто","Разомкнут","Разомкнут","Выкл.","Выкл.","Выкл.","0","Вкл.","Максимальное открытие дроссельной заслонки","16","0","0","0","0","0","Не задано","Не задано","Не задано","Ограничение крутящего момента","Не определено","Вкл.","Выкл.","Допустимый сигнал","Допустимый сигнал","Допустимый сигнал","Синхронизация поддерживается","Синхронизация поддерживается","Синхронизация поддерживается","Выкл.","Неактивно","Выкл.","Вода не обнаружена","Температура во впускном коллекторе","Допустимый сигнал","Допустимый сигнал","Допустимый сигнал","Синхронизация поддерживается","Синхронизация поддерживается","Синхронизация поддерживается","В допустимых пределах","В допустимых пределах","В допустимых пределах","469,5","453,8","469,3","52","52","59,4","82,3","Аналоговый","0","Нет","406,46","0,00","0,00","Нормальный","5,00","5,00","5,00","5,00","5,00","5,00","5,00","5,00","5,00","5,00","5,00","5,00","1891","1889","1889","ОК","ОК","ОК",
18-май-2026,22:22:48.137,"0,0","В норме","0,00","88,4","19020115","19020115","19020115","018052:51:06","018051:43:42","018051:39:54","Выкл.","555,8","294,8","0,6","513,9","665","565","665","300","291","385","32","34","–","81,7","62","58","57","61","490","443","492","514","475","412","473","496","502","457","465","496","404","468","406","416","26,4","26,3","26,3","Главный","Главный","Главный","1550","0","1550","1125,00","0,00","0,00","1535","1560","1540","1125,00","0,00","0,00","0","1","144","0","0","0","0","0","0","0","0","0","28","Вкл.","346,1","0,0","27,4","27,4","27,4","27,4","1,8","3,5","3,4","2,1","0,0","0,0","4,1","1,4","1,6","1,6","1,4","2,6","2,4","2,7","2,8","2,6","2,3","2,6","2,7","2,7","2,5","2,5","2,7","2,3","2,6","2,3","2,3","3,1","0,0","0,0","5,00","3,13","3,58","0,00","0,00","1,19","0,69","3,44","0,00","1,81","0,81","0,81","017976:15:44","Нет","Нет","Нет","000000:00:00","Отключение","100","Выкл.","Выкл.","Выкл.","Вкл.","Выкл.","Выкл.","Отказ переключателя","Выкл.","2059","2058","Закрыто","Разомкнут","Разомкнут","Выкл.","Выкл.","Выкл.","0","Вкл.","Максимальное открытие дроссельной заслонки","16","0","0","0","0","0","Не задано","Не задано","Не задано","Ограничение крутящего момента","Не определено","Вкл.","Выкл.","Допустимый сигнал","Допустимый сигнал","Допустимый сигнал","Синхронизация поддерживается","Синхронизация поддерживается","Синхронизация поддерживается","Выкл.","Неактивно","Выкл.","Вода не обнаружена","Температура во впускном коллекторе","Допустимый сигнал","Допустимый сигнал","Допустимый сигнал","Синхронизация поддерживается","Синхронизация поддерживается","Синхронизация поддерживается","В допустимых пределах","В допустимых пределах","В допустимых пределах","470,5","454,5","470,0","52","52","59,4","82,3","Аналоговый","0","Нет","406,46","0,00","0,00","Нормальный","5,00","5,00","5,00","5,00","5,00","5,00","5,00","5,00","5,00","5,00","5,00","5,00","1891","1892","1891","ОК","ОК","ОК",
18-май-2026,22:22:49.137,"0,0","В норме","0,00","88,3","19020115","19020115","19020115","018052:51:08","018051:43:44","018051:39:56","Выкл.","555,8","294,5","0,6","513,9","668","565","665","300","291","382","49","34","–","81,8","62","58","57","61","490","443","492","514","475","412","473","496","502","457","465","496","404","468","406","416","26,3","26,3","26,3","Главный","Главный","Главный","1550","0","1550","1125,00","0,00","0,00","1579","1560","1540","1125,00","0,00","0,00","0","1","144","0","0","0","0","0","0","0","0","0","27","Вкл.","346,1","0,0","27,4","27,4","27,4","27,4","1,8","3,5","3,4","2,1","0,0","0,0","4,1","1,4","1,6","1,6","1,4","2,6","2,4","2,7","2,8","2,6","2,3","2,6","2,7","2,7","2,5","2,5","2,7","2,3","2,6","2,3","2,3","3,1","0,0","0,0","5,00","3,13","3,57","0,00","0,00","1,19","0,69","3,44","0,00","1,81","0,81","0,81","017976:15:46","Нет","Нет","Нет","000000:00:00","Отключение","100","Выкл.","Выкл.","Выкл.","Вкл.","Выкл.","Выкл.","Отказ переключателя","Выкл.","2059","2058","Закрыто","Разомкнут","Разомкнут","Выкл.","Выкл.","Выкл.","0","Вкл.","Максимальное открытие дроссельной заслонки","16","0","0","0","0","0","Не задано","Не задано","Не задано","Ограничение крутящего момента","Не определено","Вкл.","Выкл.","Допустимый сигнал","Допустимый сигнал","Допустимый сигнал","Синхронизация поддерживается","Синхронизация поддерживается","Синхронизация поддерживается","Выкл.","Неактивно","Выкл.","Вода не обнаружена","Температура во впускном коллекторе","Допустимый сигнал","Допустимый сигнал","Допустимый сигнал","Синхронизация поддерживается","Синхронизация поддерживается","Синхронизация поддерживается","В допустимых пределах","В допустимых пределах","В допустимых пределах","470,5","454,5","470,0","52","52","59,5","82,1","Аналоговый","0","Нет","414,23","0,00","0,00","Нормальный","5,00","5,00","5,00","5,00","5,00","5,00","5,00","5,00","5,00","5,00","5,00","5,00","1894","1892","1891","ОК","ОК","ОК",
18-май-2026,22:22:50.137,"0,0","В норме","0,00","88,3","19020115","19020115","19020115","018052:51:08","018051:43:44","018051:39:56","Выкл.","558,9","294,5","0,6","513,9","668","565","666","300","291","382","49","40","–","81,8","62","58","57","61","490","444","492","514","476","413","473","497","502","458","465","497","403","469","407","417","26,3","26,3","26,3","Главный","Главный","Главный","1550","0","1550","1125,00","0,00","0,00","1579","1545","1530","1125,00","0,00","0,00","0","1","144","0","0","0","0","0","0","0","0","0","27","Вкл.","346,1","0,0","27,4","27,4","27,4","27,4","1,8","3,5","3,4","2,1","0,0","0,0","4,1","1,4","1,6","1,6","1,4","2,6","2,4","2,7","2,8","2,6","2,3","2,6","2,7","2,7","2,5","2,5","2,7","2,2","2,6","2,3","2,3","3,1","0,0","0,0","5,00","3,13","3,57","0,00","0,00","1,19","0,69","3,44","0,00","1,81","0,81","0,81","017976:15:46","Нет","Нет","Нет","000000:00:00","Отключение","100","Выкл.","Выкл.","Выкл.","Вкл.","Выкл.","Выкл.","Отказ переключателя","Выкл.","2059","2058","Закрыто","Разомкнут","Разомкнут","Выкл.","Выкл.","Выкл.","0","Вкл.","Максимальное открытие дроссельной заслонки","16","0","0","0","0","0","Не задано","Не задано","Не задано","Ограничение крутящего момента","Не определено","Вкл.","Выкл.","Допустимый сигнал","Допустимый сигнал","Допустимый сигнал","Синхронизация поддерживается","Синхронизация поддерживается","Синхронизация поддерживается","Выкл.","Неактивно","Выкл.","Вода не обнаружена","Температура во впускном коллекторе","Допустимый сигнал","Допустимый сигнал","Допустимый сигнал","Синхронизация поддерживается","Синхронизация поддерживается","Синхронизация поддерживается","В допустимых пределах","В допустимых пределах","В допустимых пределах","471,3","455,5","470,8","52","52","59,5","82,1","Аналоговый","0","Нет","414,23","0,00","0,00","Нормальный","5,00","5,00","5,00","5,00","5,00","5,00","5,00","5,00","5,00","5,00","5,00","5,00","1894","1902","1893","ОК","ОК","ОК",
18-май-2026,22:22:51.137,"0,0","В норме","0,00","88,3","19020115","19020115","19020115","018052:51:10","018051:43:46","018051:39:58","Выкл.","558,9","296,2","0,6","513,9","665","565","666","299","291","384","44","40","–","81,8","62","58","57","61","490","444","492","514","476","413","473","497","502","458","465","497","403","469","407","417","26,3","26,3","26,3","Главный","Главный","Главный","1550","0","1550","1125,00","0,00","0,00","1523","1545","1530","1125,00","0,00","0,00","0","1","144","0","0","0","0","0","0","0","0","0","27","Вкл.","345,8","0,0","27,4","27,4","27,4","27,5","1,8","3,5","3,4","2,1","0,0","0,0","4,1","1,4","1,6","1,6","1,4","2,6","2,4","2,7","2,8","2,6","2,3","2,6","2,7","2,7","2,5","2,5","2,7","2,2","2,6","2,3","2,3","3,1","0,0","0,0","5,00","3,13","3,56","0,00","0,00","1,19","0,69","3,38","0,00","1,81","0,81","0,81","017976:15:48","Нет","Нет","Нет","000000:00:00","Отключение","100","Выкл.","Выкл.","Выкл.","Вкл.","Выкл.","Выкл.","Отказ переключателя","Выкл.","2059","2058","Закрыто","Разомкнут","Разомкнут","Выкл.","Выкл.","Выкл.","0","Вкл.","Максимальное открытие дроссельной заслонки","16","0","0","0","0","0","Не задано","Не задано","Не задано","Ограничение крутящего момента","Не определено","Вкл.","Выкл.","Допустимый сигнал","Допустимый сигнал","Допустимый сигнал","Синхронизация поддерживается","Синхронизация поддерживается","Синхронизация поддерживается","Выкл.","Неактивно","Выкл.","Вода не обнаружена","Температура во впускном коллекторе","Допустимый сигнал","Допустимый сигнал","Допустимый сигнал","Синхронизация поддерживается","Синхронизация поддерживается","Синхронизация поддерживается","В допустимых пределах","В допустимых пределах","В допустимых пределах","471,3","455,5","470,8","52","52","59,5","82,3","Аналоговый","0","Нет","373,16","0,00","0,00","Нормальный","5,00","5,00","5,00","5,00","5,00","5,00","5,00","5,00","5,00","5,00","5,00","5,00","1899","1902","1893","ОК","ОК","ОК",
18-май-2026,22:22:52.137,"0,0","В норме","0,00","88,3","19020115","19020115","19020115","018052:51:11","018051:43:46","018051:39:58","Выкл.","568,3","296,2","0,6","513,9","665","565","666","299","291","384","44","42","–","81,8","62","58","57","61","490","445","492","514","476","414","473","498","504","458","467","497","403","469","409","417","26,3","26,3","26,3","Главный","Главный","Главный","1550","0","1550","1125,00","0,00","0,00","1523","1552","1530","1125,00","0,00","0,00","0","1","144","0","0","0","0","0","0","0","0","0","27","Вкл.","345,8","0,0","27,4","27,4","27,4","27,5","1,8","3,5","3,4","2,1","0,0","0,0","4,1","1,4","1,6","1,6","1,4","2,6","2,4","2,7","2,8","2,6","2,3","2,6","2,7","2,8","2,5","2,6","2,7","2,2","2,6","2,3","2,3","3,1","0,0","0,0","5,00","3,13","3,56","0,00","0,00","1,19","0,69","3,38","0,00","1,81","0,81","0,81","017976:15:48","Нет","Нет","Нет","000000:00:00","Отключение","100","Выкл.","Выкл.","Выкл.","Вкл.","Выкл.","Выкл.","Отказ переключателя","Выкл.","2059","2058","Закрыто","Разомкнут","Разомкнут","Выкл.","Выкл.","Выкл.","0","Вкл.","Максимальное открытие дроссельной заслонки","16","0","0","0","0","0","Не задано","Не задано","Не задано","Ограничение крутящего момента","Не определено","Вкл.","Выкл.","Допустимый сигнал","Допустимый сигнал","Допустимый сигнал","Синхронизация поддерживается","Синхронизация поддерживается","Синхронизация поддерживается","Выкл.","Неактивно","Выкл.","Вода не обнаружена","Температура во впускном коллекторе","Допустимый сигнал","Допустимый сигнал","Допустимый сигнал","Синхронизация поддерживается","Синхронизация поддерживается","Синхронизация поддерживается","В допустимых пределах","В допустимых пределах","В допустимых пределах","471,3","456,3","471,3","52","52","59,5","82,3","Аналоговый","0","Нет","373,16","0,00","0,00","Нормальный","5,00","5,00","5,00","5,00","5,00","5,00","5,00","5,00","5,00","5,00","5,00","5,00","1899","1897","1893","ОК","ОК","ОК",
18-май-2026,22:22:53.137,"0,0","В норме","0,00","88,3","19020115","19020115","19020115","018052:51:11","018051:43:48","018051:40:00","Выкл.","568,3","295,8","0,6","513,9","667","565","669","301","291","383","42","42","–","81,8","62","58","57","61","490","445","493","514","477","414","474","498","504","459","467","498","403","470","409","419","26,2","26,3","26,2","Главный","Главный","Главный","1550","0","1550","1125,00","0,00","0,00","1540","1552","1530","1125,00","0,00","0,00","0","1","144","0","0","0","0","0","0","0","0","0","27","Вкл.","384,3","0,0","27,4","27,4","27,4","27,4","1,8","3,5","3,4","2,1","0,0","0,0","4,1","1,4","1,6","1,6","1,4","2,6","2,4","2,7","2,8","2,6","2,3","2,6","2,7","2,8","2,5","2,6","2,7","2,2","2,6","2,3","2,3","3,1","0,0","0,0","5,00","3,13","3,62","0,00","0,00","1,19","0,69","3,50","0,00","1,81","0,81","0,81","017976:15:50","Нет","Нет","Нет","000000:00:00","Отключение","100","Выкл.","Выкл.","Выкл.","Вкл.","Выкл.","Выкл.","Отказ переключателя","Выкл.","2059","2058","Закрыто","Разомкнут","Разомкнут","Выкл.","Выкл.","Выкл.","0","Вкл.","Максимальное открытие дроссельной заслонки","16","0","0","0","0","0","Не задано","Не задано","Не задано","Ограничение крутящего момента","Не определено","Вкл.","Выкл.","Допустимый сигнал","Допустимый сигнал","Допустимый сигнал","Синхронизация поддерживается","Синхронизация поддерживается","Синхронизация поддерживается","Выкл.","Неактивно","Выкл.","Вода не обнаружена","Температура во впускном коллекторе","Допустимый сигнал","Допустимый сигнал","Допустимый сигнал","Синхронизация поддерживается","Синхронизация поддерживается","Синхронизация поддерживается","В допустимых пределах","В допустимых пределах","В допустимых пределах","472,0","456,3","471,3","52","52","59,6","82,4","Аналоговый","0","Нет","408,26","0,00","0,00","Нормальный","5,00","5,00","5,00","5,00","5,00","5,00","5,00","5,00","5,00","5,00","5,00","5,00","1898","1897","1893","ОК","ОК","ОК",
18-май-2026,22:22:54.137,"0,0","В норме","0,00","88,3","19020115","19020115","19020115","018052:51:13","018051:43:49","018051:40:00","Выкл.","564,9","295,8","0,6","513,9","667","565","669","301","292","383","42","53","–","81,8","62","58","57","61","490","446","493","515","477","415","474","498","504","459","468","498","403","470","411","419","26,2","26,2","26,2","Главный","Главный","Главный","1550","0","1550","1125,00","0,00","0,00","1540","1526","1530","1125,00","0,00","0,00","0","1","144","0","0","0","0","0","0","0","0","0","27","Вкл.","384,3","0,0","27,4","27,5","27,4","27,4","1,8","3,5","3,4","2,1","0,0","0,0","4,1","1,4","1,6","1,6","1,4","2,6","2,4","2,7","2,8","2,6","2,3","2,6","2,7","2,8","2,5","2,6","2,7","2,2","2,6","2,3","2,3","3,1","0,0","0,0","5,00","3,13","3,62","0,00","0,00","1,19","0,69","3,50","0,00","1,81","0,81","0,81","017976:15:50","Нет","Нет","Нет","000000:00:00","Отключение","100","Выкл.","Выкл.","Выкл.","Вкл.","Выкл.","Выкл.","Отказ переключателя","Выкл.","2059","2058","Закрыто","Разомкнут","Разомкнут","Выкл.","Выкл.","Выкл.","0","Вкл.","Максимальное открытие дроссельной заслонки","16","0","0","0","0","0","Не задано","Не задано","Не задано","Ограничение крутящего момента","Не определено","Вкл.","Выкл.","Допустимый сигнал","Допустимый сигнал","Допустимый сигнал","Синхронизация поддерживается","Синхронизация поддерживается","Синхронизация поддерживается","Выкл.","Неактивно","Выкл.","Вода не обнаружена","Температура во впускном коллекторе","Допустимый сигнал","Допустимый сигнал","Допустимый сигнал","Синхронизация поддерживается","Синхронизация поддерживается","Синхронизация поддерживается","В допустимых пределах","В допустимых пределах","В допустимых пределах","472,0","457,0","472,3","52","52","59,6","82,4","Аналоговый","0","Нет","408,26","0,00","0,00","Нормальный","5,00","5,00","5,00","5,00","5,00","5,00","5,00","5,00","5,00","5,00","5,00","5,00","1898","1900","1893","ОК","ОК","ОК",
18-май-2026,22:22:55.137,"0,0","В норме","0,00","88,3","19020115","19020115","19020115","018052:51:14","018051:43:49","018051:40:02","Выкл.","564,9","295,7","0,7","520,4","665","565","666","300","292","384","39","53","–","81,8","62","58","57","61","490","446","493","515","478","415","475","498","504","460","468","498","403","471","411","420","26,2","26,2","26,2","Главный","Главный","Главный","1550","0","1550","1125,00","0,00","0,00","1535","1526","1555","1125,00","0,00","0,00","0","1","144","0","0","0","0","0","0","0","0","0","27","Вкл.","384,2","0,0","27,5","27,5","27,4","27,5","1,8","3,5","3,4","2,1","0,0","0,0","4,1","1,4","1,6","1,6","1,4","2,6","2,4","2,7","2,8","2,6","2,3","2,6","2,7","2,8","2,5","2,6","2,7","2,2","2,6","2,3","2,3","3,1","0,0","0,0","5,00","3,13","3,60","0,00","0,00","1,19","0,75","3,50","0,00","1,81","0,81","0,81","017976:15:52","Нет","Нет","Нет","000000:00:00","Отключение","100","Выкл.","Выкл.","Выкл.","Вкл.","Выкл.","Выкл.","Отказ переключателя","Выкл.","2059","2058","Закрыто","Разомкнут","Разомкнут","Выкл.","Выкл.","Выкл.","0","Вкл.","Максимальное открытие дроссельной заслонки","16","0","0","0","0","0","Не задано","Не задано","Не задано","Ограничение крутящего момента","Не определено","Вкл.","Выкл.","Допустимый сигнал","Допустимый сигнал","Допустимый сигнал","Синхронизация поддерживается","Синхронизация поддерживается","Синхронизация поддерживается","Выкл.","Неактивно","Выкл.","Вода не обнаружена","Температура во впускном коллекторе","Допустимый сигнал","Допустимый сигнал","Допустимый сигнал","Синхронизация поддерживается","Синхронизация поддерживается","Синхронизация поддерживается","В допустимых пределах","В допустимых пределах","В допустимых пределах","473,0","457,0","472,3","52","52","59,5","82,5","Аналоговый","0","Нет","380,70","0,00","0,00","Нормальный","5,00","5,00","5,00","5,00","5,00","5,00","5,00","5,00","5,00","5,00","5,00","5,00","1899","1900","1899","ОК","ОК","ОК",
18-май-2026,22:22:56.137,"0,0","В норме","0,00","88,3","19020115","19020115","19020115","018052:51:14","018051:43:51","018051:40:02","Выкл.","559,5","295,7","0,7","520,4","665","565","667","300","290","384","39","42","–","81,8","62","58","57","61","491","446","494","516","480","416","475","498","505","460","468","500","403","472","412","422","26,2","26,2","26,2","Главный","Главный","Главный","1550","0","1550","1125,00","0,00","0,00","1535","1550","1572","1125,00","0,00","0,00","0","1","144","0","0","0","0","0","0","0","0","0","27","Вкл.","384,2","0,0","27,5","27,5","27,4","27,5","1,8","3,5","3,4","2,1","0,0","0,0","4,1","1,4","1,6","1,6","1,4","2,6","2,4","2,7","2,8","2,6","2,3","2,6","2,7","2,8","2,5","2,6","2,7","2,2","2,6","2,3","2,3","3,1","0,0","0,0","5,00","3,13","3,60","0,00","0,00","1,19","0,75","3,50","0,00","1,81","0,81","0,81","017976:15:52","Нет","Нет","Нет","000000:00:00","Отключение","100","Выкл.","Выкл.","Выкл.","Вкл.","Выкл.","Выкл.","Отказ переключателя","Выкл.","2059","2058","Закрыто","Разомкнут","Разомкнут","Выкл.","Выкл.","Выкл.","0","Вкл.","Максимальное открытие дроссельной заслонки","16","0","0","0","0","0","Не задано","Не задано","Не задано","Ограничение крутящего момента","Не определено","Вкл.","Выкл.","Допустимый сигнал","Допустимый сигнал","Допустимый сигнал","Синхронизация поддерживается","Синхронизация поддерживается","Синхронизация поддерживается","Выкл.","Неактивно","Выкл.","Вода не обнаружена","Температура во впускном коллекторе","Допустимый сигнал","Допустимый сигнал","Допустимый сигнал","Синхронизация поддерживается","Синхронизация поддерживается","Синхронизация поддерживается","В допустимых пределах","В допустимых пределах","В допустимых пределах","473,8","457,8","472,8","52","52","59,5","82,5","Аналоговый","0","Нет","380,70","0,00","0,00","Нормальный","5,00","5,00","5,00","5,00","5,00","5,00","5,00","5,00","5,00","5,00","5,00","5,00","1899","1897","1898","ОК","ОК","ОК",
18-май-2026,22:22:57.137,"0,0","В норме","0,00","88,3","19020115","19020115","19020115","018052:51:16","018051:43:52","018051:40:04","Выкл.","559,5","296,3","0,7","520,4","667","565","667","300","290","384","41","42","–","81,8","62","58","57","61","491","446","494","516","480","416","475","498","505","460","468","500","403","472","412","422","26,1","26,2","26,2","Главный","Главный","Главный","1550","0","1550","1125,00","0,00","0,00","1538","1550","1572","1125,00","0,00","0,00","0","1","144","0","0","0","0","0","0","0","0","0","27","Вкл.","384,2","0,0","27,5","27,5","27,4","27,5","1,8","3,5","3,4","2,1","0,0","0,0","4,1","1,4","1,6","1,6","1,4","2,6","2,4","2,7","2,8","2,6","2,3","2,6","2,7","2,8","2,5","2,6","2,7","2,2","2,6","2,3","2,3","3,1","0,0","0,0","5,00","3,13","3,59","0,00","0,00","1,19","0,75","3,44","0,00","1,81","0,81","0,81","017976:15:54","Нет","Нет","Нет","000000:00:00","Отключение","100","Выкл.","Выкл.","Выкл.","Вкл.","Выкл.","Выкл.","Отказ переключателя","Выкл.","2059","2058","Закрыто","Разомкнут","Разомкнут","Выкл.","Выкл.","Выкл.","0","Вкл.","Максимальное открытие дроссельной заслонки","16","0","0","0","0","0","Не задано","Не задано","Не задано","Ограничение крутящего момента","Не определено","Вкл.","Выкл.","Допустимый сигнал","Допустимый сигнал","Допустимый сигнал","Синхронизация поддерживается","Синхронизация поддерживается","Синхронизация поддерживается","Выкл.","Неактивно","Выкл.","Вода не обнаружена","Температура во впускном коллекторе","Допустимый сигнал","Допустимый сигнал","Допустимый сигнал","Синхронизация поддерживается","Синхронизация поддерживается","Синхронизация поддерживается","В допустимых пределах","В допустимых пределах","В допустимых пределах","473,8","457,8","472,8","52","52","59,6","82,5","Аналоговый","0","Нет","369,34","0,00","0,00","Нормальный","5,00","5,00","5,00","5,00","5,00","5,00","5,00","5,00","5,00","5,00","5,00","5,00","1899","1897","1898","ОК","ОК","ОК",
18-май-2026,22:22:58.137,"0,0","В норме","0,00","88,3","19020115","19020115","19020115","018052:51:16","018051:43:52","018051:40:05","Выкл.","566,1","296,3","0,7","520,4","667","565","666","300","294","384","41","41","–","81,8","62","58","57","61","492","448","495","517","480","416","476","498","507","461","469","500","403","473","414","424","26,1","26,1","26,1","Главный","Главный","Главный","1550","0","1550","1125,00","0,00","0,00","1538","1552","1555","1125,00","0,00","0,00","0","1","144","0","0","0","0","0","0","0","0","0","27","Вкл.","384,2","0,0","27,5","27,4","27,4","27,5","1,8","3,5","3,4","2,1","0,0","0,0","4,1","1,4","1,6","1,6","1,4","2,7","2,4","2,7","2,8","2,6","2,3","2,6","2,7","2,8","2,5","2,6","2,7","2,2","2,6","2,3","2,3","3,1","0,0","0,0","5,00","3,13","3,59","0,00","0,00","1,19","0,75","3,44","0,00","1,81","0,81","0,81","017976:15:54","Нет","Нет","Нет","000000:00:00","Отключение","100","Выкл.","Выкл.","Выкл.","Вкл.","Выкл.","Выкл.","Отказ переключателя","Выкл.","2059","2058","Закрыто","Разомкнут","Разомкнут","Выкл.","Выкл.","Выкл.","0","Вкл.","Максимальное открытие дроссельной заслонки","16","0","0","0","0","0","Не задано","Не задано","Не задано","Ограничение крутящего момента","Не определено","Вкл.","Выкл.","Допустимый сигнал","Допустимый сигнал","Допустимый сигнал","Синхронизация поддерживается","Синхронизация поддерживается","Синхронизация поддерживается","Выкл.","Неактивно","Выкл.","Вода не обнаружена","Температура во впускном коллекторе","Допустимый сигнал","Допустимый сигнал","Допустимый сигнал","Синхронизация поддерживается","Синхронизация поддерживается","Синхронизация поддерживается","В допустимых пределах","В допустимых пределах","В допустимых пределах","474,8","458,5","473,8","51","51","59,6","82,5","Аналоговый","0","Нет","369,34","0,00","0,00","Нормальный","5,00","5,00","5,00","5,00","5,00","5,00","5,00","5,00","5,00","5,00","5,00","5,00","1899","1897","1898","ОК","ОК","ОК",
18-май-2026,22:22:59.137,"0,0","В норме","0,00","88,3","19020115","19020115","19020115","018052:51:18","018051:43:54","018051:40:05","Выкл.","566,1","297,9","0,6","520,4","666","565","666","300","294","383","36","41","–","81,8","62","59","57","61","492","448","495","517","480","416","476","498","507","461","469","500","403","473","414","424","26,1","26,1","26,1","Главный","Главный","Главный","1550","0","1550","1125,00","0,00","0,00","1533","1552","1555","1125,00","0,00","0,00","0","1","144","0","0","0","0","0","0","0","0","0","26","Вкл.","345,6","0,0","27,5","27,4","27,4","27,4","1,8","3,5","3,4","2,1","0,0","0,0","4,1","1,4","1,6","1,6","1,4","2,7","2,4","2,7","2,8","2,6","2,3","2,6","2,7","2,8","2,5","2,6","2,7","2,2","2,6","2,3","2,3","3,1","0,0","0,0","5,00","3,13","3,56","0,00","0,00","1,19","0,69","3,44","0,00","1,81","0,81","0,81","017976:15:56","Нет","Нет","Нет","000000:00:00","Отключение","100","Выкл.","Выкл.","Выкл.","Вкл.","Выкл.","Выкл.","Отказ переключателя","Выкл.","2059","2058","Закрыто","Разомкнут","Разомкнут","Выкл.","Выкл.","Выкл.","0","Вкл.","Максимальное открытие дроссельной заслонки","16","0","0","0","0","0","Не задано","Не задано","Не задано","Ограничение крутящего момента","Не определено","Вкл.","Выкл.","Допустимый сигнал","Допустимый сигнал","Допустимый сигнал","Синхронизация поддерживается","Синхронизация поддерживается","Синхронизация поддерживается","Выкл.","Неактивно","Выкл.","Вода не обнаружена","Температура во впускном коллекторе","Допустимый сигнал","Допустимый сигнал","Допустимый сигнал","Синхронизация поддерживается","Синхронизация поддерживается","Синхронизация поддерживается","В допустимых пределах","В допустимых пределах","В допустимых пределах","474,8","458,5","473,8","51","51","59,7","82,6","Аналоговый","0","Нет","390,49","0,00","0,00","Нормальный","5,00","5,00","5,00","5,00","5,00","5,00","5,00","5,00","5,00","5,00","5,00","5,00","1901","1897","1898","ОК","ОК","ОК",
18-май-2026,22:23:00.137,"0,0","В норме","0,00","88,3","19020115","19020115","19020115","018052:51:18","018051:43:54","018051:40:07","Выкл.","567,0","297,9","0,6","520,4","666","565","670","300","293","383","36","51","–","81,8","62","59","57","61","492","448","496","517","481","417","477","499","508","462","470","501","403","473","415","425","26,1","26,1","26,1","Главный","Главный","Главный","1550","0","1550","1125,00","0,00","0,00","1533","1545","1565","1125,00","0,00","0,00","0","1","144","0","0","0","0","0","0","0","0","0","26","Вкл.","345,6","0,0","27,5","27,4","27,4","27,4","1,8","3,5","3,4","2,1","0,0","0,0","4,1","1,4","1,6","1,6","1,4","2,7","2,4","2,7","2,8","2,6","2,3","2,6","2,7","2,8","2,5","2,6","2,7","2,2","2,6","2,3","2,3","3,1","0,0","0,0","5,00","3,13","3,56","0,00","0,00","1,19","0,69","3,44","0,00","1,81","0,81","0,81","017976:15:56","Нет","Нет","Нет","000000:00:00","Отключение","100","Выкл.","Выкл.","Выкл.","Вкл.","Выкл.","Выкл.","Отказ переключателя","Выкл.","2059","2058","Закрыто","Разомкнут","Разомкнут","Выкл.","Выкл.","Выкл.","0","Вкл.","Максимальное открытие дроссельной заслонки","16","0","0","0","0","0","Не задано","Не задано","Не задано","Ограничение крутящего момента","Не определено","Вкл.","Выкл.","Допустимый сигнал","Допустимый сигнал","Допустимый сигнал","Синхронизация поддерживается","Синхронизация поддерживается","Синхронизация поддерживается","Выкл.","Неактивно","Выкл.","Вода не обнаружена","Температура во впускном коллекторе","Допустимый сигнал","Допустимый сигнал","Допустимый сигнал","Синхронизация поддерживается","Синхронизация поддерживается","Синхронизация поддерживается","В допустимых пределах","В допустимых пределах","В допустимых пределах","475,8","459,3","474,5","51","51","59,7","82,6","Аналоговый","0","Нет","390,49","0,00","0,00","Нормальный","5,00","5,00","5,00","5,00","5,00","5,00","5,00","5,00","5,00","5,00","5,00","5,00","1901","1896","1900","ОК","ОК","ОК",
18-май-2026,22:23:01.177,"0,0","В норме","0,00","88,4","19020115","19020115","19020115","018052:51:20","018051:43:56","018051:40:08","Выкл.","567,0","296,6","0,6","520,4","668","565","670","302","293","383","42","51","–","81,8","62","59","57","61","492","448","496","517","481","417","477","499","508","462","470","501","403","473","415","425","26,1","26,1","26,1","Главный","Главный","Главный","1550","0","1550","1125,00","0,00","0,00","1565","1545","1565","1125,00","0,00","0,00","0","1","144","0","0","0","0","0","0","0","0","0","26","Вкл.","345,5","0,0","27,5","27,4","27,4","27,5","1,8","3,5","3,4","2,1","0,0","0,0","4,1","1,4","1,6","1,6","1,4","2,7","2,4","2,7","2,8","2,6","2,3","2,6","2,7","2,8","2,5","2,6","2,7","2,2","2,6","2,3","2,3","3,1","0,0","0,0","5,00","3,13","3,63","0,00","0,00","1,19","0,69","3,44","0,00","1,81","0,81","0,81","017976:15:58","Нет","Нет","Нет","000000:00:00","Отключение","100","Выкл.","Выкл.","Выкл.","Вкл.","Выкл.","Выкл.","Отказ переключателя","Выкл.","2059","2058","Закрыто","Разомкнут","Разомкнут","Выкл.","Выкл.","Выкл.","0","Вкл.","Максимальное открытие дроссельной заслонки","16","0","0","0","0","0","Не задано","Не задано","Не задано","Ограничение крутящего момента","Не определено","Вкл.","Выкл.","Допустимый сигнал","Допустимый сигнал","Допустимый сигнал","Синхронизация поддерживается","Синхронизация поддерживается","Синхронизация поддерживается","Выкл.","Неактивно","Выкл.","Вода не обнаружена","Температура во впускном коллекторе","Допустимый сигнал","Допустимый сигнал","Допустимый сигнал","Синхронизация поддерживается","Синхронизация поддерживается","Синхронизация поддерживается","В допустимых пределах","В допустимых пределах","В допустимых пределах","475,8","459,3","474,5","51","51","59,8","82,7","Аналоговый","0","Нет","379,91","0,00","0,00","Нормальный","5,00","5,00","5,00","5,00","5,00","5,00","5,00","5,00","5,00","5,00","5,00","5,00","1906","1896","1900","ОК","ОК","ОК",
18-май-2026,22:23:02.177,"0,0","В норме","0,00","88,4","19020115","19020115","19020115","018052:51:20","018051:43:56","018051:40:08","Выкл.","555,9","296,6","0,6","520,4","668","565","667","302","292","383","42","33","–","81,8","62","59","57","61","494","449","496","517","482","418","477","499","508","462","470","500","403","474","417","427","26,1","26,1","26,0","Главный","Главный","Главный","1550","0","1550","1125,00","0,00","0,00","1565","1548","1540","1125,00","0,00","0,00","0","1","144","0","0","0","0","0","0","0","0","0","26","Вкл.","345,5","0,0","27,5","27,4","27,4","27,5","1,8","3,5","3,4","2,1","0,0","0,0","4,1","1,4","1,6","1,6","1,4","2,7","2,4","2,7","2,8","2,6","2,3","2,6","2,7","2,8","2,5","2,6","2,7","2,2","2,6","2,3","2,3","3,1","0,0","0,0","5,00","3,13","3,63","0,00","0,00","1,19","0,69","3,44","0,00","1,81","0,81","0,81","017976:15:58","Нет","Нет","Нет","000000:00:00","Отключение","100","Выкл.","Выкл.","Выкл.","Вкл.","Выкл.","Выкл.","Отказ переключателя","Выкл.","2059","2058","Закрыто","Разомкнут","Разомкнут","Выкл.","Выкл.","Выкл.","0","Вкл.","Максимальное открытие дроссельной заслонки","16","0","0","0","0","0","Не задано","Не задано","Не задано","Ограничение крутящего момента","Не определено","Вкл.","Выкл.","Допустимый сигнал","Допустимый сигнал","Допустимый сигнал","Синхронизация поддерживается","Синхронизация поддерживается","Синхронизация поддерживается","Выкл.","Неактивно","Выкл.","Вода не обнаружена","Температура во впускном коллекторе","Допустимый сигнал","Допустимый сигнал","Допустимый сигнал","Синхронизация поддерживается","Синхронизация поддерживается","Синхронизация поддерживается","В допустимых пределах","В допустимых пределах","В допустимых пределах","476,3","459,8","475,3","51","51","59,8","82,7","Аналоговый","0","Нет","379,91","0,00","0,00","Нормальный","5,00","5,00","5,00","5,00","5,00","5,00","5,00","5,00","5,00","5,00","5,00","5,00","1906","1898","1900","ОК","ОК","ОК",
18-май-2026,22:23:03.177,"0,0","В норме","0,00","88,3","19020115","19020115","19020115","018052:51:22","018051:43:58","018051:40:10","Выкл.","555,9","296,7","0,6","520,4","666","565","667","302","292","380","49","33","–","81,8","62","59","57","62","494","449","496","517","482","418","477","499","508","462","470","500","403","474","417","427","26,0","26,1","26,0","Главный","Главный","Главный","1550","0","1550","1125,00","0,00","0,00","1543","1548","1540","1125,00","0,00","0,00","0","1","144","0","0","0","0","0","0","0","0","0","26","Вкл.","345,6","0,0","27,4","27,4","27,4","27,4","1,8","3,5","3,4","2,1","0,0","0,0","4,1","1,4","1,6","1,6","1,4","2,7","2,4","2,7","2,8","2,6","2,3","2,6","2,7","2,8","2,5","2,6","2,7","2,2","2,6","2,3","2,3","3,1","0,0","0,0","5,00","3,13","3,67","0,00","0,00","1,19","0,69","3,44","0,00","1,81","0,81","0,81","017976:16:00","Нет","Нет","Нет","000000:00:00","Отключение","100","Выкл.","Выкл.","Выкл.","Вкл.","Выкл.","Выкл.","Отказ переключателя","Выкл.","2059","2058","Закрыто","Разомкнут","Разомкнут","Выкл.","Выкл.","Выкл.","0","Вкл.","Максимальное открытие дроссельной заслонки","16","0","0","0","0","0","Не задано","Не задано","Не задано","Ограничение крутящего момента","Не определено","Вкл.","Выкл.","Допустимый сигнал","Допустимый сигнал","Допустимый сигнал","Синхронизация поддерживается","Синхронизация поддерживается","Синхронизация поддерживается","Выкл.","Неактивно","Выкл.","Вода не обнаружена","Температура во впускном коллекторе","Допустимый сигнал","Допустимый сигнал","Допустимый сигнал","Синхронизация поддерживается","Синхронизация поддерживается","Синхронизация поддерживается","В допустимых пределах","В допустимых пределах","В допустимых пределах","476,3","459,8","475,3","51","51","59,8","82,7","Аналоговый","0","Нет","412,43","0,00","0,00","Нормальный","5,00","5,00","5,00","5,00","5,00","5,00","5,00","5,00","5,00","5,00","5,00","5,00","1900","1898","1900","ОК","ОК","ОК",
18-май-2026,22:23:04.177,"0,0","В норме","0,00","88,3","19020115","19020115","19020115","018052:51:23","018051:43:58","018051:40:10","Выкл.","564,1","296,7","0,6","520,4","666","565","667","302","295","380","49","41","–","81,8","62","59","57","62","494","450","496","518","482","418","477","500","509","462","471","500","404","474","418","427","26,0","26,0","26,0","Главный","Главный","Главный","1550","0","1550","1125,00","0,00","0,00","1543","1565","1540","1125,00","0,00","0,00","0","1","144","0","0","0","0","0","0","0","0","0","26","Вкл.","345,6","0,0","27,4","27,4","27,4","27,4","1,8","3,5","3,4","2,1","0,0","0,0","4,1","1,4","1,6","1,6","1,4","2,7","2,4","2,7","2,8","2,6","2,3","2,6","2,7","2,8","2,5","2,6","2,7","2,3","2,6","2,3","2,3","3,1","0,0","0,0","5,00","3,13","3,67","0,00","0,00","1,19","0,69","3,44","0,00","1,81","0,81","0,81","017976:16:00","Нет","Нет","Нет","000000:00:00","Отключение","100","Выкл.","Выкл.","Выкл.","Вкл.","Выкл.","Выкл.","Отказ переключателя","Выкл.","2059","2058","Закрыто","Разомкнут","Разомкнут","Выкл.","Выкл.","Выкл.","0","Вкл.","Максимальное открытие дроссельной заслонки","16","0","0","0","0","0","Не задано","Не задано","Не задано","Ограничение крутящего момента","Не определено","Вкл.","Выкл.","Допустимый сигнал","Допустимый сигнал","Допустимый сигнал","Синхронизация поддерживается","Синхронизация поддерживается","Синхронизация поддерживается","Выкл.","Неактивно","Выкл.","Вода не обнаружена","Температура во впускном коллекторе","Допустимый сигнал","Допустимый сигнал","Допустимый сигнал","Синхронизация поддерживается","Синхронизация поддерживается","Синхронизация поддерживается","В допустимых пределах","В допустимых пределах","В допустимых пределах","476,3","460,5","476,0","51","51","59,8","82,7","Аналоговый","0","Нет","412,43","0,00","0,00","Нормальный","5,00","5,00","5,00","5,00","5,00","5,00","5,00","5,00","5,00","5,00","5,00","5,00","1900","1902","1900","ОК","ОК","ОК",
18-май-2026,22:23:05.178,"0,0","В норме","0,00","88,3","19020115","19020115","19020115","018052:51:23","018051:44:00","018051:40:12","Выкл.","564,1","297,8","0,6","520,4","668","565","667","301","295","369","50","41","–","81,8","62","59","57","62","496","450","496","518","483","418","478","500","509","463","471","501","404","475","418","428","26,0","26,0","26,0","Главный","Главный","Главный","1550","0","1550","1125,00","0,00","0,00","1545","1565","1557","1125,00","0,00","0,00","0","1","144","0","0","0","0","0","0","0","0","0","26","Вкл.","345,5","0,0","27,4","27,4","27,4","27,4","1,8","3,5","3,4","2,1","0,0","0,0","4,1","1,4","1,6","1,6","1,4","2,7","2,4","2,7","2,8","2,6","2,3","2,6","2,7","2,8","2,5","2,6","2,7","2,3","2,6","2,3","2,3","3,1","0,0","0,0","5,00","3,13","3,61","0,00","0,00","1,19","0,69","3,44","0,00","1,81","0,81","0,81","017976:16:02","Нет","Нет","Нет","000000:00:00","Отключение","100","Выкл.","Выкл.","Выкл.","Вкл.","Выкл.","Выкл.","Отказ переключателя","Выкл.","2059","2058","Закрыто","Разомкнут","Разомкнут","Выкл.","Выкл.","Выкл.","0","Вкл.","Максимальное открытие дроссельной заслонки","16","0","0","0","0","0","Не задано","Не задано","Не задано","Ограничение крутящего момента","Не определено","Вкл.","Выкл.","Допустимый сигнал","Допустимый сигнал","Допустимый сигнал","Синхронизация поддерживается","Синхронизация поддерживается","Синхронизация поддерживается","Выкл.","Неактивно","Выкл.","Вода не обнаружена","Температура во впускном коллекторе","Допустимый сигнал","Допустимый сигнал","Допустимый сигнал","Синхронизация поддерживается","Синхронизация поддерживается","Синхронизация поддерживается","В допустимых пределах","В допустимых пределах","В допустимых пределах","477,3","460,5","476,0","51","51","59,9","82,7","Аналоговый","0","Нет","409,61","0,00","0,00","Нормальный","5,00","5,00","5,00","5,00","5,00","5,00","5,00","5,00","5,00","5,00","5,00","5,00","1902","1902","1902","ОК","ОК","ОК",
18-май-2026,22:23:06.178,"0,0","В норме","0,00","88,3","19020115","19020115","19020115","018052:51:25","018051:44:01","018051:40:12","Выкл.","568,8","297,8","0,6","520,4","668","565","670","301","295","369","50","52","–","81,8","62","59","57","62","496","450","498","518","484","418","478","502","510","464","472","502","405","475","419","430","26,0","26,0","26,0","Главный","Главный","Главный","1550","0","1550","1125,00","0,00","0,00","1545","1540","1570","1125,00","0,00","0,00","0","1","144","0","0","0","0","0","0","0","0","0","26","Вкл.","345,5","0,0","27,4","27,5","27,4","27,4","1,8","3,5","3,4","2,1","0,0","0,0","4,1","1,4","1,6","1,6","1,4","2,7","2,4","2,7","2,8","2,6","2,3","2,6","2,7","2,8","2,5","2,6","2,7","2,3","2,6","2,3","2,4","3,1","0,0","0,0","5,00","3,13","3,61","0,00","0,00","1,19","0,69","3,44","0,00","1,81","0,81","0,81","017976:16:02","Нет","Нет","Нет","000000:00:00","Отключение","100","Выкл.","Выкл.","Выкл.","Вкл.","Выкл.","Выкл.","Отказ переключателя","Выкл.","2059","2058","Закрыто","Разомкнут","Разомкнут","Выкл.","Выкл.","Выкл.","0","Вкл.","Максимальное открытие дроссельной заслонки","16","0","0","0","0","0","Не задано","Не задано","Не задано","Ограничение крутящего момента","Не определено","Вкл.","Выкл.","Допустимый сигнал","Допустимый сигнал","Допустимый сигнал","Синхронизация поддерживается","Синхронизация поддерживается","Синхронизация поддерживается","Выкл.","Неактивно","Выкл.","Вода не обнаружена","Температура во впускном коллекторе","Допустимый сигнал","Допустимый сигнал","Допустимый сигнал","Синхронизация поддерживается","Синхронизация поддерживается","Синхронизация поддерживается","В допустимых пределах","В допустимых пределах","В допустимых пределах","478,0","461,5","476,8","51","51","59,9","82,7","Аналоговый","0","Нет","409,61","0,00","0,00","Нормальный","5,00","5,00","5,00","5,00","5,00","5,00","5,00","5,00","5,00","5,00","5,00","5,00","1902","1900","1901","ОК","ОК","ОК",
18-май-2026,22:23:07.178,"0,0","В норме","0,00","88,3","19020115","19020115","19020115","018052:51:26","018051:44:01","018051:40:14","Выкл.","568,8","299,0","0,6","520,4","668","565","670","302","295","387","43","52","–","81,6","62","59","57","62","496","450","498","518","484","418","478","502","510","464","472","502","405","475","419","430","26,0","26,0","26,0","Главный","Главный","Главный","1550","0","1550","1125,00","0,00","0,00","1550","1540","1570","1125,00","0,00","0,00","0","1","144","0","0","0","0","0","0","0","0","0","25","Вкл.","383,6","0,0","27,5","27,5","27,4","27,4","1,8","3,5","3,4","2,1","0,0","0,0","4,2","1,4","1,6","1,6","1,4","2,7","2,4","2,7","2,8","2,6","2,3","2,6","2,7","2,8","2,5","2,6","2,7","2,3","2,6","2,3","2,4","3,1","0,0","0,0","5,00","3,13","3,56","0,00","0,00","1,19","0,69","3,31","0,00","1,81","0,81","0,81","017976:16:04","Нет","Нет","Нет","000000:00:00","Отключение","100","Выкл.","Выкл.","Выкл.","Вкл.","Выкл.","Выкл.","Отказ переключателя","Выкл.","2059","2058","Закрыто","Разомкнут","Разомкнут","Выкл.","Выкл.","Выкл.","0","Вкл.","Максимальное открытие дроссельной заслонки","16","0","0","0","0","0","Не задано","Не задано","Не задано","Ограничение крутящего момента","Не определено","Вкл.","Выкл.","Допустимый сигнал","Допустимый сигнал","Допустимый сигнал","Синхронизация поддерживается","Синхронизация поддерживается","Синхронизация поддерживается","Выкл.","Неактивно","Выкл.","Вода не обнаружена","Температура во впускном коллекторе","Допустимый сигнал","Допустимый сигнал","Допустимый сигнал","Синхронизация поддерживается","Синхронизация поддерживается","Синхронизация поддерживается","В допустимых пределах","В допустимых пределах","В допустимых пределах","478,0","461,5","476,8","51","51","60,0","82,9","Аналоговый","0","Нет","405,79","0,00","0,00","Нормальный","5,00","5,00","5,00","5,00","5,00","5,00","5,00","5,00","5,00","5,00","5,00","5,00","1907","1900","1901","ОК","ОК","ОК",
18-май-2026,22:23:08.178,"0,0","В норме","0,00","88,3","19020115","19020115","19020115","018052:51:26","018051:44:03","018051:40:15","Выкл.","549,0","299,0","0,6","520,4","668","565","670","302","293","387","43","30","–","81,6","62","59","57","62","496","452","498","519","484","419","478","503","510","464","474","502","406","475","421","430","26,0","25,9","26,0","Главный","Главный","Главный","1550","0","1550","1125,00","0,00","0,00","1550","1552","1570","1125,00","0,00","0,00","0","1","144","0","0","0","0","0","0","0","0","0","25","Вкл.","383,6","0,0","27,5","27,4","27,4","27,4","1,8","3,5","3,4","2,1","0,0","0,0","4,2","1,4","1,6","1,6","1,4","2,7","2,4","2,7","2,8","2,6","2,3","2,6","2,7","2,8","2,5","2,6","2,7","2,3","2,6","2,3","2,4","3,1","0,0","0,0","5,00","3,13","3,56","0,00","0,00","1,19","0,69","3,31","0,00","1,81","0,81","0,81","017976:16:04","Нет","Нет","Нет","000000:00:00","Отключение","100","Выкл.","Выкл.","Выкл.","Вкл.","Выкл.","Выкл.","Отказ переключателя","Выкл.","2059","2058","Закрыто","Разомкнут","Разомкнут","Выкл.","Выкл.","Выкл.","0","Вкл.","Максимальное открытие дроссельной заслонки","16","0","0","0","0","0","Не задано","Не задано","Не задано","Ограничение крутящего момента","Не определено","Вкл.","Выкл.","Допустимый сигнал","Допустимый сигнал","Допустимый сигнал","Синхронизация поддерживается","Синхронизация поддерживается","Синхронизация поддерживается","Выкл.","Неактивно","Выкл.","Вода не обнаружена","Температура во впускном коллекторе","Допустимый сигнал","Допустимый сигнал","Допустимый сигнал","Синхронизация поддерживается","Синхронизация поддерживается","Синхронизация поддерживается","В допустимых пределах","В допустимых пределах","В допустимых пределах","478,0","462,5","477,8","51","51","60,0","82,9","Аналоговый","0","Нет","405,79","0,00","0,00","Нормальный","5,00","5,00","5,00","5,00","5,00","5,00","5,00","5,00","5,00","5,00","5,00","5,00","1907","1902","1901","ОК","ОК","ОК",
18-май-2026,22:23:09.178,"0,0","В норме","0,00","88,4","19020115","19020115","19020115","018052:51:28","018051:44:04","018051:40:15","Выкл.","549,0","299,8","0,6","520,4","666","565","670","302","293","382","42","30","–","81,5","63","59","57","62","497","452","498","519","484","419","478","503","510","465","474","502","406","476","421","432","25,9","25,9","26,0","Главный","Главный","Главный","1550","0","1550","1125,00","0,00","0,00","1540","1552","1557","1125,00","0,00","0,00","0","1","144","0","0","0","0","0","0","0","0","0","25","Вкл.","345,5","0,0","27,5","27,4","27,4","27,5","1,8","3,5","3,4","2,1","0,0","0,0","4,2","1,4","1,6","1,6","1,4","2,7","2,4","2,7","2,8","2,6","2,3","2,6","2,7","2,8","2,5","2,6","2,7","2,3","2,6","2,3","2,4","3,1","0,0","0,0","5,00","3,13","3,65","0,00","0,00","1,19","0,69","3,44","0,00","1,81","0,81","0,81","017976:16:06","Нет","Нет","Нет","000000:00:00","Отключение","100","Выкл.","Выкл.","Выкл.","Вкл.","Выкл.","Выкл.","Отказ переключателя","Выкл.","2059","2058","Закрыто","Разомкнут","Разомкнут","Выкл.","Выкл.","Выкл.","0","Вкл.","Максимальное открытие дроссельной заслонки","16","0","0","0","0","0","Не задано","Не задано","Не задано","Ограничение крутящего момента","Не определено","Вкл.","Выкл.","Допустимый сигнал","Допустимый сигнал","Допустимый сигнал","Синхронизация поддерживается","Синхронизация поддерживается","Синхронизация поддерживается","Выкл.","Неактивно","Выкл.","Вода не обнаружена","Температура во впускном коллекторе","Допустимый сигнал","Допустимый сигнал","Допустимый сигнал","Синхронизация поддерживается","Синхронизация поддерживается","Синхронизация поддерживается","В допустимых пределах","В допустимых пределах","В допустимых пределах","478,8","462,5","477,8","51","51","60,1","82,9","Аналоговый","0","Нет","398,59","0,00","0,00","Нормальный","5,00","5,00","5,00","5,00","5,00","5,00","5,00","5,00","5,00","5,00","5,00","5,00","1902","1902","1903","ОК","ОК","ОК",
18-май-2026,22:23:10.178,"0,0","В норме","0,00","88,4","19020115","19020115","19020115","018052:51:28","018051:44:04","018051:40:17","Выкл.","562,3","299,8","0,6","523,8","666","565","669","302","294","382","42","33","–","81,5","63","59","57","62","497","452","499","520","486","420","479","504","509","465","474","502","408","477","423","433","25,9","25,9","25,9","Главный","Главный","Главный","1550","0","1550","1125,00","0,00","0,00","1540","1533","1555","1125,00","0,00","0,00","0","1","144","0","0","0","0","0","0","0","0","0","25","Вкл.","345,5","0,0","27,5","27,4","27,4","27,5","1,8","3,5","3,4","2,1","0,0","0,0","4,2","1,4","1,6","1,6","1,4","2,7","2,4","2,7","2,8","2,6","2,3","2,6","2,8","2,8","2,5","2,6","2,7","2,3","2,6","2,3","2,4","3,1","0,0","0,0","5,00","3,13","3,65","0,00","0,00","1,19","0,69","3,44","0,00","1,81","0,81","0,81","017976:16:06","Нет","Нет","Нет","000000:00:00","Отключение","100","Выкл.","Выкл.","Выкл.","Вкл.","Выкл.","Выкл.","Отказ переключателя","Выкл.","2059","2058","Закрыто","Разомкнут","Разомкнут","Выкл.","Выкл.","Выкл.","0","Вкл.","Максимальное открытие дроссельной заслонки","16","0","0","0","0","0","Не задано","Не задано","Не задано","Ограничение крутящего момента","Не определено","Вкл.","Выкл.","Допустимый сигнал","Допустимый сигнал","Допустимый сигнал","Синхронизация поддерживается","Синхронизация поддерживается","Синхронизация поддерживается","Выкл.","Неактивно","Выкл.","Вода не обнаружена","Температура во впускном коллекторе","Допустимый сигнал","Допустимый сигнал","Допустимый сигнал","Синхронизация поддерживается","Синхронизация поддерживается","Синхронизация поддерживается","В допустимых пределах","В допустимых пределах","В допустимых пределах","479,3","463,3","478,3","51","51","60,1","82,9","Аналоговый","0","Нет","398,59","0,00","0,00","Нормальный","5,00","5,00","5,00","5,00","5,00","5,00","5,00","5,00","5,00","5,00","5,00","5,00","1902","1902","1904","ОК","ОК","ОК",
18-май-2026,22:23:11.178,"0,0","В норме","0,00","88,4","19020115","19020115","19020115","018052:51:30","018051:44:06","018051:40:18","Выкл.","562,3","299,8","0,6","523,8","666","565","669","302","294","382","42","33","–","81,5","63","59","57","62","497","452","499","520","486","420","479","504","509","465","474","502","408","477","423","433","25,9","25,9","25,9","Главный","Главный","Главный","1550","0","1550","1125,00","0,00","0,00","1540","1533","1555","1125,00","0,00","0,00","0","1","144","0","0","0","0","0","0","0","0","0","25","Вкл.","345,5","0,0","27,5","27,4","27,4","27,5","1,8","3,5","3,4","2,1","0,0","0,0","4,2","1,4","1,6","1,6","1,4","2,7","2,4","2,7","2,8","2,6","2,3","2,6","2,8","2,8","2,5","2,6","2,7","2,3","2,6","2,3","2,4","3,1","0,0","0,0","5,00","3,13","3,65","0,00","0,00","1,19","0,69","3,44","0,00","1,81","0,81","0,81","017976:16:06","Нет","Нет","Нет","000000:00:00","Отключение","100","Выкл.","Выкл.","Выкл.","Вкл.","Выкл.","Выкл.","Отказ переключателя","Выкл.","2059","2058","Закрыто","Разомкнут","Разомкнут","Выкл.","Выкл.","Выкл.","0","Вкл.","Максимальное открытие дроссельной заслонки","16","0","0","0","0","0","Не задано","Не задано","Не задано","Ограничение крутящего момента","Не определено","Вкл.","Выкл.","Допустимый сигнал","Допустимый сигнал","Допустимый сигнал","Синхронизация поддерживается","Синхронизация поддерживается","Синхронизация поддерживается","Выкл.","Неактивно","Выкл.","Вода не обнаружена","Температура во впускном коллекторе","Допустимый сигнал","Допустимый сигнал","Допустимый сигнал","Синхронизация поддерживается","Синхронизация поддерживается","Синхронизация поддерживается","В допустимых пределах","В допустимых пределах","В допустимых пределах","479,3","463,3","478,3","51","51","60,1","82,9","Аналоговый","0","Нет","398,59","0,00","0,00","Нормальный","5,00","5,00","5,00","5,00","5,00","5,00","5,00","5,00","5,00","5,00","5,00","5,00","1902","1902","1904","ОК","ОК","ОК",
18-май-2026,22:23:12.178,"0,0","В норме","0,00","88,3","19020115","19020115","19020115","018052:51:30","018051:44:06","018051:40:18","Выкл.","564,6","299,8","0,5","523,8","668","565","669","305","295","385","41","46","–","81,5","63","59","57","62","497","452","499","520","486","421","479","505","509","465","474","502","411","477","424","433","25,9","25,9","25,9","Главный","Главный","Главный","1550","0","1550","1125,00","0,00","0,00","1540","1550","1555","1125,00","0,00","0,00","0","1","144","0","0","0","0","0","0","0","0","0","25","Вкл.","345,4","0,0","27,5","27,5","27,4","27,5","1,8","3,6","3,4","2,1","0,0","0,0","4,2","1,4","1,6","1,6","1,4","2,7","2,4","2,7","2,8","2,6","2,3","2,6","2,8","2,8","2,5","2,6","2,7","2,3","2,6","2,3","2,4","3,1","0,0","0,0","5,00","3,13","3,61","0,00","0,00","1,19","0,63","3,44","0,00","1,81","0,81","0,81","017976:16:08","Нет","Нет","Нет","000000:00:00","Отключение","100","Выкл.","Выкл.","Выкл.","Вкл.","Выкл.","Выкл.","Отказ переключателя","Выкл.","2059","2058","Закрыто","Разомкнут","Разомкнут","Выкл.","Выкл.","Выкл.","0","Вкл.","Максимальное открытие дроссельной заслонки","15","0","0","0","0","0","Не задано","Не задано","Не задано","Ограничение крутящего момента","Не определено","Вкл.","Выкл.","Допустимый сигнал","Допустимый сигнал","Допустимый сигнал","Синхронизация поддерживается","Синхронизация поддерживается","Синхронизация поддерживается","Выкл.","Неактивно","Выкл.","Вода не обнаружена","Температура во впускном коллекторе","Допустимый сигнал","Допустимый сигнал","Допустимый сигнал","Синхронизация поддерживается","Синхронизация поддерживается","Синхронизация поддерживается","В допустимых пределах","В допустимых пределах","В допустимых пределах","479,3","464,0","478,8","51","51","60,1","82,9","Аналоговый","0","Нет","412,76","0,00","0,00","Нормальный","5,00","5,00","5,00","5,00","5,00","5,00","5,00","5,00","5,00","5,00","5,00","5,00","1904","1905","1904","ОК","ОК","ОК",
18-май-2026,22:23:13.259,"0,0","В норме","0,00","88,3","19020115","19020115","19020115","018052:51:32","018051:44:08","018051:40:20","Выкл.","564,6","300,4","0,7","523,8","668","565","667","302","295","381","37","46","–","81,3","63","59","57","62","498","452","499","520","486","421","479","505","509","466","474","503","411","478","424","434","25,9","25,9","25,9","Главный","Главный","Главный","1550","0","1550","1125,00","0,00","0,00","1565","1550","1543","1125,00","0,00","0,00","0","1","144","0","0","0","0","0","0","0","0","0","25","Вкл.","383,9","0,0","27,5","27,5","27,4","27,4","1,8","3,6","3,4","2,1","0,0","0,0","4,1","1,4","1,6","1,6","1,4","2,7","2,4","2,7","2,8","2,6","2,3","2,6","2,8","2,8","2,6","2,6","2,7","2,3","2,6","2,3","2,4","3,1","0,0","0,0","5,00","3,13","3,57","0,00","0,00","1,19","0,75","3,31","0,00","1,81","0,81","0,88","017976:16:10","Нет","Нет","Нет","000000:00:00","Отключение","100","Выкл.","Выкл.","Выкл.","Вкл.","Выкл.","Выкл.","Отказ переключателя","Выкл.","2059","2058","Закрыто","Разомкнут","Разомкнут","Выкл.","Выкл.","Выкл.","0","Вкл.","Максимальное открытие дроссельной заслонки","16","0","0","0","0","0","Не задано","Не задано","Не задано","Ограничение крутящего момента","Не определено","Вкл.","Выкл.","Допустимый сигнал","Допустимый сигнал","Допустимый сигнал","Синхронизация поддерживается","Синхронизация поддерживается","Синхронизация поддерживается","Выкл.","Неактивно","Выкл.","Вода не обнаружена","Температура во впускном коллекторе","Допустимый сигнал","Допустимый сигнал","Допустимый сигнал","Синхронизация поддерживается","Синхронизация поддерживается","Синхронизация поддерживается","В допустимых пределах","В допустимых пределах","В допустимых пределах","480,0","464,0","478,8","51","51","60,2","83,0","Аналоговый","0","Нет","355,73","0,00","0,00","Нормальный","5,00","5,00","5,00","5,00","5,00","5,00","5,00","5,00","5,00","5,00","5,00","5,00","1902","1905","1901","ОК","ОК","ОК",
18-май-2026,22:23:14.259,"0,0","В норме","0,00","88,3","19020115","19020115","19020115","018052:51:32","018051:44:08","018051:40:20","Выкл.","560,1","300,4","0,7","523,8","668","565","665","302","295","381","37","36","–","81,3","63","59","57","62","498","453","500","521","486","421","480","505","509","466","475","504","414","478","426","436","25,9","25,9","25,9","Главный","Главный","Главный","1550","0","1550","1125,00","0,00","0,00","1565","1540","1550","1125,00","0,00","0,00","0","1","144","0","0","0","0","0","0","0","0","0","25","Вкл.","383,9","0,0","27,5","27,4","27,4","27,4","1,8","3,6","3,4","2,1","0,0","0,0","4,1","1,4","1,6","1,6","1,4","2,7","2,4","2,7","2,8","2,6","2,3","2,6","2,8","2,8","2,6","2,6","2,8","2,3","2,6","2,3","2,4","3,1","0,0","0,0","5,00","3,13","3,57","0,00","0,00","1,19","0,75","3,31","0,00","1,81","0,81","0,88","017976:16:10","Нет","Нет","Нет","000000:00:00","Отключение","100","Выкл.","Выкл.","Выкл.","Вкл.","Выкл.","Выкл.","Отказ переключателя","Выкл.","2059","2058","Закрыто","Разомкнут","Разомкнут","Выкл.","Выкл.","Выкл.","0","Вкл.","Максимальное открытие дроссельной заслонки","16","0","0","0","0","0","Не задано","Не задано","Не задано","Ограничение крутящего момента","Не определено","Вкл.","Выкл.","Допустимый сигнал","Допустимый сигнал","Допустимый сигнал","Синхронизация поддерживается","Синхронизация поддерживается","Синхронизация поддерживается","Выкл.","Неактивно","Выкл.","Вода не обнаружена","Температура во впускном коллекторе","Допустимый сигнал","Допустимый сигнал","Допустимый сигнал","Синхронизация поддерживается","Синхронизация поддерживается","Синхронизация поддерживается","В допустимых пределах","В допустимых пределах","В допустимых пределах","480,8","465,0","479,3","51","51","60,2","83,0","Аналоговый","0","Нет","355,73","0,00","0,00","Нормальный","5,00","5,00","5,00","5,00","5,00","5,00","5,00","5,00","5,00","5,00","5,00","5,00","1902","1901","1899","ОК","ОК","ОК",
18-май-2026,22:23:15.259,"0,0","В норме","0,00","88,3","19020115","19020115","19020115","018052:51:34","018051:44:10","018051:40:22","Выкл.","560,1","299,3","0,6","523,8","669","565","665","304","295","385","38","36","–","81,3","63","59","57","62","498","453","500","521","486","421","480","505","509","466","475","504","414","478","426","436","25,9","25,9","25,9","Главный","Главный","Главный","1550","0","1550","1125,00","0,00","0,00","1552","1540","1550","1125,00","0,00","0,00","0","1","144","0","0","0","0","0","0","0","0","0","25","Вкл.","345,5","0,0","27,5","27,4","27,4","27,4","1,8","3,6","3,4","2,1","0,0","0,0","4,1","1,4","1,6","1,6","1,4","2,7","2,4","2,7","2,8","2,6","2,3","2,6","2,8","2,8","2,6","2,6","2,8","2,3","2,6","2,3","2,4","3,1","0,0","0,0","5,00","3,13","3,63","0,00","0,00","1,19","0,69","3,44","0,00","1,81","0,81","0,88","017976:16:12","Нет","Нет","Нет","000000:00:00","Отключение","100","Выкл.","Выкл.","Выкл.","Вкл.","Выкл.","Выкл.","Отказ переключателя","Выкл.","2059","2058","Закрыто","Разомкнут","Разомкнут","Выкл.","Выкл.","Выкл.","0","Вкл.","Максимальное открытие дроссельной заслонки","16","0","0","0","0","0","Не задано","Не задано","Не задано","Ограничение крутящего момента","Не определено","Вкл.","Выкл.","Допустимый сигнал","Допустимый сигнал","Допустимый сигнал","Синхронизация поддерживается","Синхронизация поддерживается","Синхронизация поддерживается","Выкл.","Неактивно","Выкл.","Вода не обнаружена","Температура во впускном коллекторе","Допустимый сигнал","Допустимый сигнал","Допустимый сигнал","Синхронизация поддерживается","Синхронизация поддерживается","Синхронизация поддерживается","В допустимых пределах","В допустимых пределах","В допустимых пределах","480,8","465,0","479,3","51","51","60,3","83,1","Аналоговый","0","Нет","390,26","0,00","0,00","Нормальный","5,00","5,00","5,00","5,00","5,00","5,00","5,00","5,00","5,00","5,00","5,00","5,00","1900","1901","1899","ОК","ОК","ОК",
18-май-2026,22:23:16.259,"0,0","В норме","0,00","88,3","19020115","19020115","19020115","018052:51:35","018051:44:11","018051:40:22","Выкл.","569,8","299,3","0,6","523,8","669","565","665","304","294","385","38","51","–","81,3","63","59","57","62","498","454","500","521","486","421","480","506","509","466","475","504","416","478","427","436","25,9","25,8","25,9","Главный","Главный","Главный","1550","0","1550","1125,00","0,00","0,00","1552","1562","1550","1125,00","0,00","0,00","0","1","144","0","0","0","0","0","0","0","0","0","25","Вкл.","345,5","0,0","27,5","27,4","27,4","27,4","1,8","3,6","3,4","2,1","0,0","0,0","4,1","1,4","1,6","1,6","1,4","2,7","2,4","2,7","2,8","2,6","2,3","2,6","2,8","2,8","2,6","2,6","2,8","2,3","2,6","2,3","2,4","3,1","0,0","0,0","5,00","3,13","3,63","0,00","0,00","1,19","0,69","3,44","0,00","1,81","0,81","0,88","017976:16:12","Нет","Нет","Нет","000000:00:00","Отключение","100","Выкл.","Выкл.","Выкл.","Вкл.","Выкл.","Выкл.","Отказ переключателя","Выкл.","2059","2058","Закрыто","Разомкнут","Разомкнут","Выкл.","Выкл.","Выкл.","0","Вкл.","Максимальное открытие дроссельной заслонки","16","0","0","0","0","0","Не задано","Не задано","Не задано","Ограничение крутящего момента","Не определено","Вкл.","Выкл.","Допустимый сигнал","Допустимый сигнал","Допустимый сигнал","Синхронизация поддерживается","Синхронизация поддерживается","Синхронизация поддерживается","Выкл.","Неактивно","Выкл.","Вода не обнаружена","Температура во впускном коллекторе","Допустимый сигнал","Допустимый сигнал","Допустимый сигнал","Синхронизация поддерживается","Синхронизация поддерживается","Синхронизация поддерживается","В допустимых пределах","В допустимых пределах","В допустимых пределах","480,8","465,8","479,8","51","51","60,3","83,1","Аналоговый","0","Нет","390,26","0,00","0,00","Нормальный","5,00","5,00","5,00","5,00","5,00","5,00","5,00","5,00","5,00","5,00","5,00","5,00","1900","1898","1899","ОК","ОК","ОК",
18-май-2026,22:23:17.259,"0,0","В норме","0,00","88,3","19020115","19020115","19020115","018052:51:35","018051:44:11","018051:40:24","Выкл.","569,8","298,8","0,5","523,8","667","565","667","302","294","387","41","51","–","81,1","63","59","57","62","498","454","500","521","486","421","479","506","509","467","475","504","416","479","427","436","25,8","25,8","25,8","Главный","Главный","Главный","1550","0","1550","1125,00","0,00","0,00","1545","1562","1552","1125,00","0,00","0,00","0","1","144","0","0","0","0","0","0","0","0","0","25","Вкл.","345,5","0,0","27,5","27,4","27,4","27,4","1,8","3,5","3,4","2,1","0,0","0,0","4,1","1,4","1,6","1,6","1,4","2,7","2,4","2,7","2,8","2,6","2,3","2,6","2,8","2,8","2,6","2,6","2,7","2,3","2,6","2,3","2,4","3,1","0,0","0,0","5,00","3,13","3,58","0,00","0,00","1,19","0,63","3,44","0,00","1,81","0,81","0,88","017976:16:14","Нет","Нет","Нет","000000:00:00","Отключение","100","Выкл.","Выкл.","Выкл.","Вкл.","Выкл.","Выкл.","Отказ переключателя","Выкл.","2059","2058","Закрыто","Разомкнут","Разомкнут","Выкл.","Выкл.","Выкл.","0","Вкл.","Максимальное открытие дроссельной заслонки","15","0","0","0","0","0","Не задано","Не задано","Не задано","Ограничение крутящего момента","Не определено","Вкл.","Выкл.","Допустимый сигнал","Допустимый сигнал","Допустимый сигнал","Синхронизация поддерживается","Синхронизация поддерживается","Синхронизация поддерживается","Выкл.","Неактивно","Выкл.","Вода не обнаружена","Температура во впускном коллекторе","Допустимый сигнал","Допустимый сигнал","Допустимый сигнал","Синхронизация поддерживается","Синхронизация поддерживается","Синхронизация поддерживается","В допустимых пределах","В допустимых пределах","В допустимых пределах","481,0","465,8","479,8","51","51","60,3","83,0","Аналоговый","0","Нет","430,99","0,00","0,00","Нормальный","5,00","5,00","5,00","5,00","5,00","5,00","5,00","5,00","5,00","5,00","5,00","5,00","1901","1898","1900","ОК","ОК","ОК",
18-май-2026,22:23:18.259,"0,0","В норме","0,00","88,3","19020115","19020115","19020115","018052:51:37","018051:44:13","018051:40:24","Выкл.","570,5","298,8","0,5","523,8","667","565","667","302","294","387","41","50","–","81,1","63","59","57","62","498","454","500","521","486","422","479","506","509","467","475","504","417","479","428","436","25,8","25,8","25,8","Главный","Главный","Главный","1550","0","1550","1125,00","0,00","0,00","1545","1530","1552","1125,00","0,00","0,00","0","1","144","0","0","0","0","0","0","0","0","0","25","Вкл.","345,5","0,0","27,5","27,5","27,4","27,4","1,8","3,5","3,4","2,1","0,0","0,0","4,1","1,4","1,6","1,6","1,4","2,7","2,5","2,7","2,8","2,6","2,3","2,6","2,8","2,8","2,6","2,6","2,7","2,3","2,6","2,4","2,4","3,1","0,0","0,0","5,00","3,13","3,58","0,00","0,00","1,19","0,63","3,44","0,00","1,81","0,81","0,88","017976:16:14","Нет","Нет","Нет","000000:00:00","Отключение","100","Выкл.","Выкл.","Выкл.","Вкл.","Выкл.","Выкл.","Отказ переключателя","Выкл.","2059","2058","Закрыто","Разомкнут","Разомкнут","Выкл.","Выкл.","Выкл.","0","Вкл.","Максимальное открытие дроссельной заслонки","15","0","0","0","0","0","Не задано","Не задано","Не задано","Ограничение крутящего момента","Не определено","Вкл.","Выкл.","Допустимый сигнал","Допустимый сигнал","Допустимый сигнал","Синхронизация поддерживается","Синхронизация поддерживается","Синхронизация поддерживается","Выкл.","Неактивно","Выкл.","Вода не обнаружена","Температура во впускном коллекторе","Допустимый сигнал","Допустимый сигнал","Допустимый сигнал","Синхронизация поддерживается","Синхронизация поддерживается","Синхронизация поддерживается","В допустимых пределах","В допустимых пределах","В допустимых пределах","481,0","466,3","480,0","51","51","60,3","83,0","Аналоговый","0","Нет","430,99","0,00","0,00","Нормальный","5,00","5,00","5,00","5,00","5,00","5,00","5,00","5,00","5,00","5,00","5,00","5,00","1901","1899","1900","ОК","ОК","ОК",
18-май-2026,22:23:19.259,"0,0","В норме","0,00","88,3","19020115","19020115","19020115","018052:51:38","018051:44:13","018051:40:26","Выкл.","570,5","298,8","0,5","523,8","667","565","668","302","294","387","41","50","–","81,1","63","59","57","62","500","454","500","521","487","422","479","506","509","467","475","504","417","479","428","438","25,8","25,8","25,8","Главный","Главный","Главный","1550","0","1550","1125,00","0,00","0,00","1545","1530","1555","1125,00","0,00","0,00","0","1","144","0","0","0","0","0","0","0","0","0","25","Вкл.","345,5","0,0","27,5","27,5","27,4","27,4","1,8","3,5","3,4","2,1","0,0","0,0","4,1","1,4","1,6","1,6","1,4","2,7","2,5","2,7","2,8","2,6","2,3","2,6","2,8","2,8","2,6","2,6","2,8","2,3","2,6","2,4","2,4","3,1","0,0","0,0","5,00","3,13","3,58","0,00","0,00","1,19","0,63","3,44","0,00","1,81","0,81","0,88","017976:16:14","Нет","Нет","Нет","000000:00:00","Отключение","100","Выкл.","Выкл.","Выкл.","Вкл.","Выкл.","Выкл.","Отказ переключателя","Выкл.","2059","2058","Закрыто","Разомкнут","Разомкнут","Выкл.","Выкл.","Выкл.","0","Вкл.","Максимальное открытие дроссельной заслонки","15","0","0","0","0","0","Не задано","Не задано","Не задано","Ограничение крутящего момента","Не определено","Вкл.","Выкл.","Допустимый сигнал","Допустимый сигнал","Допустимый сигнал","Синхронизация поддерживается","Синхронизация поддерживается","Синхронизация поддерживается","Выкл.","Неактивно","Выкл.","Вода не обнаружена","Температура во впускном коллекторе","Допустимый сигнал","Допустимый сигнал","Допустимый сигнал","Синхронизация поддерживается","Синхронизация поддерживается","Синхронизация поддерживается","В допустимых пределах","В допустимых пределах","В допустимых пределах","481,8","466,3","480,0","51","51","60,3","83,0","Аналоговый","0","Нет","430,99","0,00","0,00","Нормальный","5,00","5,00","5,00","5,00","5,00","5,00","5,00","5,00","5,00","5,00","5,00","5,00","1901","1899","1898","ОК","ОК","ОК",
18-май-2026,22:23:20.259,"0,0","В норме","0,00","88,3","19020115","19020115","19020115","018052:51:38","018051:44:14","018051:40:26","Выкл.","572,1","298,1","0,6","523,8","667","565","668","303","295","387","58","55","–","81,1","63","59","57","62","500","454","500","522","487","422","479","506","509","467","475","504","418","479","430","438","25,8","25,7","25,8","Главный","Главный","Главный","1550","0","1550","1125,00","0,00","0,00","1572","1545","1555","1125,00","0,00","0,00","0","1","144","0","0","0","0","0","0","0","0","0","24","Вкл.","345,7","0,0","27,4","27,4","27,4","27,5","1,8","3,5","3,4","2,1","0,0","0,0","4,1","1,4","1,5","1,6","1,4","2,7","2,5","2,7","2,8","2,6","2,3","2,6","2,8","2,8","2,6","2,6","2,8","2,3","2,6","2,4","2,4","3,1","0,0","0,0","5,00","3,13","3,65","0,00","0,00","1,19","0,69","3,44","0,00","1,81","0,81","0,88","017976:16:16","Нет","Нет","Нет","000000:00:00","Отключение","100","Выкл.","Выкл.","Выкл.","Вкл.","Выкл.","Выкл.","Отказ переключателя","Выкл.","2059","2058","Закрыто","Разомкнут","Разомкнут","Выкл.","Выкл.","Выкл.","0","Вкл.","Максимальное открытие дроссельной заслонки","15","0","0","0","0","0","Не задано","Не задано","Не задано","Ограничение крутящего момента","Не определено","Вкл.","Выкл.","Допустимый сигнал","Допустимый сигнал","Допустимый сигнал","Синхронизация поддерживается","Синхронизация поддерживается","Синхронизация поддерживается","Выкл.","Неактивно","Выкл.","Вода не обнаружена","Температура во впускном коллекторе","Допустимый сигнал","Допустимый сигнал","Допустимый сигнал","Синхронизация поддерживается","Синхронизация поддерживается","Синхронизация поддерживается","В допустимых пределах","В допустимых пределах","В допустимых пределах","481,8","467,0","480,3","51","51","60,5","83,1","Аналоговый","0","Нет","412,09","0,00","0,00","Нормальный","5,00","5,00","5,00","5,00","5,00","5,00","5,00","5,00","5,00","5,00","5,00","5,00","1899","1898","1898","ОК","ОК","ОК",
18-май-2026,22:23:21.421,"0,0","В норме","0,00","88,4","19020115","19020115","19020115","018052:51:40","018051:44:16","018051:40:27","Выкл.","572,1","298,5","0,6","523,8","668","565","668","303","295","386","49","55","–","81,1","63","59","57","63","500","454","500","522","487","422","479","506","509","467","475","504","418","480","430","440","25,7","25,7","25,7","Главный","Главный","Главный","1550","0","1550","1125,00","0,00","0,00","1538","1545","1555","1125,00","0,00","0,00","0","1","144","0","0","0","0","0","0","0","0","0","24","Вкл.","345,6","0,0","27,5","27,4","27,4","27,5","1,8","3,6","3,4","2,1","0,0","0,0","4,1","1,4","1,5","1,6","1,4","2,7","2,5","2,7","2,8","2,6","2,3","2,6","2,8","2,8","2,6","2,6","2,8","2,3","2,6","2,4","2,4","3,1","0,0","0,0","5,00","3,13","3,55","0,00","0,00","1,19","0,69","3,44","0,00","1,81","0,81","0,88","017976:16:18","Нет","Нет","Нет","000000:00:00","Отключение","100","Выкл.","Выкл.","Выкл.","Вкл.","Выкл.","Выкл.","Отказ переключателя","Выкл.","2059","2058","Закрыто","Разомкнут","Разомкнут","Выкл.","Выкл.","Выкл.","0","Вкл.","Максимальное открытие дроссельной заслонки","15","0","0","0","0","0","Не задано","Не задано","Не задано","Ограничение крутящего момента","Не определено","Вкл.","Выкл.","Допустимый сигнал","Допустимый сигнал","Допустимый сигнал","Синхронизация поддерживается","Синхронизация поддерживается","Синхронизация поддерживается","Выкл.","Неактивно","Выкл.","Вода не обнаружена","Температура во впускном коллекторе","Допустимый сигнал","Допустимый сигнал","Допустимый сигнал","Синхронизация поддерживается","Синхронизация поддерживается","Синхронизация поддерживается","В допустимых пределах","В допустимых пределах","В допустимых пределах","482,3","467,0","480,3","51","51","60,5","83,1","Аналоговый","0","Нет","404,78","0,00","0,00","Нормальный","5,00","5,00","5,00","5,00","5,00","5,00","5,00","5,00","5,00","5,00","5,00","5,00","1898","1898","1894","ОК","ОК","ОК",
18-май-2026,22:23:22.421,"0,0","В норме","0,00","88,4","19020115","19020115","19020115","018052:51:40","018051:44:16","018051:40:29","Выкл.","556,8","298,5","0,6","523,8","668","565","668","303","293","386","49","32","–","81,1","63","59","57","63","500","455","500","522","487","423","480","506","510","468","476","504","417","481","431","441","25,7","25,7","25,7","Главный","Главный","Главный","1550","0","1550","1125,00","0,00","0,00","1538","1543","1545","1125,00","0,00","0,00","0","1","144","0","0","0","0","0","0","0","0","0","24","Вкл.","345,6","0,0","27,5","27,4","27,4","27,5","1,8","3,6","3,4","2,1","0,0","0,0","4,1","1,4","1,5","1,6","1,4","2,7","2,5","2,7","2,8","2,6","2,3","2,6","2,8","2,8","2,6","2,6","2,8","2,3","2,6","2,4","2,4","3,1","0,0","0,0","5,00","3,13","3,55","0,00","0,00","1,19","0,69","3,44","0,00","1,81","0,81","0,88","017976:16:18","Нет","Нет","Нет","000000:00:00","Отключение","100","Выкл.","Выкл.","Выкл.","Вкл.","Выкл.","Выкл.","Отказ переключателя","Выкл.","2059","2058","Закрыто","Разомкнут","Разомкнут","Выкл.","Выкл.","Выкл.","0","Вкл.","Максимальное открытие дроссельной заслонки","15","0","0","0","0","0","Не задано","Не задано","Не задано","Ограничение крутящего момента","Не определено","Вкл.","Выкл.","Допустимый сигнал","Допустимый сигнал","Допустимый сигнал","Синхронизация поддерживается","Синхронизация поддерживается","Синхронизация поддерживается","Выкл.","Неактивно","Выкл.","Вода не обнаружена","Температура во впускном коллекторе","Допустимый сигнал","Допустимый сигнал","Допустимый сигнал","Синхронизация поддерживается","Синхронизация поддерживается","Синхронизация поддерживается","В допустимых пределах","В допустимых пределах","В допустимых пределах","482,5","467,3","480,8","51","51","60,5","83,1","Аналоговый","0","Нет","404,78","0,00","0,00","Нормальный","5,00","5,00","5,00","5,00","5,00","5,00","5,00","5,00","5,00","5,00","5,00","5,00","1898","1899","1897","ОК","ОК","ОК",
18-май-2026,22:23:23.421,"0,0","В норме","0,00","88,3","19020115","19020115","19020115","018052:51:42","018051:44:18","018051:40:30","Выкл.","556,8","298,0","0,6","523,8","666","565","668","302","293","386","36","32","–","81,1","63","59","57","63","500","455","500","522","487","423","480","506","510","468","476","504","417","481","431","441","25,7","25,7","25,7","Главный","Главный","Главный","1550","0","1550","1125,00","0,00","0,00","1538","1543","1545","1125,00","0,00","0,00","0","1","144","0","0","0","0","0","0","0","0","0","24","Вкл.","384,0","0,0","27,5","27,4","27,4","27,5","1,8","3,5","3,4","2,1","0,0","0,0","4,1","1,4","1,5","1,6","1,4","2,7","2,5","2,7","2,8","2,6","2,3","2,6","2,8","2,8","2,6","2,6","2,8","2,3","2,6","2,4","2,4","3,1","0,0","0,0","5,00","3,13","3,58","0,00","0,00","1,19","0,69","3,44","0,00","1,81","0,81","0,88","017976:16:20","Нет","Нет","Нет","000000:00:00","Отключение","100","Выкл.","Выкл.","Выкл.","Вкл.","Выкл.","Выкл.","Отказ переключателя","Выкл.","2059","2058","Закрыто","Разомкнут","Разомкнут","Выкл.","Выкл.","Выкл.","0","Вкл.","Максимальное открытие дроссельной заслонки","16","0","0","0","0","0","Не задано","Не задано","Не задано","Ограничение крутящего момента","Не определено","Вкл.","Выкл.","Допустимый сигнал","Допустимый сигнал","Допустимый сигнал","Синхронизация поддерживается","Синхронизация поддерживается","Синхронизация поддерживается","Выкл.","Неактивно","Выкл.","Вода не обнаружена","Температура во впускном коллекторе","Допустимый сигнал","Допустимый сигнал","Допустимый сигнал","Синхронизация поддерживается","Синхронизация поддерживается","Синхронизация поддерживается","В допустимых пределах","В допустимых пределах","В допустимых пределах","482,5","467,3","480,8","51","51","60,6","83,2","Аналоговый","0","Нет","397,46","0,00","0,00","Нормальный","5,00","5,00","5,00","5,00","5,00","5,00","5,00","5,00","5,00","5,00","5,00","5,00","1899","1899","1897","ОК","ОК","ОК",
18-май-2026,22:23:24.421,"0,0","В норме","0,00","88,3","19020115","19020115","19020115","018052:51:42","018051:44:18","018051:40:30","Выкл.","559,6","298,0","0,6","514,4","666","565","665","302","295","386","36","43","–","81,1","63","59","57","63","500","456","500","522","487","424","480","506","510","468","476","504","416","481","432","442","25,7","25,7","25,7","Главный","Главный","Главный","1550","0","1550","1125,00","0,00","0,00","1538","1545","1545","1125,00","0,00","0,00","0","1","144","0","0","0","0","0","0","0","0","0","24","Вкл.","384,0","0,0","27,5","27,4","27,4","27,5","1,8","3,5","3,4","2,1","0,0","0,0","4,1","1,4","1,5","1,6","1,4","2,7","2,5","2,7","2,8","2,6","2,3","2,6","2,8","2,8","2,6","2,6","2,7","2,3","2,6","2,4","2,4","3,1","0,0","0,0","5,00","3,13","3,58","0,00","0,00","1,19","0,69","3,44","0,00","1,81","0,81","0,88","017976:16:20","Нет","Нет","Нет","000000:00:00","Отключение","100","Выкл.","Выкл.","Выкл.","Вкл.","Выкл.","Выкл.","Отказ переключателя","Выкл.","2059","2058","Закрыто","Разомкнут","Разомкнут","Выкл.","Выкл.","Выкл.","0","Вкл.","Максимальное открытие дроссельной заслонки","16","0","0","0","0","0","Не задано","Не задано","Не задано","Ограничение крутящего момента","Не определено","Вкл.","Выкл.","Допустимый сигнал","Допустимый сигнал","Допустимый сигнал","Синхронизация поддерживается","Синхронизация поддерживается","Синхронизация поддерживается","Выкл.","Неактивно","Выкл.","Вода не обнаружена","Температура во впускном коллекторе","Допустимый сигнал","Допустимый сигнал","Допустимый сигнал","Синхронизация поддерживается","Синхронизация поддерживается","Синхронизация поддерживается","В допустимых пределах","В допустимых пределах","В допустимых пределах","482,8","467,5","481,0","51","51","60,6","83,2","Аналоговый","0","Нет","397,46","0,00","0,00","Нормальный","5,00","5,00","5,00","5,00","5,00","5,00","5,00","5,00","5,00","5,00","5,00","5,00","1899","1899","1899","ОК","ОК","ОК",
18-май-2026,22:23:25.421,"0,0","В норме","0,00","88,3","19020115","19020115","19020115","018052:51:44","018051:44:20","018051:40:32","Выкл.","559,6","298,5","0,5","514,4","669","565","665","304","295","384","39","43","–","81,1","63","59","57","63","500","456","500","522","487","424","480","506","510","468","476","504","416","481","432","442","25,7","25,7","25,7","Главный","Главный","Главный","1550","0","1550","1125,00","0,00","0,00","1560","1545","1545","1125,00","0,00","0,00","0","1","144","0","0","0","0","0","0","0","0","0","24","Вкл.","384,0","0,0","27,4","27,4","27,4","27,5","1,8","3,5","3,4","2,1","0,0","0,0","4,1","1,4","1,5","1,6","1,4","2,7","2,5","2,7","2,8","2,6","2,3","2,6","2,8","2,8","2,6","2,6","2,7","2,3","2,6","2,4","2,4","3,1","0,0","0,0","5,00","3,13","3,58","0,00","0,00","1,19","0,63","3,44","0,00","1,81","0,81","0,88","017976:16:22","Нет","Нет","Нет","000000:00:00","Отключение","100","Выкл.","Выкл.","Выкл.","Вкл.","Выкл.","Выкл.","Отказ переключателя","Выкл.","2059","2058","Закрыто","Разомкнут","Разомкнут","Выкл.","Выкл.","Выкл.","0","Вкл.","Максимальное открытие дроссельной заслонки","16","0","0","0","0","0","Не задано","Не задано","Не задано","Ограничение крутящего момента","Не определено","Вкл.","Выкл.","Допустимый сигнал","Допустимый сигнал","Допустимый сигнал","Синхронизация поддерживается","Синхронизация поддерживается","Синхронизация поддерживается","Выкл.","Неактивно","Выкл.","Вода не обнаружена","Температура во впускном коллекторе","Допустимый сигнал","Допустимый сигнал","Допустимый сигнал","Синхронизация поддерживается","Синхронизация поддерживается","Синхронизация поддерживается","В допустимых пределах","В допустимых пределах","В допустимых пределах","482,8","467,5","481,0","51","51","60,6","83,4","Аналоговый","0","Нет","352,13","0,00","0,00","Нормальный","5,00","5,00","5,00","5,00","5,00","5,00","5,00","5,00","5,00","5,00","5,00","5,00","1899","1899","1899","ОК","ОК","ОК",
18-май-2026,22:23:26.421,"0,0","В норме","0,00","88,3","19020115","19020115","19020115","018052:51:44","018051:44:20","018051:40:32","Выкл.","549,1","298,5","0,5","514,4","669","565","667","304","296","384","39","29","–","81,1","63","59","57","63","500","456","501","523","488","424","482","504","511","468","476","504","414","482","433","443","25,7","25,6","25,6","Главный","Главный","Главный","1550","0","1550","1125,00","0,00","0,00","1560","1552","1565","1125,00","0,00","0,00","0","1","144","0","0","0","0","0","0","0","0","0","24","Вкл.","384,0","0,0","27,4","27,5","27,4","27,5","1,8","3,5","3,4","2,1","0,0","0,0","4,1","1,4","1,5","1,6","1,4","2,7","2,5","2,7","2,8","2,6","2,3","2,6","2,8","2,8","2,6","2,6","2,8","2,3","2,6","2,4","2,4","3,1","0,0","0,0","5,00","3,13","3,58","0,00","0,00","1,19","0,63","3,44","0,00","1,81","0,81","0,88","017976:16:22","Нет","Нет","Нет","000000:00:00","Отключение","100","Выкл.","Выкл.","Выкл.","Вкл.","Выкл.","Выкл.","Отказ переключателя","Выкл.","2059","2058","Закрыто","Разомкнут","Разомкнут","Выкл.","Выкл.","Выкл.","0","Вкл.","Максимальное открытие дроссельной заслонки","16","0","0","0","0","0","Не задано","Не задано","Не задано","Ограничение крутящего момента","Не определено","Вкл.","Выкл.","Допустимый сигнал","Допустимый сигнал","Допустимый сигнал","Синхронизация поддерживается","Синхронизация поддерживается","Синхронизация поддерживается","Выкл.","Неактивно","Выкл.","Вода не обнаружена","Температура во впускном коллекторе","Допустимый сигнал","Допустимый сигнал","Допустимый сигнал","Синхронизация поддерживается","Синхронизация поддерживается","Синхронизация поддерживается","В допустимых пределах","В допустимых пределах","В допустимых пределах","483,3","467,8","481,3","51","51","60,6","83,4","Аналоговый","0","Нет","352,13","0,00","0,00","Нормальный","5,00","5,00","5,00","5,00","5,00","5,00","5,00","5,00","5,00","5,00","5,00","5,00","1899","1898","1900","ОК","ОК","ОК",
18-май-2026,22:23:27.421,"0,0","В норме","0,00","88,4","19020115","19020115","19020115","018052:51:46","018051:44:22","018051:40:34","Выкл.","549,1","299,1","0,5","514,4","668","565","667","305","296","382","41","29","–","80,9","63","60","57","63","500","456","501","523","488","424","482","504","511","468","476","504","414","482","433","443","25,6","25,6","25,6","Главный","Главный","Главный","1550","0","1550","1125,00","0,00","0,00","1545","1552","1565","1125,00","0,00","0,00","0","1","144","0","0","0","0","0","0","0","0","0","24","Вкл.","384,1","0,0","27,4","27,5","27,4","27,5","1,8","3,5","3,4","2,1","0,0","0,0","4,2","1,4","1,5","1,6","1,4","2,7","2,5","2,7","2,8","2,6","2,3","2,6","2,8","2,8","2,6","2,6","2,8","2,3","2,6","2,4","2,4","3,1","0,0","0,0","5,00","3,13","3,61","0,00","0,00","1,19","0,63","3,44","0,00","1,81","0,81","0,88","017976:16:24","Нет","Нет","Нет","000000:00:00","Отключение","100","Выкл.","Выкл.","Выкл.","Вкл.","Выкл.","Выкл.","Отказ переключателя","Выкл.","2059","2058","Закрыто","Разомкнут","Разомкнут","Выкл.","Выкл.","Выкл.","0","Вкл.","Максимальное открытие дроссельной заслонки","16","0","0","0","0","0","Не задано","Не задано","Не задано","Ограничение крутящего момента","Не определено","Вкл.","Выкл.","Допустимый сигнал","Допустимый сигнал","Допустимый сигнал","Синхронизация поддерживается","Синхронизация поддерживается","Синхронизация поддерживается","Выкл.","Неактивно","Выкл.","Вода не обнаружена","Температура во впускном коллекторе","Допустимый сигнал","Допустимый сигнал","Допустимый сигнал","Синхронизация поддерживается","Синхронизация поддерживается","Синхронизация поддерживается","В допустимых пределах","В допустимых пределах","В допустимых пределах","483,3","467,8","481,3","51","51","60,7","83,3","Аналоговый","0","Нет","377,66","0,00","0,00","Нормальный","5,00","5,00","5,00","5,00","5,00","5,00","5,00","5,00","5,00","5,00","5,00","5,00","1899","1898","1900","ОК","ОК","ОК",
18-май-2026,22:23:28.421,"0,0","В норме","0,00","88,4","19020115","19020115","19020115","018052:51:47","018051:44:22","018051:40:34","Выкл.","566,1","299,1","0,5","514,4","668","565","671","305","297","382","41","47","–","80,9","63","60","57","63","499","457","502","523","489","424","482","504","511","468","478","504","413","483","434","444","25,6","25,6","25,6","Главный","Главный","Главный","1550","0","1550","1125,00","0,00","0,00","1545","1538","1557","1125,00","0,00","0,00","0","1","144","0","0","0","0","0","0","0","0","0","24","Вкл.","384,1","0,0","27,4","27,4","27,4","27,5","1,8","3,5","3,4","2,1","0,0","0,0","4,2","1,4","1,5","1,6","1,4","2,7","2,5","2,7","2,8","2,6","2,3","2,6","2,8","2,8","2,6","2,6","2,8","2,3","2,6","2,4","2,4","3,1","0,0","0,0","5,00","3,13","3,61","0,00","0,00","1,19","0,63","3,44","0,00","1,81","0,81","0,88","017976:16:24","Нет","Нет","Нет","000000:00:00","Отключение","100","Выкл.","Выкл.","Выкл.","Вкл.","Выкл.","Выкл.","Отказ переключателя","Выкл.","2059","2058","Закрыто","Разомкнут","Разомкнут","Выкл.","Выкл.","Выкл.","0","Вкл.","Максимальное открытие дроссельной заслонки","16","0","0","0","0","0","Не задано","Не задано","Не задано","Ограничение крутящего момента","Не определено","Вкл.","Выкл.","Допустимый сигнал","Допустимый сигнал","Допустимый сигнал","Синхронизация поддерживается","Синхронизация поддерживается","Синхронизация поддерживается","Выкл.","Неактивно","Выкл.","Вода не обнаружена","Температура во впускном коллекторе","Допустимый сигнал","Допустимый сигнал","Допустимый сигнал","Синхронизация поддерживается","Синхронизация поддерживается","Синхронизация поддерживается","В допустимых пределах","В допустимых пределах","В допустимых пределах","483,8","468,0","482,0","51","51","60,7","83,3","Аналоговый","0","Нет","377,66","0,00","0,00","Нормальный","5,00","5,00","5,00","5,00","5,00","5,00","5,00","5,00","5,00","5,00","5,00","5,00","1899","1898","1900","ОК","ОК","ОК",
18-май-2026,22:23:29.421,"0,0","В норме","0,00","88,3","19020115","19020115","19020115","018052:51:47","018051:44:24","018051:40:36","Выкл.","566,1","299,3","0,6","514,4","668","565","671","305","297","385","46","47","–","81,0","63","60","58","63","499","457","502","523","489","424","482","504","511","468","478","504","413","483","434","444","25,6","25,6","25,6","Главный","Главный","Главный","1550","0","1550","1125,00","0,00","0,00","1560","1538","1557","1125,00","0,00","0,00","0","1","144","0","0","0","0","0","0","0","0","0","24","Вкл.","384,1","0,0","27,4","27,4","27,4","27,4","1,8","3,5","3,4","2,1","0,0","0,0","4,1","1,4","1,5","1,6","1,4","2,7","2,5","2,7","2,8","2,6","2,3","2,6","2,8","2,8","2,6","2,6","2,8","2,3","2,6","2,4","2,4","3,1","0,0","0,0","5,00","3,13","3,65","0,00","0,00","1,19","0,69","3,44","0,00","1,81","0,81","0,88","017976:16:26","Нет","Нет","Нет","000000:00:00","Отключение","100","Выкл.","Выкл.","Выкл.","Вкл.","Выкл.","Выкл.","Отказ переключателя","Выкл.","2059","2058","Закрыто","Разомкнут","Разомкнут","Выкл.","Выкл.","Выкл.","0","Вкл.","Максимальное открытие дроссельной заслонки","16","0","0","0","0","0","Не задано","Не задано","Не задано","Ограничение крутящего момента","Не определено","Вкл.","Выкл.","Допустимый сигнал","Допустимый сигнал","Допустимый сигнал","Синхронизация поддерживается","Синхронизация поддерживается","Синхронизация поддерживается","Выкл.","Неактивно","Выкл.","Вода не обнаружена","Температура во впускном коллекторе","Допустимый сигнал","Допустимый сигнал","Допустимый сигнал","Синхронизация поддерживается","Синхронизация поддерживается","Синхронизация поддерживается","В допустимых пределах","В допустимых пределах","В допустимых пределах","483,8","468,0","482,0","51","51","60,8","83,4","Аналоговый","0","Нет","394,76","0,00","0,00","Нормальный","5,00","5,00","5,00","5,00","5,00","5,00","5,00","5,00","5,00","5,00","5,00","5,00","1900","1898","1900","ОК","ОК","ОК",
18-май-2026,22:23:30.421,"0,0","В норме","0,00","88,3","19020115","19020115","19020115","018052:51:49","018051:44:25","018051:40:36","Выкл.","565,4","299,3","0,6","514,4","668","565","667","305","296","385","46","52","–","81,0","63","60","58","63","499","458","502","524","490","425","484","504","512","469","478","505","412","484","435","446","25,6","25,6","25,6","Главный","Главный","Главный","1550","0","1550","1125,00","0,00","0,00","1560","1535","1548","1125,00","0,00","0,00","0","1","144","0","0","0","0","0","0","0","0","0","24","Вкл.","384,1","0,0","27,4","27,4","27,4","27,4","1,8","3,5","3,5","2,1","0,0","0,0","4,1","1,4","1,5","1,6","1,4","2,7","2,5","2,7","2,8","2,6","2,3","2,6","2,8","2,8","2,6","2,6","2,8","2,3","2,6","2,4","2,4","3,1","0,0","0,0","5,00","3,13","3,65","0,00","0,00","1,19","0,69","3,44","0,00","1,81","0,81","0,88","017976:16:26","Нет","Нет","Нет","000000:00:00","Отключение","100","Выкл.","Выкл.","Выкл.","Вкл.","Выкл.","Выкл.","Отказ переключателя","Выкл.","2059","2058","Закрыто","Разомкнут","Разомкнут","Выкл.","Выкл.","Выкл.","0","Вкл.","Максимальное открытие дроссельной заслонки","16","0","0","0","0","0","Не задано","Не задано","Не задано","Ограничение крутящего момента","Не определено","Вкл.","Выкл.","Допустимый сигнал","Допустимый сигнал","Допустимый сигнал","Синхронизация поддерживается","Синхронизация поддерживается","Синхронизация поддерживается","Выкл.","Неактивно","Выкл.","Вода не обнаружена","Температура во впускном коллекторе","Допустимый сигнал","Допустимый сигнал","Допустимый сигнал","Синхронизация поддерживается","Синхронизация поддерживается","Синхронизация поддерживается","В допустимых пределах","В допустимых пределах","В допустимых пределах","484,3","468,3","482,5","51","51","60,8","83,4","Аналоговый","0","Нет","394,76","0,00","0,00","Нормальный","5,00","5,00","5,00","5,00","5,00","5,00","5,00","5,00","5,00","5,00","5,00","5,00","1900","1900","1895","ОК","ОК","ОК",
18-май-2026,22:23:31.421,"0,0","В норме","0,00","88,3","19020115","19020115","19020115","018052:51:50","018051:44:25","018051:40:38","Выкл.","565,4","299,8","0,7","514,4","669","565","667","305","296","389","48","52","–","81,0","63","60","58","63","499","458","502","524","490","425","484","504","512","469","478","505","412","484","435","446","25,5","25,6","25,6","Главный","Главный","Главный","1550","0","1550","1125,00","0,00","0,00","1570","1535","1548","1125,00","0,00","0,00","0","1","144","0","0","0","0","0","0","0","0","0","24","Вкл.","345,5","0,0","27,5","27,4","27,4","27,4","1,8","3,6","3,5","2,1","0,0","0,0","4,2","1,4","1,5","1,6","1,4","2,7","2,5","2,7","2,8","2,6","2,3","2,6","2,8","2,8","2,6","2,6","2,8","2,3","2,6","2,4","2,4","3,1","0,0","0,0","5,00","3,13","3,62","0,00","0,00","1,19","0,75","3,44","0,00","1,81","0,81","0,88","017976:16:28","Нет","Нет","Нет","000000:00:00","Отключение","100","Выкл.","Выкл.","Выкл.","Вкл.","Выкл.","Выкл.","Отказ переключателя","Выкл.","2059","2058","Закрыто","Разомкнут","Разомкнут","Выкл.","Выкл.","Выкл.","0","Вкл.","Максимальное открытие дроссельной заслонки","16","0","0","0","0","0","Не задано","Не задано","Не задано","Ограничение крутящего момента","Не определено","Вкл.","Выкл.","Допустимый сигнал","Допустимый сигнал","Допустимый сигнал","Синхронизация поддерживается","Синхронизация поддерживается","Синхронизация поддерживается","Выкл.","Неактивно","Выкл.","Вода не обнаружена","Температура во впускном коллекторе","Допустимый сигнал","Допустимый сигнал","Допустимый сигнал","Синхронизация поддерживается","Синхронизация поддерживается","Синхронизация поддерживается","В допустимых пределах","В допустимых пределах","В допустимых пределах","484,3","468,3","482,5","51","51","60,8","83,2","Аналоговый","0","Нет","395,89","0,00","0,00","Нормальный","5,00","5,00","5,00","5,00","5,00","5,00","5,00","5,00","5,00","5,00","5,00","5,00","1901","1900","1895","ОК","ОК","ОК",
18-май-2026,22:23:32.421,"0,0","В норме","0,00","88,3","19020115","19020115","19020115","018052:51:50","018051:44:27","018051:40:38","Выкл.","566,8","299,8","0,7","514,4","669","565","668","305","296","389","48","36","–","81,0","63","60","58","63","500","458","502","524","490","425","484","505","514","469","479","506","412","484","436","448","25,5","25,6","25,5","Главный","Главный","Главный","1550","0","1550","1125,00","0,00","0,00","1570","1570","1548","1125,00","0,00","0,00","0","1","144","0","0","0","0","0","0","0","0","0","24","Вкл.","345,5","0,0","27,5","27,4","27,4","27,4","1,8","3,6","3,4","2,1","0,0","0,0","4,2","1,4","1,5","1,6","1,4","2,7","2,5","2,7","2,8","2,6","2,3","2,6","2,8","2,8","2,6","2,6","2,8","2,3","2,6","2,4","2,4","3,1","0,0","0,0","5,00","3,13","3,62","0,00","0,00","1,19","0,75","3,44","0,00","1,81","0,81","0,88","017976:16:28","Нет","Нет","Нет","000000:00:00","Отключение","100","Выкл.","Выкл.","Выкл.","Вкл.","Выкл.","Выкл.","Отказ переключателя","Выкл.","2059","2058","Закрыто","Разомкнут","Разомкнут","Выкл.","Выкл.","Выкл.","0","Вкл.","Максимальное открытие дроссельной заслонки","16","0","0","0","0","0","Не задано","Не задано","Не задано","Ограничение крутящего момента","Не определено","Вкл.","Выкл.","Допустимый сигнал","Допустимый сигнал","Допустимый сигнал","Синхронизация поддерживается","Синхронизация поддерживается","Синхронизация поддерживается","Выкл.","Неактивно","Выкл.","Вода не обнаружена","Температура во впускном коллекторе","Допустимый сигнал","Допустимый сигнал","Допустимый сигнал","Синхронизация поддерживается","Синхронизация поддерживается","Синхронизация поддерживается","В допустимых пределах","В допустимых пределах","В допустимых пределах","485,0","468,8","483,0","50","51","60,8","83,2","Аналоговый","0","Нет","395,89","0,00","0,00","Нормальный","5,00","5,00","5,00","5,00","5,00","5,00","5,00","5,00","5,00","5,00","5,00","5,00","1901","1900","1901","ОК","ОК","ОК",
18-май-2026,22:23:33.421,"0,0","В норме","0,00","88,4","19020115","19020115","19020115","018052:51:52","018051:44:28","018051:40:40","Выкл.","566,8","298,9","0,4","514,4","667","565","668","304","296","383","43","36","–","81,1","63","60","58","63","500","458","502","524","490","425","484","505","514","469","479","506","412","484","436","448","25,5","25,6","25,5","Главный","Главный","Главный","1550","0","1550","1125,00","0,00","0,00","1538","1570","1548","1125,00","0,00","0,00","0","1","144","0","0","0","0","0","0","0","0","0","24","Вкл.","345,4","0,0","27,4","27,4","27,4","27,4","1,8","3,5","3,4","2,1","0,0","0,0","4,1","1,4","1,5","1,6","1,4","2,7","2,5","2,7","2,8","2,6","2,3","2,6","2,8","2,8","2,6","2,6","2,8","2,3","2,6","2,4","2,4","3,1","0,0","0,0","5,00","3,13","3,60","0,00","0,00","1,19","0,63","3,44","0,00","1,81","0,81","0,88","017976:16:30","Нет","Нет","Нет","000000:00:00","Отключение","100","Выкл.","Выкл.","Выкл.","Вкл.","Выкл.","Выкл.","Отказ переключателя","Выкл.","2059","2058","Закрыто","Разомкнут","Разомкнут","Выкл.","Выкл.","Выкл.","0","Вкл.","Максимальное открытие дроссельной заслонки","16","0","0","0","0","0","Не задано","Не задано","Не задано","Ограничение крутящего момента","Не определено","Вкл.","Выкл.","Допустимый сигнал","Допустимый сигнал","Допустимый сигнал","Синхронизация поддерживается","Синхронизация поддерживается","Синхронизация поддерживается","Выкл.","Неактивно","Выкл.","Вода не обнаружена","Температура во впускном коллекторе","Допустимый сигнал","Допустимый сигнал","Допустимый сигнал","Синхронизация поддерживается","Синхронизация поддерживается","Синхронизация поддерживается","В допустимых пределах","В допустимых пределах","В допустимых пределах","485,0","468,8","483,0","50","51","60,9","83,4","Аналоговый","0","Нет","390,04","0,00","0,00","Нормальный","5,00","5,00","5,00","5,00","5,00","5,00","5,00","5,00","5,00","5,00","5,00","5,00","1898","1900","1901","ОК","ОК","ОК",
18-май-2026,22:23:34.421,"0,0","В норме","0,00","88,4","19020115","19020115","19020115","018052:51:52","018051:44:28","018051:40:40","Выкл.","556,9","298,9","0,4","514,4","667","565","669","304","296","383","43","33","–","81,1","63","60","58","63","500","458","502","525","490","426","485","506","515","469","479","506","412","484","437","448","25,5","25,5","25,5","Главный","Главный","Главный","1550","0","1550","1125,00","0,00","0,00","1538","1508","1550","1125,00","0,00","0,00","0","1","144","0","0","0","0","0","0","0","0","0","24","Вкл.","345,4","0,0","27,4","27,5","27,4","27,4","1,8","3,5","3,4","2,1","0,0","0,0","4,1","1,4","1,5","1,6","1,4","2,7","2,5","2,7","2,8","2,6","2,3","2,6","2,8","2,8","2,6","2,6","2,8","2,3","2,6","2,4","2,4","3,1","0,0","0,0","5,00","3,13","3,60","0,00","0,00","1,19","0,63","3,44","0,00","1,81","0,81","0,88","017976:16:30","Нет","Нет","Нет","000000:00:00","Отключение","100","Выкл.","Выкл.","Выкл.","Вкл.","Выкл.","Выкл.","Отказ переключателя","Выкл.","2059","2058","Закрыто","Разомкнут","Разомкнут","Выкл.","Выкл.","Выкл.","0","Вкл.","Максимальное открытие дроссельной заслонки","16","0","0","0","0","0","Не задано","Не задано","Не задано","Ограничение крутящего момента","Не определено","Вкл.","Выкл.","Допустимый сигнал","Допустимый сигнал","Допустимый сигнал","Синхронизация поддерживается","Синхронизация поддерживается","Синхронизация поддерживается","Выкл.","Неактивно","Выкл.","Вода не обнаружена","Температура во впускном коллекторе","Допустимый сигнал","Допустимый сигнал","Допустимый сигнал","Синхронизация поддерживается","Синхронизация поддерживается","Синхронизация поддерживается","В допустимых пределах","В допустимых пределах","В допустимых пределах","485,5","469,3","483,3","50","51","60,9","83,4","Аналоговый","0","Нет","390,04","0,00","0,00","Нормальный","5,00","5,00","5,00","5,00","5,00","5,00","5,00","5,00","5,00","5,00","5,00","5,00","1898","1901","1900","ОК","ОК","ОК",
18-май-2026,22:23:35.421,"0,0","В норме","0,00","88,3","19020115","19020115","19020115","018052:51:54","018051:44:30","018051:40:42","Выкл.","556,9","299,1","0,5","514,4","667","565","669","305","296","389","44","33","–","81,1","63","60","58","63","500","458","502","525","490","426","485","506","515","469","479","506","412","484","437","448","25,5","25,5","25,5","Главный","Главный","Главный","1550","0","1550","1125,00","0,00","0,00","1555","1508","1550","1125,00","0,00","0,00","0","1","144","0","0","0","0","0","0","0","0","0","24","Вкл.","384,2","0,0","27,5","27,5","27,4","27,4","1,8","3,6","3,4","2,1","0,0","0,0","4,2","1,4","1,5","1,6","1,4","2,7","2,5","2,7","2,8","2,6","2,3","2,6","2,8","2,8","2,6","2,6","2,8","2,3","2,6","2,4","2,4","3,1","0,0","0,0","5,00","3,13","3,62","0,00","0,00","1,19","0,63","3,44","0,00","1,81","0,81","0,88","017976:16:32","Нет","Нет","Нет","000000:00:00","Отключение","100","Выкл.","Выкл.","Выкл.","Вкл.","Выкл.","Выкл.","Отказ переключателя","Выкл.","2059","2058","Закрыто","Разомкнут","Разомкнут","Выкл.","Выкл.","Выкл.","0","Вкл.","Максимальное открытие дроссельной заслонки","16","0","0","0","0","0","Не задано","Не задано","Не задано","Ограничение крутящего момента","Не определено","Вкл.","Выкл.","Допустимый сигнал","Допустимый сигнал","Допустимый сигнал","Синхронизация поддерживается","Синхронизация поддерживается","Синхронизация поддерживается","Выкл.","Неактивно","Выкл.","Вода не обнаружена","Температура во впускном коллекторе","Допустимый сигнал","Допустимый сигнал","Допустимый сигнал","Синхронизация поддерживается","Синхронизация поддерживается","Синхронизация поддерживается","В допустимых пределах","В допустимых пределах","В допустимых пределах","485,5","469,3","483,3","50","51","60,9","83,4","Аналоговый","0","Нет","390,83","0,00","0,00","Нормальный","5,00","5,00","5,00","5,00","5,00","5,00","5,00","5,00","5,00","5,00","5,00","5,00","1898","1901","1900","ОК","ОК","ОК",
18-май-2026,22:23:36.421,"0,0","В норме","0,00","88,3","19020115","19020115","19020115","018052:51:54","018051:44:30","018051:40:43","Выкл.","573,1","299,1","0,5","514,4","667","565","668","305","296","389","44","53","–","81,1","63","60","58","63","500","459","502","525","490","426","486","506","515","470","480","506","411","485","438","450","25,5","25,5","25,5","Главный","Главный","Главный","1550","0","1550","1125,00","0,00","0,00","1555","1540","1552","1125,00","0,00","0,00","0","1","144","0","0","0","0","0","0","0","0","0","24","Вкл.","384,2","0,0","27,5","27,4","27,4","27,4","1,8","3,6","3,4","2,1","0,0","0,0","4,2","1,4","1,5","1,6","1,4","2,7","2,5","2,7","2,8","2,6","2,3","2,6","2,8","2,8","2,6","2,6","2,8","2,3","2,6","2,4","2,4","3,1","0,0","0,0","5,00","3,13","3,62","0,00","0,00","1,19","0,63","3,44","0,00","1,81","0,81","0,88","017976:16:32","Нет","Нет","Нет","000000:00:00","Отключение","100","Выкл.","Выкл.","Выкл.","Вкл.","Выкл.","Выкл.","Отказ переключателя","Выкл.","2059","2058","Закрыто","Разомкнут","Разомкнут","Выкл.","Выкл.","Выкл.","0","Вкл.","Максимальное открытие дроссельной заслонки","16","0","0","0","0","0","Не задано","Не задано","Не задано","Ограничение крутящего момента","Не определено","Вкл.","Выкл.","Допустимый сигнал","Допустимый сигнал","Допустимый сигнал","Синхронизация поддерживается","Синхронизация поддерживается","Синхронизация поддерживается","Выкл.","Неактивно","Выкл.","Вода не обнаружена","Температура во впускном коллекторе","Допустимый сигнал","Допустимый сигнал","Допустимый сигнал","Синхронизация поддерживается","Синхронизация поддерживается","Синхронизация поддерживается","В допустимых пределах","В допустимых пределах","В допустимых пределах","485,8","469,8","483,5","50","51","60,9","83,4","Аналоговый","0","Нет","390,83","0,00","0,00","Нормальный","5,00","5,00","5,00","5,00","5,00","5,00","5,00","5,00","5,00","5,00","5,00","5,00","1898","1899","1898","ОК","ОК","ОК",
18-май-2026,22:23:37.421,"0,0","В норме","0,00","88,3","19020115","19020115","19020115","018052:51:56","018051:44:32","018051:40:43","Выкл.","573,1","299,6","0,7","514,4","667","565","668","303","296","388","62","53","–","81,1","63","60","58","63","500","459","502","525","490","426","486","506","515","470","480","506","411","485","438","450","25,5","25,5","25,5","Главный","Главный","Главный","1550","0","1550","1125,00","0,00","0,00","1574","1540","1552","1125,00","0,00","0,00","0","1","144","0","0","0","0","0","0","0","0","0","24","Вкл.","345,6","0,0","27,4","27,4","27,4","27,4","1,8","3,5","3,4","2,1","0,0","0,0","4,2","1,4","1,5","1,6","1,4","2,7","2,5","2,7","2,8","2,6","2,3","2,6","2,8","2,8","2,6","2,6","2,8","2,3","2,6","2,4","2,4","3,1","0,0","0,0","5,00","3,13","3,63","0,00","0,00","1,19","0,75","3,44","0,00","1,81","0,81","0,88","017976:16:34","Нет","Нет","Нет","000000:00:00","Отключение","100","Выкл.","Выкл.","Выкл.","Вкл.","Выкл.","Выкл.","Отказ переключателя","Выкл.","2059","2058","Закрыто","Разомкнут","Разомкнут","Выкл.","Выкл.","Выкл.","0","Вкл.","Максимальное открытие дроссельной заслонки","16","0","0","0","0","0","Не задано","Не задано","Не задано","Ограничение крутящего момента","Не определено","Вкл.","Выкл.","Допустимый сигнал","Допустимый сигнал","Допустимый сигнал","Синхронизация поддерживается","Синхронизация поддерживается","Синхронизация поддерживается","Выкл.","Неактивно","Выкл.","Вода не обнаружена","Температура во впускном коллекторе","Допустимый сигнал","Допустимый сигнал","Допустимый сигнал","Синхронизация поддерживается","Синхронизация поддерживается","Синхронизация поддерживается","В допустимых пределах","В допустимых пределах","В допустимых пределах","485,8","469,8","483,5","50","51","61,0","83,5","Аналоговый","0","Нет","396,68","0,00","0,00","Нормальный","5,00","5,00","5,00","5,00","5,00","5,00","5,00","5,00","5,00","5,00","5,00","5,00","1900","1899","1898","ОК","ОК","ОК",
18-май-2026,22:23:38.421,"0,0","В норме","0,00","88,3","19020115","19020115","19020115","018052:51:56","018051:44:32","018051:40:45","Выкл.","559,4","299,6","0,7","514,4","667","565","668","303","294","388","62","40","–","81,1","63","60","58","63","500","460","503","525","491","426","486","506","514","470","480","506","410","486","440","452","25,5","25,4","25,5","Главный","Главный","Главный","1550","0","1550","1125,00","0,00","0,00","1574","1538","1579","1125,00","0,00","0,00","0","1","144","0","0","0","0","0","0","0","0","0","24","Вкл.","345,6","0,0","27,4","27,5","27,4","27,4","1,8","3,5","3,4","2,1","0,0","0,0","4,2","1,4","1,5","1,6","1,4","2,7","2,5","2,7","2,8","2,6","2,3","2,6","2,8","2,8","2,6","2,6","2,8","2,3","2,6","2,4","2,4","3,1","0,0","0,0","5,00","3,13","3,63","0,00","0,00","1,19","0,75","3,44","0,00","1,81","0,81","0,88","017976:16:34","Нет","Нет","Нет","000000:00:00","Отключение","100","Выкл.","Выкл.","Выкл.","Вкл.","Выкл.","Выкл.","Отказ переключателя","Выкл.","2059","2058","Закрыто","Разомкнут","Разомкнут","Выкл.","Выкл.","Выкл.","0","Вкл.","Максимальное открытие дроссельной заслонки","16","0","0","0","0","0","Не задано","Не задано","Не задано","Ограничение крутящего момента","Не определено","Вкл.","Выкл.","Допустимый сигнал","Допустимый сигнал","Допустимый сигнал","Синхронизация поддерживается","Синхронизация поддерживается","Синхронизация поддерживается","Выкл.","Неактивно","Выкл.","Вода не обнаружена","Температура во впускном коллекторе","Допустимый сигнал","Допустимый сигнал","Допустимый сигнал","Синхронизация поддерживается","Синхронизация поддерживается","Синхронизация поддерживается","В допустимых пределах","В допустимых пределах","В допустимых пределах","486,5","470,3","484,3","50","51","61,0","83,5","Аналоговый","0","Нет","396,68","0,00","0,00","Нормальный","5,00","5,00","5,00","5,00","5,00","5,00","5,00","5,00","5,00","5,00","5,00","5,00","1900","1897","1898","ОК","ОК","ОК",
18-май-2026,22:23:39.421,"0,0","В норме","0,00","88,3","19020115","19020115","19020115","018052:51:58","018051:44:34","018051:40:46","Выкл.","559,4","300,0","0,6","515,3","666","565","668","304","294","384","40","40","–","81,2","64","60","58","63","500","460","503","525","491","426","486","506","514","470","480","506","410","486","440","452","25,4","25,4","25,5","Главный","Главный","Главный","1550","0","1550","1125,00","0,00","0,00","1555","1538","1579","1125,00","0,00","0,00","0","1","144","0","0","0","0","0","0","0","0","0","24","Вкл.","384,2","0,0","27,5","27,5","27,4","27,4","1,8","3,6","3,4","2,1","0,0","0,0","4,1","1,4","1,5","1,6","1,4","2,7","2,5","2,7","2,8","2,6","2,3","2,6","2,8","2,8","2,6","2,6","2,8","2,3","2,6","2,4","2,4","3,1","0,0","0,0","5,00","3,13","3,62","0,00","0,00","1,19","0,69","3,44","0,00","1,81","0,81","0,88","017976:16:36","Нет","Нет","Нет","000000:00:00","Отключение","100","Выкл.","Выкл.","Выкл.","Вкл.","Выкл.","Выкл.","Отказ переключателя","Выкл.","2059","2058","Закрыто","Разомкнут","Разомкнут","Выкл.","Выкл.","Выкл.","0","Вкл.","Максимальное открытие дроссельной заслонки","15","0","0","0","0","0","Не задано","Не задано","Не задано","Ограничение крутящего момента","Не определено","Вкл.","Выкл.","Допустимый сигнал","Допустимый сигнал","Допустимый сигнал","Синхронизация поддерживается","Синхронизация поддерживается","Синхронизация поддерживается","Выкл.","Неактивно","Выкл.","Вода не обнаружена","Температура во впускном коллекторе","Допустимый сигнал","Допустимый сигнал","Допустимый сигнал","Синхронизация поддерживается","Синхронизация поддерживается","Синхронизация поддерживается","В допустимых пределах","В допустимых пределах","В допустимых пределах","486,5","470,3","484,3","50","51","61,1","83,4","Аналоговый","0","Нет","414,90","0,00","0,00","Нормальный","5,00","5,00","5,00","5,00","5,00","5,00","5,00","5,00","5,00","5,00","5,00","5,00","1898","1897","1898","ОК","ОК","ОК",
18-май-2026,22:23:40.421,"0,0","В норме","0,00","88,3","19020115","19020115","19020115","018052:52:00","018051:44:34","018051:40:46","Выкл.","571,5","300,0","0,6","515,3","666","565","665","304","293","384","40","43","–","81,2","64","60","58","63","501","460","504","525","491","427","487","508","515","471","480","506","410","486","440","452","25,4","25,4","25,4","Главный","Главный","Главный","1550","0","1550","1125,00","0,00","0,00","1555","1530","1548","1125,00","0,00","0,00","0","1","144","0","0","0","0","0","0","0","0","0","24","Вкл.","384,2","0,0","27,5","27,5","27,4","27,4","1,8","3,6","3,4","2,1","0,0","0,0","4,1","1,4","1,5","1,6","1,4","2,7","2,5","2,8","2,8","2,7","2,3","2,6","2,8","2,8","2,6","2,6","2,8","2,3","2,6","2,4","2,4","3,1","0,0","0,0","5,00","3,13","3,62","0,00","0,00","1,19","0,69","3,44","0,00","1,81","0,81","0,88","017976:16:36","Нет","Нет","Нет","000000:00:00","Отключение","100","Выкл.","Выкл.","Выкл.","Вкл.","Выкл.","Выкл.","Отказ переключателя","Выкл.","2059","2058","Закрыто","Разомкнут","Разомкнут","Выкл.","Выкл.","Выкл.","0","Вкл.","Максимальное открытие дроссельной заслонки","15","0","0","0","0","0","Не задано","Не задано","Не задано","Ограничение крутящего момента","Не определено","Вкл.","Выкл.","Допустимый сигнал","Допустимый сигнал","Допустимый сигнал","Синхронизация поддерживается","Синхронизация поддерживается","Синхронизация поддерживается","Выкл.","Неактивно","Выкл.","Вода не обнаружена","Температура во впускном коллекторе","Допустимый сигнал","Допустимый сигнал","Допустимый сигнал","Синхронизация поддерживается","Синхронизация поддерживается","Синхронизация поддерживается","В допустимых пределах","В допустимых пределах","В допустимых пределах","487,0","470,3","484,5","50","51","61,1","83,4","Аналоговый","0","Нет","414,90","0,00","0,00","Нормальный","5,00","5,00","5,00","5,00","5,00","5,00","5,00","5,00","5,00","5,00","5,00","5,00","1898","1900","1901","ОК","ОК","ОК",
18-май-2026,22:23:41.421,"0,0","В норме","0,00","88,4","19020115","19020115","19020115","018052:52:00","018051:44:36","018051:40:48","Выкл.","571,5","299,8","0,5","515,3","668","565","665","305","293","390","42","43","–","81,3","64","60","58","63","501","460","504","525","491","427","487","508","515","471","480","506","410","486","440","452","25,4","25,4","25,4","Главный","Главный","Главный","1550","0","1550","1125,00","0,00","0,00","1538","1530","1548","1125,00","0,00","0,00","0","1","144","0","0","0","0","0","0","0","0","0","24","Вкл.","345,4","0,0","27,4","27,5","27,4","27,4","1,8","3,5","3,4","2,1","0,0","0,0","4,1","1,4","1,5","1,6","1,4","2,7","2,5","2,8","2,8","2,7","2,3","2,6","2,8","2,8","2,6","2,6","2,8","2,3","2,6","2,4","2,4","3,1","0,0","0,0","5,00","3,13","3,62","0,00","0,00","1,19","0,63","3,44","0,00","1,81","0,81","0,88","017976:16:38","Нет","Нет","Нет","000000:00:00","Отключение","100","Выкл.","Выкл.","Выкл.","Вкл.","Выкл.","Выкл.","Отказ переключателя","Выкл.","2059","2058","Закрыто","Разомкнут","Разомкнут","Выкл.","Выкл.","Выкл.","0","Вкл.","Максимальное открытие дроссельной заслонки","15","0","0","0","0","0","Не задано","Не задано","Не задано","Ограничение крутящего момента","Не определено","Вкл.","Выкл.","Допустимый сигнал","Допустимый сигнал","Допустимый сигнал","Синхронизация поддерживается","Синхронизация поддерживается","Синхронизация поддерживается","Выкл.","Неактивно","Выкл.","Вода не обнаружена","Температура во впускном коллекторе","Допустимый сигнал","Допустимый сигнал","Допустимый сигнал","Синхронизация поддерживается","Синхронизация поддерживается","Синхронизация поддерживается","В допустимых пределах","В допустимых пределах","В допустимых пределах","487,0","470,3","484,5","50","51","61,1","83,4","Аналоговый","0","Нет","400,95","0,00","0,00","Нормальный","5,00","5,00","5,00","5,00","5,00","5,00","5,00","5,00","5,00","5,00","5,00","5,00","1901","1900","1901","ОК","ОК","ОК",
18-май-2026,22:23:42.421,"0,0","В норме","0,00","88,4","19020115","19020115","19020115","018052:52:02","018051:44:36","018051:40:48","Выкл.","562,6","299,8","0,5","515,3","668","565","666","305","295","390","42","51","–","81,3","64","60","58","63","502","460","504","525","492","427","488","509","515","472","481","507","410","487","441","453","25,4","25,4","25,4","Главный","Главный","Главный","1550","0","1550","1125,00","0,00","0,00","1538","1528","1572","1125,00","0,00","0,00","0","1","144","0","0","0","0","0","0","0","0","0","24","Вкл.","345,4","0,0","27,4","27,5","27,4","27,4","1,8","3,5","3,4","2,1","0,0","0,0","4,1","1,4","1,5","1,6","1,4","2,7","2,5","2,8","2,8","2,7","2,3","2,6","2,8","2,8","2,6","2,6","2,8","2,3","2,6","2,4","2,4","3,1","0,0","0,0","5,00","3,13","3,62","0,00","0,00","1,19","0,63","3,44","0,00","1,81","0,81","0,88","017976:16:38","Нет","Нет","Нет","000000:00:00","Отключение","100","Выкл.","Выкл.","Выкл.","Вкл.","Выкл.","Выкл.","Отказ переключателя","Выкл.","2059","2058","Закрыто","Разомкнут","Разомкнут","Выкл.","Выкл.","Выкл.","0","Вкл.","Максимальное открытие дроссельной заслонки","15","0","0","0","0","0","Не задано","Не задано","Не задано","Ограничение крутящего момента","Не определено","Вкл.","Выкл.","Допустимый сигнал","Допустимый сигнал","Допустимый сигнал","Синхронизация поддерживается","Синхронизация поддерживается","Синхронизация поддерживается","Выкл.","Неактивно","Выкл.","Вода не обнаружена","Температура во впускном коллекторе","Допустимый сигнал","Допустимый сигнал","Допустимый сигнал","Синхронизация поддерживается","Синхронизация поддерживается","Синхронизация поддерживается","В допустимых пределах","В допустимых пределах","В допустимых пределах","487,8","470,8","485,3","50","50","61,1","83,4","Аналоговый","0","Нет","400,95","0,00","0,00","Нормальный","5,00","5,00","5,00","5,00","5,00","5,00","5,00","5,00","5,00","5,00","5,00","5,00","1901","1902","1898","ОК","ОК","ОК",
18-май-2026,22:23:43.421,"0,0","В норме","0,00","88,3","19020115","19020115","19020115","018052:52:02","018051:44:37","018051:40:50","Выкл.","562,6","299,6","0,6","515,3","668","565","666","304","295","388","38","51","–","81,1","64","60","58","63","502","460","504","525","492","427","488","509","515","472","481","507","410","487","441","453","25,4","25,4","25,4","Главный","Главный","Главный","1550","0","1550","1125,00","0,00","0,00","1530","1528","1572","1125,00","0,00","0,00","0","1","144","0","0","0","0","0","0","0","0","0","24","Вкл.","345,6","0,0","27,5","27,5","27,4","27,4","1,8","3,5","3,4","2,1","0,0","0,0","4,2","1,4","1,5","1,6","1,4","2,7","2,5","2,8","2,8","2,7","2,3","2,6","2,8","2,8","2,6","2,6","2,8","2,3","2,6","2,4","2,4","3,1","0,0","0,0","5,00","3,13","3,59","0,00","0,00","1,19","0,69","3,50","0,00","1,81","0,81","0,88","017976:16:40","Нет","Нет","Нет","000000:00:00","Отключение","100","Выкл.","Выкл.","Выкл.","Вкл.","Выкл.","Выкл.","Отказ переключателя","Выкл.","2059","2058","Закрыто","Разомкнут","Разомкнут","Выкл.","Выкл.","Выкл.","0","Вкл.","Максимальное открытие дроссельной заслонки","16","0","0","0","0","0","Не задано","Не задано","Не задано","Ограничение крутящего момента","Не определено","Вкл.","Выкл.","Допустимый сигнал","Допустимый сигнал","Допустимый сигнал","Синхронизация поддерживается","Синхронизация поддерживается","Синхронизация поддерживается","Выкл.","Неактивно","Выкл.","Вода не обнаружена","Температура во впускном коллекторе","Допустимый сигнал","Допустимый сигнал","Допустимый сигнал","Синхронизация поддерживается","Синхронизация поддерживается","Синхронизация поддерживается","В допустимых пределах","В допустимых пределах","В допустимых пределах","487,8","470,8","485,3","50","50","61,2","83,6","Аналоговый","0","Нет","358,09","0,00","0,00","Нормальный","5,00","5,00","5,00","5,00","5,00","5,00","5,00","5,00","5,00","5,00","5,00","5,00","1900","1902","1898","ОК","ОК","ОК",
18-май-2026,22:23:44.421,"0,0","В норме","0,00","88,3","19020115","19020115","19020115","018052:52:03","018051:44:39","018051:40:50","Выкл.","564,8","299,6","0,6","515,3","668","565","669","304","297","388","38","49","–","81,1","64","60","58","63","503","461","505","525","493","428","488","509","515","472","482","507","410","487","442","455","25,4","25,4","25,4","Главный","Главный","Главный","1550","0","1550","1125,00","0,00","0,00","1530","1530","1570","1125,00","0,00","0,00","0","1","144","0","0","0","0","0","0","0","0","0","24","Вкл.","345,6","0,0","27,5","27,4","27,4","27,4","1,8","3,5","3,4","2,1","0,0","0,0","4,2","1,4","1,5","1,6","1,4","2,7","2,5","2,8","2,8","2,7","2,3","2,6","2,8","2,8","2,6","2,6","2,8","2,3","2,6","2,4","2,5","3,1","0,0","0,0","5,00","3,13","3,59","0,00","0,00","1,19","0,69","3,50","0,00","1,81","0,81","0,88","017976:16:40","Нет","Нет","Нет","000000:00:00","Отключение","100","Выкл.","Выкл.","Выкл.","Вкл.","Выкл.","Выкл.","Отказ переключателя","Выкл.","2059","2058","Закрыто","Разомкнут","Разомкнут","Выкл.","Выкл.","Выкл.","0","Вкл.","Максимальное открытие дроссельной заслонки","16","0","0","0","0","0","Не задано","Не задано","Не задано","Ограничение крутящего момента","Не определено","Вкл.","Выкл.","Допустимый сигнал","Допустимый сигнал","Допустимый сигнал","Синхронизация поддерживается","Синхронизация поддерживается","Синхронизация поддерживается","Выкл.","Неактивно","Выкл.","Вода не обнаружена","Температура во впускном коллекторе","Допустимый сигнал","Допустимый сигнал","Допустимый сигнал","Синхронизация поддерживается","Синхронизация поддерживается","Синхронизация поддерживается","В допустимых пределах","В допустимых пределах","В допустимых пределах","488,5","471,3","486,0","50","50","61,2","83,6","Аналоговый","0","Нет","358,09","0,00","0,00","Нормальный","5,00","5,00","5,00","5,00","5,00","5,00","5,00","5,00","5,00","5,00","5,00","5,00","1900","1900","1901","ОК","ОК","ОК",
18-май-2026,22:23:45.421,"0,0","В норме","0,00","88,3","19020115","19020115","19020115","018052:52:03","018051:44:39","018051:40:52","Выкл.","564,8","300,9","0,6","515,3","666","565","669","305","297","384","33","49","–","81,3","64","60","58","63","503","461","505","525","493","428","488","509","515","472","482","507","410","487","442","455","25,3","25,4","25,4","Главный","Главный","Главный","1550","0","1550","1125,00","0,00","0,00","1548","1530","1570","1125,00","0,00","0,00","0","1","144","0","0","0","0","0","0","0","0","0","24","Вкл.","345,6","0,0","27,4","27,4","27,4","27,4","1,8","3,6","3,4","2,1","0,0","0,0","4,1","1,4","1,5","1,6","1,4","2,7","2,5","2,8","2,8","2,7","2,3","2,6","2,8","2,8","2,6","2,6","2,8","2,3","2,6","2,4","2,5","3,1","0,0","0,0","5,00","3,13","3,60","0,00","0,00","1,19","0,69","3,44","0,00","1,81","0,81","0,88","017976:16:42","Нет","Нет","Нет","000000:00:00","Отключение","100","Выкл.","Выкл.","Выкл.","Вкл.","Выкл.","Выкл.","Отказ переключателя","Выкл.","2059","2058","Закрыто","Разомкнут","Разомкнут","Выкл.","Выкл.","Выкл.","0","Вкл.","Максимальное открытие дроссельной заслонки","15","0","0","0","0","0","Не задано","Не задано","Не задано","Ограничение крутящего момента","Не определено","Вкл.","Выкл.","Допустимый сигнал","Допустимый сигнал","Допустимый сигнал","Синхронизация поддерживается","Синхронизация поддерживается","Синхронизация поддерживается","Выкл.","Неактивно","Выкл.","Вода не обнаружена","Температура во впускном коллекторе","Допустимый сигнал","Допустимый сигнал","Допустимый сигнал","Синхронизация поддерживается","Синхронизация поддерживается","Синхронизация поддерживается","В допустимых пределах","В допустимых пределах","В допустимых пределах","488,5","471,3","486,0","50","50","61,2","83,6","Аналоговый","0","Нет","408,04","0,00","0,00","Нормальный","5,00","5,00","5,00","5,00","5,00","5,00","5,00","5,00","5,00","5,00","5,00","5,00","1901","1900","1901","ОК","ОК","ОК",
18-май-2026,22:23:46.421,"0,0","В норме","0,00","88,3","19020115","19020115","19020115","018052:52:05","018051:44:41","018051:40:52","Выкл.","565,0","300,9","0,6","515,3","666","565","668","305","295","384","33","34","–","81,3","64","60","58","63","505","462","506","525","494","428","489","509","516","473","482","507","410","488","444","456","25,3","25,3","25,3","Главный","Главный","Главный","1550","0","1550","1125,00","0,00","0,00","1548","1560","1552","1125,00","0,00","0,00","0","1","144","0","0","0","0","0","0","0","0","0","24","Вкл.","345,6","0,0","27,4","27,4","27,4","27,4","1,8","3,6","3,5","2,1","0,0","0,0","4,1","1,4","1,5","1,6","1,4","2,8","2,5","2,8","2,8","2,7","2,3","2,6","2,8","2,8","2,6","2,6","2,8","2,3","2,6","2,4","2,5","3,1","0,0","0,0","5,00","3,13","3,60","0,00","0,00","1,19","0,69","3,44","0,00","1,81","0,81","0,88","017976:16:42","Нет","Нет","Нет","000000:00:00","Отключение","100","Выкл.","Выкл.","Выкл.","Вкл.","Выкл.","Выкл.","Отказ переключателя","Выкл.","2059","2058","Закрыто","Разомкнут","Разомкнут","Выкл.","Выкл.","Выкл.","0","Вкл.","Максимальное открытие дроссельной заслонки","15","0","0","0","0","0","Не задано","Не задано","Не задано","Ограничение крутящего момента","Не определено","Вкл.","Выкл.","Допустимый сигнал","Допустимый сигнал","Допустимый сигнал","Синхронизация поддерживается","Синхронизация поддерживается","Синхронизация поддерживается","Выкл.","Неактивно","Выкл.","Вода не обнаружена","Температура во впускном коллекторе","Допустимый сигнал","Допустимый сигнал","Допустимый сигнал","Синхронизация поддерживается","Синхронизация поддерживается","Синхронизация поддерживается","В допустимых пределах","В допустимых пределах","В допустимых пределах","489,3","471,8","486,8","50","50","61,2","83,6","Аналоговый","0","Нет","408,04","0,00","0,00","Нормальный","5,00","5,00","5,00","5,00","5,00","5,00","5,00","5,00","5,00","5,00","5,00","5,00","1901","1900","1899","ОК","ОК","ОК",
18-май-2026,22:23:47.421,"0,0","В норме","0,00","88,4","19020115","19020115","19020115","018052:52:06","018051:44:41","018051:40:54","Выкл.","565,0","300,6","0,7","515,3","665","565","668","306","295","390","36","34","–","81,2","64","60","58","63","505","462","506","525","494","428","489","509","516","473","482","507","410","488","444","456","25,3","25,3","25,3","Главный","Главный","Главный","1550","0","1550","1062,50","0,00","0,00","1538","1560","1552","1125,00","0,00","0,00","0","1","144","0","0","0","0","0","0","0","0","0","24","Вкл.","383,8","0,0","27,4","27,4","27,4","27,5","1,8","3,6","3,5","2,1","0,0","0,0","4,2","1,4","1,5","1,6","1,4","2,8","2,5","2,8","2,8","2,7","2,3","2,6","2,8","2,8","2,6","2,6","2,8","2,3","2,6","2,4","2,5","3,1","0,0","0,0","5,00","3,13","3,59","0,00","0,00","1,19","0,75","3,44","0,00","1,81","0,81","0,88","017976:16:44","Нет","Нет","Нет","000000:00:00","Отключение","100","Выкл.","Выкл.","Выкл.","Вкл.","Выкл.","Выкл.","Отказ переключателя","Выкл.","2059","2058","Закрыто","Разомкнут","Разомкнут","Выкл.","Выкл.","Выкл.","0","Вкл.","Максимальное открытие дроссельной заслонки","15","0","0","0","0","0","Не задано","Не задано","Не задано","Ограничение крутящего момента","Не определено","Вкл.","Выкл.","Допустимый сигнал","Допустимый сигнал","Допустимый сигнал","Синхронизация поддерживается","Синхронизация поддерживается","Синхронизация поддерживается","Выкл.","Неактивно","Выкл.","Вода не обнаружена","Температура во впускном коллекторе","Допустимый сигнал","Допустимый сигнал","Допустимый сигнал","Синхронизация поддерживается","Синхронизация поддерживается","Синхронизация поддерживается","В допустимых пределах","В допустимых пределах","В допустимых пределах","489,3","471,8","486,8","50","50","61,3","83,7","Аналоговый","0","Нет","408,26","0,00","0,00","Нормальный","5,00","5,00","5,00","5,00","5,00","5,00","5,00","5,00","5,00","5,00","5,00","5,00","1899","1900","1899","ОК","ОК","ОК",
18-май-2026,22:23:48.421,"0,0","В норме","0,00","88,4","19020115","19020115","19020115","018052:52:06","018051:44:43","018051:40:55","Выкл.","567,3","300,6","0,7","515,3","665","565","668","306","295","390","36","56","–","81,2","64","60","58","63","505","463","506","526","494","428","489","508","516","473","482","508","410","488","444","457","25,3","25,3","25,3","Главный","Главный","Главный","1550","0","1550","1062,50","0,00","0,00","1538","1540","1540","1125,00","0,00","0,00","0","1","144","0","0","0","0","0","0","0","0","0","24","Вкл.","383,8","0,0","27,4","27,4","27,4","27,5","1,8","3,6","3,5","2,1","0,0","0,0","4,2","1,4","1,5","1,6","1,4","2,8","2,5","2,8","2,8","2,7","2,3","2,6","2,8","2,8","2,6","2,6","2,8","2,3","2,6","2,4","2,5","3,1","0,0","0,0","5,00","3,13","3,59","0,00","0,00","1,19","0,75","3,44","0,00","1,81","0,81","0,88","017976:16:44","Нет","Нет","Нет","000000:00:00","Отключение","100","Выкл.","Выкл.","Выкл.","Вкл.","Выкл.","Выкл.","Отказ переключателя","Выкл.","2059","2058","Закрыто","Разомкнут","Разомкнут","Выкл.","Выкл.","Выкл.","0","Вкл.","Максимальное открытие дроссельной заслонки","15","0","0","0","0","0","Не задано","Не задано","Не задано","Ограничение крутящего момента","Не определено","Вкл.","Выкл.","Допустимый сигнал","Допустимый сигнал","Допустимый сигнал","Синхронизация поддерживается","Синхронизация поддерживается","Синхронизация поддерживается","Выкл.","Неактивно","Выкл.","Вода не обнаружена","Температура во впускном коллекторе","Допустимый сигнал","Допустимый сигнал","Допустимый сигнал","Синхронизация поддерживается","Синхронизация поддерживается","Синхронизация поддерживается","В допустимых пределах","В допустимых пределах","В допустимых пределах","489,8","472,0","487,3","50","50","61,3","83,7","Аналоговый","0","Нет","408,26","0,00","0,00","Нормальный","5,00","5,00","5,00","5,00","5,00","5,00","5,00","5,00","5,00","5,00","5,00","5,00","1899","1902","1897","ОК","ОК","ОК",
18-май-2026,22:23:49.421,"0,0","В норме","0,00","88,3","19020115","19020115","19020115","018052:52:08","018051:44:44","018051:40:55","Выкл.","567,3","301,1","0,6","515,3","668","565","668","305","295","392","47","56","–","81,3","64","60","58","64","505","463","506","526","494","428","489","508","516","473","482","508","410","488","444","457","25,3","25,3","25,3","Главный","Главный","Главный","1550","0","1550","1125,00","0,00","0,00","1545","1540","1540","1125,00","0,00","0,00","0","1","144","0","0","0","0","0","0","0","0","0","24","Вкл.","383,8","0,0","27,4","27,4","27,4","27,5","1,8","3,6","3,5","2,1","0,0","0,0","4,2","1,4","1,5","1,6","1,4","2,8","2,5","2,8","2,8","2,7","2,3","2,6","2,8","2,8","2,6","2,6","2,8","2,3","2,6","2,4","2,5","3,1","0,0","0,0","5,00","3,13","3,63","0,00","0,00","1,19","0,69","3,38","0,00","1,81","0,81","0,88","017976:16:46","Нет","Нет","Нет","000000:00:00","Отключение","100","Выкл.","Выкл.","Выкл.","Вкл.","Выкл.","Выкл.","Отказ переключателя","Выкл.","2059","2058","Закрыто","Разомкнут","Разомкнут","Выкл.","Выкл.","Выкл.","0","Вкл.","Максимальное открытие дроссельной заслонки","16","0","0","0","0","0","Не задано","Не задано","Не задано","Ограничение крутящего момента","Не определено","Вкл.","Выкл.","Допустимый сигнал","Допустимый сигнал","Допустимый сигнал","Синхронизация поддерживается","Синхронизация поддерживается","Синхронизация поддерживается","Выкл.","Неактивно","Выкл.","Вода не обнаружена","Температура во впускном коллекторе","Допустимый сигнал","Допустимый сигнал","Допустимый сигнал","Синхронизация поддерживается","Синхронизация поддерживается","Синхронизация поддерживается","В допустимых пределах","В допустимых пределах","В допустимых пределах","489,8","472,0","487,3","50","50","61,3","83,8","Аналоговый","0","Нет","393,19","0,00","0,00","Нормальный","5,00","5,00","5,00","5,00","5,00","5,00","5,00","5,00","5,00","5,00","5,00","5,00","1900","1902","1897","ОК","ОК","ОК",
18-май-2026,22:23:50.421,"0,0","В норме","0,00","88,3","19020115","19020115","19020115","018052:52:08","018051:44:44","018051:40:57","Выкл.","553,8","301,1","0,6","515,3","668","565","669","305","298","392","47","38","–","81,3","64","60","58","64","506","463","506","525","495","429","490","509","516","473","483","508","412","489","445","458","25,3","25,3","25,3","Главный","Главный","Главный","1550","0","1550","1125,00","0,00","0,00","1545","1540","1570","1125,00","0,00","0,00","0","1","144","0","0","0","0","0","0","0","0","0","24","Вкл.","383,8","0,0","27,4","27,4","27,5","27,5","1,8","3,6","3,5","2,1","0,0","0,0","4,2","1,4","1,5","1,6","1,4","2,8","2,5","2,8","2,8","2,7","2,4","2,6","2,8","2,8","2,6","2,6","2,8","2,3","2,6","2,4","2,5","3,1","0,0","0,0","5,00","3,13","3,63","0,00","0,00","1,19","0,69","3,38","0,00","1,81","0,81","0,88","017976:16:46","Нет","Нет","Нет","000000:00:00","Отключение","100","Выкл.","Выкл.","Выкл.","Вкл.","Выкл.","Выкл.","Отказ переключателя","Выкл.","2059","2058","Закрыто","Разомкнут","Разомкнут","Выкл.","Выкл.","Выкл.","0","Вкл.","Максимальное открытие дроссельной заслонки","16","0","0","0","0","0","Не задано","Не задано","Не задано","Ограничение крутящего момента","Не определено","Вкл.","Выкл.","Допустимый сигнал","Допустимый сигнал","Допустимый сигнал","Синхронизация поддерживается","Синхронизация поддерживается","Синхронизация поддерживается","Выкл.","Неактивно","Выкл.","Вода не обнаружена","Температура во впускном коллекторе","Допустимый сигнал","Допустимый сигнал","Допустимый сигнал","Синхронизация поддерживается","Синхронизация поддерживается","Синхронизация поддерживается","В допустимых пределах","В допустимых пределах","В допустимых пределах","490,3","472,5","487,8","50","50","61,3","83,8","Аналоговый","0","Нет","393,19","0,00","0,00","Нормальный","5,00","5,00","5,00","5,00","5,00","5,00","5,00","5,00","5,00","5,00","5,00","5,00","1900","1901","1901","ОК","ОК","ОК",
18-май-2026,22:23:51.421,"0,0","В норме","0,00","88,4","19020115","19020115","19020115","018052:52:10","018051:44:46","018051:40:58","Выкл.","553,8","300,8","0,6","515,3","667","565","669","304","298","389","56","38","–","81,3","64","60","58","64","506","463","506","525","495","429","490","509","516","473","483","508","412","489","445","458","25,2","25,3","25,3","Главный","Главный","Главный","1550","0","1550","1125,00","0,00","0,00","1550","1540","1570","1125,00","0,00","0,00","0","1","144","0","0","0","0","0","0","0","0","0","23","Вкл.","345,4","0,0","27,4","27,4","27,5","27,5","1,8","3,5","3,5","2,1","0,0","0,0","4,2","1,4","1,5","1,6","1,4","2,8","2,5","2,8","2,8","2,7","2,4","2,6","2,8","2,8","2,6","2,6","2,8","2,3","2,6","2,4","2,5","3,2","0,0","0,0","5,00","3,13","3,60","0,00","0,00","1,19","0,69","3,44","0,00","1,81","0,81","0,88","017976:16:48","Нет","Нет","Нет","000000:00:00","Отключение","100","Выкл.","Выкл.","Выкл.","Вкл.","Выкл.","Выкл.","Отказ переключателя","Выкл.","2059","2058","Закрыто","Разомкнут","Разомкнут","Выкл.","Выкл.","Выкл.","0","Вкл.","Максимальное открытие дроссельной заслонки","16","0","0","0","0","0","Не задано","Не задано","Не задано","Ограничение крутящего момента","Не определено","Вкл.","Выкл.","Допустимый сигнал","Допустимый сигнал","Допустимый сигнал","Синхронизация поддерживается","Синхронизация поддерживается","Синхронизация поддерживается","Выкл.","Неактивно","Выкл.","Вода не обнаружена","Температура во впускном коллекторе","Допустимый сигнал","Допустимый сигнал","Допустимый сигнал","Синхронизация поддерживается","Синхронизация поддерживается","Синхронизация поддерживается","В допустимых пределах","В допустимых пределах","В допустимых пределах","490,3","472,5","487,8","50","50","61,4","83,6","Аналоговый","0","Нет","396,68","0,00","0,00","Нормальный","5,00","5,00","5,00","5,00","5,00","5,00","5,00","5,00","5,00","5,00","5,00","5,00","1901","1901","1901","ОК","ОК","ОК",
18-май-2026,22:23:52.421,"0,0","В норме","0,00","88,4","19020115","19020115","19020115","018052:52:10","018051:44:46","018051:40:58","Выкл.","556,0","300,8","0,6","515,3","667","565","668","304","295","389","56","36","–","81,3","64","60","58","64","506","464","506","526","496","429","489","510","516","473","483","509","413","489","446","458","25,2","25,2","25,2","Главный","Главный","Главный","1550","0","1550","1125,00","0,00","0,00","1550","1562","1567","1125,00","0,00","0,00","0","1","144","0","0","0","0","0","0","0","0","0","23","Вкл.","345,4","0,0","27,4","27,5","27,4","27,5","1,8","3,5","3,4","2,1","0,0","0,0","4,2","1,4","1,5","1,6","1,4","2,8","2,5","2,8","2,8","2,7","2,4","2,6","2,8","2,8","2,6","2,6","2,8","2,3","2,6","2,4","2,5","3,2","0,0","0,0","5,00","3,13","3,60","0,00","0,00","1,19","0,69","3,44","0,00","1,81","0,81","0,88","017976:16:48","Нет","Нет","Нет","000000:00:00","Отключение","100","Выкл.","Выкл.","Выкл.","Вкл.","Выкл.","Выкл.","Отказ переключателя","Выкл.","2059","2058","Закрыто","Разомкнут","Разомкнут","Выкл.","Выкл.","Выкл.","0","Вкл.","Максимальное открытие дроссельной заслонки","16","0","0","0","0","0","Не задано","Не задано","Не задано","Ограничение крутящего момента","Не определено","Вкл.","Выкл.","Допустимый сигнал","Допустимый сигнал","Допустимый сигнал","Синхронизация поддерживается","Синхронизация поддерживается","Синхронизация поддерживается","Выкл.","Неактивно","Выкл.","Вода не обнаружена","Температура во впускном коллекторе","Допустимый сигнал","Допустимый сигнал","Допустимый сигнал","Синхронизация поддерживается","Синхронизация поддерживается","Синхронизация поддерживается","В допустимых пределах","В допустимых пределах","В допустимых пределах","490,8","473,0","488,3","50","50","61,4","83,6","Аналоговый","0","Нет","396,68","0,00","0,00","Нормальный","5,00","5,00","5,00","5,00","5,00","5,00","5,00","5,00","5,00","5,00","5,00","5,00","1901","1901","1900","ОК","ОК","ОК",
18-май-2026,22:23:53.421,"0,0","В норме","0,00","88,3","19020115","19020115","19020115","018052:52:12","018051:44:48","018051:41:00","Выкл.","556,0","301,6","0,5","511,9","667","565","668","304","295","384","40","36","–","81,3","64","60","58","64","506","464","506","526","496","429","489","510","516","473","483","509","413","489","446","458","25,2","25,2","25,2","Главный","Главный","Главный","1550","0","1550","1125,00","0,00","0,00","1526","1562","1567","1125,00","0,00","0,00","0","1","144","0","0","0","0","0","0","0","0","0","23","Вкл.","345,7","0,0","27,5","27,5","27,4","27,5","1,8","3,6","3,4","2,1","0,0","0,0","4,2","1,4","1,5","1,6","1,4","2,8","2,5","2,8","2,8","2,7","2,4","2,6","2,8","2,8","2,6","2,6","2,8","2,3","2,6","2,4","2,5","3,2","0,0","0,0","5,00","3,13","3,63","0,00","0,00","1,19","0,63","3,38","0,00","1,81","0,81","0,88","017976:16:50","Нет","Нет","Нет","000000:00:00","Отключение","100","Выкл.","Выкл.","Выкл.","Вкл.","Выкл.","Выкл.","Отказ переключателя","Выкл.","2059","2058","Закрыто","Разомкнут","Разомкнут","Выкл.","Выкл.","Выкл.","0","Вкл.","Максимальное открытие дроссельной заслонки","16","0","0","0","0","0","Не задано","Не задано","Не задано","Ограничение крутящего момента","Не определено","Вкл.","Выкл.","Допустимый сигнал","Допустимый сигнал","Допустимый сигнал","Синхронизация поддерживается","Синхронизация поддерживается","Синхронизация поддерживается","Выкл.","Неактивно","Выкл.","Вода не обнаружена","Температура во впускном коллекторе","Допустимый сигнал","Допустимый сигнал","Допустимый сигнал","Синхронизация поддерживается","Синхронизация поддерживается","Синхронизация поддерживается","В допустимых пределах","В допустимых пределах","В допустимых пределах","490,8","473,0","488,3","50","50","61,5","83,8","Аналоговый","0","Нет","382,61","0,00","0,00","Нормальный","5,00","5,00","5,00","5,00","5,00","5,00","5,00","5,00","5,00","5,00","5,00","5,00","1902","1901","1900","ОК","ОК","ОК",
18-май-2026,22:23:54.421,"0,0","В норме","0,00","88,3","19020115","19020115","19020115","018052:52:13","018051:44:49","018051:41:00","Выкл.","553,9","301,6","0,5","511,9","667","565","668","304","298","384","40","44","–","81,3","64","60","58","64","506","464","506","526","496","430","489","511","517","473","483","509","414","489","447","458","25,2","25,2","25,2","Главный","Главный","Главный","1550","0","1550","1125,00","0,00","0,00","1526","1528","1567","1125,00","0,00","0,00","0","1","144","0","0","0","0","0","0","0","0","0","23","Вкл.","345,7","0,0","27,5","27,4","27,4","27,5","1,8","3,6","3,5","2,1","0,0","0,0","4,2","1,4","1,5","1,6","1,4","2,8","2,5","2,8","2,8","2,7","2,4","2,6","2,8","2,8","2,6","2,6","2,8","2,3","2,6","2,4","2,5","3,2","0,0","0,0","5,00","3,13","3,63","0,00","0,00","1,19","0,63","3,38","0,00","1,81","0,81","0,88","017976:16:50","Нет","Нет","Нет","000000:00:00","Отключение","100","Выкл.","Выкл.","Выкл.","Вкл.","Выкл.","Выкл.","Отказ переключателя","Выкл.","2059","2058","Закрыто","Разомкнут","Разомкнут","Выкл.","Выкл.","Выкл.","0","Вкл.","Максимальное открытие дроссельной заслонки","16","0","0","0","0","0","Не задано","Не задано","Не задано","Ограничение крутящего момента","Не определено","Вкл.","Выкл.","Допустимый сигнал","Допустимый сигнал","Допустимый сигнал","Синхронизация поддерживается","Синхронизация поддерживается","Синхронизация поддерживается","Выкл.","Неактивно","Выкл.","Вода не обнаружена","Температура во впускном коллекторе","Допустимый сигнал","Допустимый сигнал","Допустимый сигнал","Синхронизация поддерживается","Синхронизация поддерживается","Синхронизация поддерживается","В допустимых пределах","В допустимых пределах","В допустимых пределах","490,8","473,5","488,3","50","50","61,5","83,8","Аналоговый","0","Нет","382,61","0,00","0,00","Нормальный","5,00","5,00","5,00","5,00","5,00","5,00","5,00","5,00","5,00","5,00","5,00","5,00","1902","1900","1900","ОК","ОК","ОК",
18-май-2026,22:23:55.421,"0,0","В норме","0,00","88,3","19020115","19020115","19020115","018052:52:13","018051:44:49","018051:41:02","Выкл.","553,9","300,5","0,6","511,9","667","565","668","306","298","386","47","44","–","81,3","64","60","58","64","506","464","507","526","496","430","489","511","517","473","483","509","414","490","447","460","25,2","25,2","25,2","Главный","Главный","Главный","1550","0","1550","1062,50","0,00","0,00","1570","1528","1557","1125,00","0,00","0,00","0","1","144","0","0","0","0","0","0","0","0","0","23","Вкл.","345,5","0,0","27,5","27,4","27,4","27,5","1,8","3,5","3,5","2,1","0,0","0,0","4,1","1,4","1,5","1,6","1,4","2,8","2,5","2,8","2,8","2,7","2,4","2,6","2,8","2,8","2,6","2,6","2,8","2,3","2,6","2,4","2,5","3,2","0,0","0,0","5,00","3,13","3,64","0,00","0,00","1,19","0,69","3,44","0,00","1,81","0,81","0,88","017976:16:52","Нет","Нет","Нет","000000:00:00","Отключение","100","Выкл.","Выкл.","Выкл.","Вкл.","Выкл.","Выкл.","Отказ переключателя","Выкл.","2059","2058","Закрыто","Разомкнут","Разомкнут","Выкл.","Выкл.","Выкл.","0","Вкл.","Максимальное открытие дроссельной заслонки","16","0","0","0","0","0","Не задано","Не задано","Не задано","Ограничение крутящего момента","Не определено","Вкл.","Выкл.","Допустимый сигнал","Допустимый сигнал","Допустимый сигнал","Синхронизация поддерживается","Синхронизация поддерживается","Синхронизация поддерживается","Выкл.","Неактивно","Выкл.","Вода не обнаружена","Температура во впускном коллекторе","Допустимый сигнал","Допустимый сигнал","Допустимый сигнал","Синхронизация поддерживается","Синхронизация поддерживается","Синхронизация поддерживается","В допустимых пределах","В допустимых пределах","В допустимых пределах","491,0","473,5","488,3","50","50","61,6","83,8","Аналоговый","0","Нет","389,25","0,00","0,00","Нормальный","5,00","5,00","5,00","5,00","5,00","5,00","5,00","5,00","5,00","5,00","5,00","5,00","1900","1900","1900","ОК","ОК","ОК",
18-май-2026,22:23:56.421,"0,0","В норме","0,00","88,3","19020115","19020115","19020115","018052:52:15","018051:44:51","018051:41:02","Выкл.","552,1","300,5","0,6","511,9","667","565","667","306","297","386","47","35","–","81,3","64","60","58","64","506","464","507","526","496","430","488","511","517","474","484","510","414","490","448","461","25,2","25,2","25,2","Главный","Главный","Главный","1550","0","1550","1062,50","0,00","0,00","1570","1552","1535","1125,00","0,00","0,00","0","1","144","0","0","0","0","0","0","0","0","0","23","Вкл.","345,5","0,0","27,5","27,4","27,4","27,5","1,8","3,5","3,4","2,1","0,0","0,0","4,1","1,4","1,5","1,6","1,4","2,8","2,5","2,8","2,8","2,7","2,4","2,6","2,8","2,8","2,6","2,6","2,8","2,3","2,6","2,4","2,5","3,2","0,0","0,0","5,00","3,13","3,64","0,00","0,00","1,19","0,69","3,44","0,00","1,81","0,81","0,88","017976:16:52","Нет","Нет","Нет","000000:00:00","Отключение","100","Выкл.","Выкл.","Выкл.","Вкл.","Выкл.","Выкл.","Отказ переключателя","Выкл.","2059","2058","Закрыто","Разомкнут","Разомкнут","Выкл.","Выкл.","Выкл.","0","Вкл.","Максимальное открытие дроссельной заслонки","16","0","0","0","0","0","Не задано","Не задано","Не задано","Ограничение крутящего момента","Не определено","Вкл.","Выкл.","Допустимый сигнал","Допустимый сигнал","Допустимый сигнал","Синхронизация поддерживается","Синхронизация поддерживается","Синхронизация поддерживается","Выкл.","Неактивно","Выкл.","Вода не обнаружена","Температура во впускном коллекторе","Допустимый сигнал","Допустимый сигнал","Допустимый сигнал","Синхронизация поддерживается","Синхронизация поддерживается","Синхронизация поддерживается","В допустимых пределах","В допустимых пределах","В допустимых пределах","491,3","474,3","488,5","50","50","61,6","83,8","Аналоговый","0","Нет","389,25","0,00","0,00","Нормальный","5,00","5,00","5,00","5,00","5,00","5,00","5,00","5,00","5,00","5,00","5,00","5,00","1900","1904","1901","ОК","ОК","ОК",
18-май-2026,22:23:57.421,"0,0","В норме","0,00","88,4","19020115","19020115","19020115","018052:52:16","018051:44:52","018051:41:04","Выкл.","552,1","300,3","0,5","511,9","667","565","667","304","297","385","45","35","–","81,3","64","60","58","64","506","464","507","526","496","430","488","511","517","474","484","510","414","490","448","461","25,2","25,2","25,2","Главный","Главный","Главный","1550","0","1550","1125,00","0,00","0,00","1550","1552","1535","1125,00","0,00","0,00","0","1","144","0","0","0","0","0","0","0","0","0","23","Вкл.","345,6","0,0","27,5","27,4","27,4","27,5","1,8","3,5","3,4","2,1","0,0","0,0","4,2","1,4","1,5","1,6","1,4","2,8","2,5","2,8","2,8","2,7","2,4","2,6","2,8","2,8","2,6","2,6","2,8","2,3","2,6","2,4","2,5","3,2","0,0","0,0","5,00","3,13","3,58","0,00","0,00","1,19","0,63","3,31","0,00","1,81","0,81","0,88","017976:16:54","Нет","Нет","Нет","000000:00:00","Отключение","100","Выкл.","Выкл.","Выкл.","Вкл.","Выкл.","Выкл.","Отказ переключателя","Выкл.","2059","2058","Закрыто","Разомкнут","Разомкнут","Выкл.","Выкл.","Выкл.","0","Вкл.","Максимальное открытие дроссельной заслонки","16","0","0","0","0","0","Не задано","Не задано","Не задано","Ограничение крутящего момента","Не определено","Вкл.","Выкл.","Допустимый сигнал","Допустимый сигнал","Допустимый сигнал","Синхронизация поддерживается","Синхронизация поддерживается","Синхронизация поддерживается","Выкл.","Неактивно","Выкл.","Вода не обнаружена","Температура во впускном коллекторе","Допустимый сигнал","Допустимый сигнал","Допустимый сигнал","Синхронизация поддерживается","Синхронизация поддерживается","Синхронизация поддерживается","В допустимых пределах","В допустимых пределах","В допустимых пределах","491,3","474,3","488,5","50","50","61,6","84,0","Аналоговый","0","Нет","379,35","0,00","0,00","Нормальный","5,00","5,00","5,00","5,00","5,00","5,00","5,00","5,00","5,00","5,00","5,00","5,00","1900","1904","1901","ОК","ОК","ОК",
18-май-2026,22:23:58.421,"0,0","В норме","0,00","88,4","19020115","19020115","19020115","018052:52:16","018051:44:52","018051:41:04","Выкл.","552,1","300,3","0,5","511,9","667","565","669","304","297","385","45","28","–","81,3","64","60","58","64","506","464","507","526","496","430","488","512","518","474","484","511","416","491","449","462","25,2","25,2","25,2","Главный","Главный","Главный","1550","0","1550","1125,00","0,00","0,00","1550","1538","1565","1125,00","0,00","0,00","0","1","144","0","0","0","0","0","0","0","0","0","23","Вкл.","345,6","0,0","27,5","27,4","27,4","27,5","1,8","3,5","3,5","2,1","0,0","0,0","4,2","1,4","1,5","1,6","1,4","2,8","2,5","2,8","2,8","2,7","2,4","2,6","2,8","2,8","2,6","2,6","2,8","2,3","2,6","2,4","2,5","3,2","0,0","0,0","5,00","3,13","3,58","0,00","0,00","1,19","0,63","3,31","0,00","1,81","0,81","0,88","017976:16:54","Нет","Нет","Нет","000000:00:00","Отключение","100","Выкл.","Выкл.","Выкл.","Вкл.","Выкл.","Выкл.","Отказ переключателя","Выкл.","2059","2058","Закрыто","Разомкнут","Разомкнут","Выкл.","Выкл.","Выкл.","0","Вкл.","Максимальное открытие дроссельной заслонки","16","0","0","0","0","0","Не задано","Не задано","Не задано","Ограничение крутящего момента","Не определено","Вкл.","Выкл.","Допустимый сигнал","Допустимый сигнал","Допустимый сигнал","Синхронизация поддерживается","Синхронизация поддерживается","Синхронизация поддерживается","Выкл.","Неактивно","Выкл.","Вода не обнаружена","Температура во впускном коллекторе","Допустимый сигнал","Допустимый сигнал","Допустимый сигнал","Синхронизация поддерживается","Синхронизация поддерживается","Синхронизация поддерживается","В допустимых пределах","В допустимых пределах","В допустимых пределах","491,5","474,8","488,8","50","50","61,6","84,0","Аналоговый","0","Нет","379,35","0,00","0,00","Нормальный","5,00","5,00","5,00","5,00","5,00","5,00","5,00","5,00","5,00","5,00","5,00","5,00","1900","1899","1901","ОК","ОК","ОК",
18-май-2026,22:23:59.421,"0,0","В норме","0,00","88,3","19020115","19020115","19020115","018052:52:18","018051:44:54","018051:41:06","Выкл.","552,1","300,7","0,6","511,9","666","565","669","306","297","389","46","28","–","81,3","64","61","58","64","506","464","507","526","496","430","488","512","518","474","484","511","416","491","449","462","25,1","25,2","25,2","Главный","Главный","Главный","1550","0","1550","1062,50","0,00","0,00","1545","1538","1565","1125,00","0,00","0,00","0","1","144","0","0","0","0","0","0","0","0","0","23","Вкл.","345,6","0,0","27,5","27,4","27,4","27,4","1,8","3,5","3,5","2,1","0,0","0,0","4,2","1,4","1,5","1,6","1,4","2,8","2,5","2,8","2,8","2,7","2,4","2,6","2,8","2,8","2,6","2,6","2,8","2,3","2,6","2,4","2,5","3,2","0,0","0,0","5,00","3,13","3,65","0,00","0,00","1,19","0,69","3,44","0,00","1,81","0,81","0,88","017976:16:56","Нет","Нет","Нет","000000:00:00","Отключение","100","Выкл.","Выкл.","Выкл.","Вкл.","Выкл.","Выкл.","Отказ переключателя","Выкл.","2059","2058","Закрыто","Разомкнут","Разомкнут","Выкл.","Выкл.","Выкл.","0","Вкл.","Максимальное открытие дроссельной заслонки","16","0","0","0","0","0","Не задано","Не задано","Не задано","Ограничение крутящего момента","Не определено","Вкл.","Выкл.","Допустимый сигнал","Допустимый сигнал","Допустимый сигнал","Синхронизация поддерживается","Синхронизация поддерживается","Синхронизация поддерживается","Выкл.","Неактивно","Выкл.","Вода не обнаружена","Температура во впускном коллекторе","Допустимый сигнал","Допустимый сигнал","Допустимый сигнал","Синхронизация поддерживается","Синхронизация поддерживается","Синхронизация поддерживается","В допустимых пределах","В допустимых пределах","В допустимых пределах","491,5","474,8","488,8","50","50","61,8","84,0","Аналоговый","0","Нет","383,29","0,00","0,00","Нормальный","5,00","5,00","5,00","5,00","5,00","5,00","5,00","5,00","5,00","5,00","5,00","5,00","1902","1899","1901","ОК","ОК","ОК",
18-май-2026,22:24:00.421,"0,0","В норме","0,00","88,3","19020115","19020115","19020115","018052:52:18","018051:44:54","018051:41:07","Выкл.","559,6","300,7","0,6","511,9","666","565","665","306","296","389","46","41","–","81,3","64","61","58","64","507","465","507","526","496","431","489","512","518","474","483","511","416","491","450","463","25,1","25,1","25,1","Главный","Главный","Главный","1550","0","1550","1062,50","0,00","0,00","1545","1545","1535","1125,00","0,00","0,00","0","1","144","0","0","0","0","0","0","0","0","0","23","Вкл.","345,6","0,0","27,5","27,4","27,4","27,4","1,8","3,5","3,5","2,1","0,0","0,0","4,2","1,4","1,5","1,6","1,4","2,8","2,5","2,8","2,8","2,7","2,4","2,6","2,8","2,8","2,6","2,6","2,8","2,3","2,7","2,4","2,5","3,2","0,0","0,0","5,00","3,13","3,65","0,00","0,00","1,19","0,69","3,44","0,00","1,81","0,81","0,88","017976:16:56","Нет","Нет","Нет","000000:00:00","Отключение","100","Выкл.","Выкл.","Выкл.","Вкл.","Выкл.","Выкл.","Отказ переключателя","Выкл.","2059","2058","Закрыто","Разомкнут","Разомкнут","Выкл.","Выкл.","Выкл.","0","Вкл.","Максимальное открытие дроссельной заслонки","16","0","0","0","0","0","Не задано","Не задано","Не задано","Ограничение крутящего момента","Не определено","Вкл.","Выкл.","Допустимый сигнал","Допустимый сигнал","Допустимый сигнал","Синхронизация поддерживается","Синхронизация поддерживается","Синхронизация поддерживается","Выкл.","Неактивно","Выкл.","Вода не обнаружена","Температура во впускном коллекторе","Допустимый сигнал","Допустимый сигнал","Допустимый сигнал","Синхронизация поддерживается","Синхронизация поддерживается","Синхронизация поддерживается","В допустимых пределах","В допустимых пределах","В допустимых пределах","492,3","475,3","489,0","50","50","61,8","84,0","Аналоговый","0","Нет","383,29","0,00","0,00","Нормальный","5,00","5,00","5,00","5,00","5,00","5,00","5,00","5,00","5,00","5,00","5,00","5,00","1902","1898","1901","ОК","ОК","ОК",
18-май-2026,22:24:01.421,"0,0","В норме","0,00","88,3","19020115","19020115","19020115","018052:52:20","018051:44:56","018051:41:07","Выкл.","559,6","301,4","0,5","511,9","667","565","665","306","296","389","41","41","–","81,3","64","61","58","64","507","465","507","526","496","431","489","512","518","474","483","511","416","491","450","463","25,1","25,1","25,1","Главный","Главный","Главный","1550","0","1550","1187,50","0,00","0,00","1545","1545","1535","1125,00","0,00","0,00","0","1","144","0","0","0","0","0","0","0","0","0","23","Вкл.","345,5","0,0","27,5","27,4","27,4","27,5","1,8","3,5","3,5","2,1","0,0","0,0","4,2","1,4","1,5","1,6","1,4","2,8","2,5","2,8","2,8","2,7","2,4","2,6","2,8","2,8","2,6","2,6","2,8","2,3","2,7","2,4","2,5","3,2","0,0","0,0","5,00","3,13","3,56","0,00","0,00","1,19","0,69","3,44","0,00","1,81","0,81","0,88","017976:16:58","Нет","Нет","Нет","000000:00:00","Отключение","96","Выкл.","Выкл.","Выкл.","Вкл.","Выкл.","Выкл.","Отказ переключателя","Выкл.","2059","2058","Закрыто","Разомкнут","Разомкнут","Выкл.","Выкл.","Выкл.","0","Вкл.","Частота вращения, передаваемая по каналу связи","16","0","0","0","0","0","Не задано","Не задано","Не задано","Ограничение крутящего момента","Не определено","Вкл.","Выкл.","Допустимый сигнал","Допустимый сигнал","Допустимый сигнал","Синхронизация поддерживается","Синхронизация поддерживается","Синхронизация поддерживается","Выкл.","Неактивно","Выкл.","Вода не обнаружена","Температура во впускном коллекторе","Допустимый сигнал","Допустимый сигнал","Допустимый сигнал","Синхронизация поддерживается","Синхронизация поддерживается","Синхронизация поддерживается","В допустимых пределах","В допустимых пределах","В допустимых пределах","492,3","475,3","489,0","50","50","61,8","84,0","Аналоговый","0","Нет","339,86","0,00","0,00","Нормальный","5,00","5,00","5,00","5,00","5,00","5,00","5,00","5,00","5,00","5,00","5,00","5,00","1902","1898","1901","ОК","ОК","ОК",
18-май-2026,22:24:02.421,"0,0","В норме","0,00","88,3","19020115","19020115","19020115","018052:52:20","018051:44:56","018051:41:09","Выкл.","452,1","301,4","0,5","511,9","667","565","629","306","215","389","41","-59","–","81,3","64","61","58","64","507","465","508","526","497","431","488","514","520","474","484","511","417","492","451","464","25,1","25,1","25,1","Главный","Главный","Главный","1550","0","1220","1187,50","0,00","0,00","1545","1460","1376","1125,00","0,00","0,00","0","1","144","0","0","0","0","0","0","0","0","0","23","Вкл.","345,5","0,0","27,5","27,5","27,5","27,5","1,5","3,5","2,8","2,1","0,0","0,0","4,2","1,4","1,5","1,6","1,4","2,8","2,5","2,8","2,8","2,7","2,4","2,6","2,8","2,8","2,6","2,6","2,8","2,3","2,7","2,4","2,5","3,2","0,0","0,0","5,00","3,13","3,56","0,00","0,00","1,19","0,69","3,44","0,00","1,81","0,81","0,88","017976:16:58","Нет","Нет","Нет","000000:00:00","Отключение","96","Выкл.","Выкл.","Выкл.","Вкл.","Выкл.","Выкл.","Отказ переключателя","Выкл.","2059","2058","Закрыто","Разомкнут","Разомкнут","Выкл.","Выкл.","Выкл.","0","Вкл.","Частота вращения, передаваемая по каналу связи","16","0","0","0","0","0","Не задано","Не задано","Не задано","Ограничение крутящего момента","Не определено","Вкл.","Выкл.","Допустимый сигнал","Допустимый сигнал","Допустимый сигнал","Синхронизация поддерживается","Синхронизация поддерживается","Синхронизация поддерживается","Выкл.","Неактивно","Выкл.","Вода не обнаружена","Температура во впускном коллекторе","Допустимый сигнал","Допустимый сигнал","Допустимый сигнал","Синхронизация поддерживается","Синхронизация поддерживается","Синхронизация поддерживается","В допустимых пределах","В допустимых пределах","В допустимых пределах","492,8","475,5","489,5","50","50","61,8","84,0","Аналоговый","0","Нет","339,86","0,00","0,00","Нормальный","5,00","5,00","5,00","5,00","5,00","5,00","5,00","5,00","5,00","5,00","5,00","5,00","1902","1487","1272","ОК","ОК","ОК",
18-май-2026,22:24:03.421,"0,0","В норме","0,00","88,3","19020115","19020115","19020115","018052:52:22","018051:44:58","018051:41:10","Выкл.","452,1","80,4","0,0","511,9","590","565","629","75","215","131","-37","-59","–","81,3","63","60","57","63","507","465","508","526","497","431","488","514","520","474","484","511","417","492","451","464","25,1","25,1","25,1","Главный","Главный","Главный","890","0","1220","1875,00","0,00","0,00","1364","1460","1376","1812,50","0,00","0,00","0","1","144","0","0","0","0","0","0","0","0","0","24","Вкл.","0,0","0,0","27,6","27,5","27,5","27,6","1,5","1,8","2,8","1,9","0,0","0,0","2,2","1,4","1,5","1,6","1,4","2,8","2,5","2,8","2,8","2,7","2,4","2,6","2,8","2,8","2,6","2,6","2,8","2,3","2,7","2,4","2,5","3,2","0,0","0,0","5,00","3,13","3,23","0,00","0,00","1,19","0,50","2,25","0,00","1,81","0,81","0,88","017976:17:00","Нет","Нет","Нет","000000:00:00","Отключение","0","Выкл.","Выкл.","Выкл.","Вкл.","Выкл.","Выкл.","Отказ переключателя","Выкл.","2059","2058","Закрыто","Разомкнут","Разомкнут","Выкл.","Выкл.","Выкл.","0","Вкл.","Частота вращения, передаваемая по каналу связи","24","0","0","0","0","0","Не задано","Не задано","Не задано","Регулятор механизма отбора мощности","Не определено","Вкл.","Выкл.","Допустимый сигнал","Допустимый сигнал","Допустимый сигнал","Синхронизация поддерживается","Синхронизация поддерживается","Синхронизация поддерживается","Выкл.","Неактивно","Выкл.","Вода не обнаружена","Температура во впускном коллекторе","Допустимый сигнал","Допустимый сигнал","Допустимый сигнал","Синхронизация поддерживается","Синхронизация поддерживается","Синхронизация поддерживается","В допустимых пределах","В допустимых пределах","В допустимых пределах","492,8","475,5","489,5","50","50","60,7","84,0","Аналоговый","0","Нет","0,00","0,00","0,00","Нормальный","5,00","5,00","5,00","5,00","5,00","5,00","5,00","5,00","5,00","5,00","5,00","5,00","1010","1487","1272","ОК","ОК","ОК",
18-май-2026,22:24:04.421,"0,0","В норме","0,00","88,3","19020115","19020115","19020115","018052:52:22","018051:44:58","018051:41:10","Выкл.","275,5","80,4","0,0","511,9","590","565","629","75","57","131","-37","3","–","81,3","63","60","57","63","507","462","508","519","497","428","488","508","512","474","481","511","414","492","450","464","25,1","25,1","25,1","Главный","Главный","Главный","890","0","1220","1875,00","0,00","0,00","1364","1364","1376","1812,50","0,00","0,00","0","1","144","0","0","0","0","0","0","0","0","0","24","Вкл.","0,0","0,0","27,6","27,6","27,5","27,6","1,2","1,8","1,6","1,9","0,0","0,0","2,2","1,4","1,5","1,6","1,4","2,8","2,5","2,8","2,8","2,7","2,3","2,6","2,8","2,8","2,6","2,6","2,8","2,3","2,7","2,4","2,5","3,2","0,0","0,0","5,00","3,13","3,23","0,00","0,00","1,19","0,50","2,25","0,00","1,81","0,81","0,88","017976:17:00","Нет","Нет","Нет","000000:00:00","Отключение","0","Выкл.","Выкл.","Выкл.","Вкл.","Выкл.","Выкл.","Отказ переключателя","Выкл.","2059","2058","Закрыто","Разомкнут","Разомкнут","Выкл.","Выкл.","Выкл.","0","Вкл.","Частота вращения, передаваемая по каналу связи","24","0","0","0","0","0","Не задано","Не задано","Не задано","Регулятор механизма отбора мощности","Не определено","Вкл.","Выкл.","Допустимый сигнал","Допустимый сигнал","Допустимый сигнал","Синхронизация поддерживается","Синхронизация поддерживается","Синхронизация поддерживается","Выкл.","Неактивно","Выкл.","Вода не обнаружена","Температура во впускном коллекторе","Допустимый сигнал","Допустимый сигнал","Допустимый сигнал","Синхронизация поддерживается","Синхронизация поддерживается","Синхронизация поддерживается","В допустимых пределах","В допустимых пределах","В допустимых пределах","492,8","475,8","489,3","49","50","60,7","84,0","Аналоговый","0","Нет","0,00","0,00","0,00","Нормальный","5,00","5,00","5,00","5,00","5,00","5,00","5,00","5,00","5,00","5,00","5,00","5,00","1010","938","1272","ОК","ОК","ОК",
18-май-2026,22:24:05.441,"0,0","В норме","0,00","88,3","19020115","19020115","19020115","018052:52:24","018051:45:00","018051:41:12","Выкл.","275,5","32,0","0,0","511,9","590","565","592","31","57","93","-3","3","–","81,5","62","59","57","62","496","462","492","519","486","428","470","508","512","462","481","498","414","483","450","464","25,1","25,1","25,1","Главный","Главный","Главный","728","0","790","1875,00","0,00","0,00","1328","1364","1369","1812,50","0,00","0,00","0","1","144","0","0","0","0","0","0","0","0","0","25","Вкл.","4,5","0,0","27,6","27,6","27,6","27,6","1,2","1,4","1,6","1,9","0,0","0,0","1,9","1,4","1,6","1,6","1,4","2,6","2,5","2,6","2,8","2,6","2,3","2,5","2,8","2,8","2,5","2,6","2,7","2,3","2,6","2,4","2,5","3,2","0,0","0,0","5,00","3,13","3,15","0,00","0,00","1,19","0,44","2,06","0,00","1,81","0,81","0,81","017976:17:02","Нет","Нет","Нет","000000:00:00","Отключение","1","Выкл.","Выкл.","Выкл.","Вкл.","Выкл.","Выкл.","Отказ переключателя","Выкл.","2059","2058","Закрыто","Разомкнут","Разомкнут","Выкл.","Выкл.","Выкл.","0","Вкл.","Частота вращения, передаваемая по каналу связи","24","0","0","0","0","0","Не задано","Не задано","Не задано","Регулятор механизма отбора мощности","Не определено","Вкл.","Выкл.","Допустимый сигнал","Допустимый сигнал","Допустимый сигнал","Синхронизация поддерживается","Синхронизация поддерживается","Синхронизация поддерживается","Выкл.","Неактивно","Выкл.","Вода не обнаружена","Температура во впускном коллекторе","Допустимый сигнал","Допустимый сигнал","Допустимый сигнал","Синхронизация поддерживается","Синхронизация поддерживается","Синхронизация поддерживается","В допустимых пределах","В допустимых пределах","В допустимых пределах","488,0","475,8","489,3","49","50","59,9","83,8","Аналоговый","0","Нет","0,00","0,00","0,00","Нормальный","5,00","5,00","5,00","5,00","5,00","5,00","5,00","5,00","5,00","5,00","5,00","5,00","794","938","884","ОК","ОК","ОК",
18-май-2026,22:24:06.441,"0,0","В норме","0,00","88,3","19020115","19020115","19020115","018052:52:24","018051:45:00","018051:41:12","Выкл.","238,3","32,0","0,0","511,9","590","565","592","31","26","93","-3","12","–","81,5","62","59","57","62","496","445","492","494","486","412","470","484","486","462","461","498","398","483","442","464","25,1","25,1","25,1","Главный","Главный","Главный","728","0","790","1875,00","0,00","0,00","1328","1249","1369","1812,50","0,00","0,00","0","1","144","0","0","0","0","0","0","0","0","0","25","Вкл.","4,5","0,0","27,6","27,6","27,6","27,6","1,1","1,4","1,4","1,9","0,0","0,0","1,9","1,4","1,6","1,6","1,4","2,6","2,4","2,6","2,6","2,6","2,3","2,5","2,6","2,6","2,5","2,5","2,7","2,2","2,6","2,4","2,5","3,2","0,0","0,0","5,00","3,13","3,15","0,00","0,00","1,19","0,44","2,06","0,00","1,81","0,81","0,81","017976:17:02","Нет","Нет","Нет","000000:00:00","Отключение","1","Выкл.","Выкл.","Выкл.","Вкл.","Выкл.","Выкл.","Отказ переключателя","Выкл.","2059","2058","Закрыто","Разомкнут","Разомкнут","Выкл.","Выкл.","Выкл.","0","Вкл.","Частота вращения, передаваемая по каналу связи","24","0","0","0","0","0","Не задано","Не задано","Не задано","Регулятор механизма отбора мощности","Не определено","Вкл.","Выкл.","Допустимый сигнал","Допустимый сигнал","Допустимый сигнал","Синхронизация поддерживается","Синхронизация поддерживается","Синхронизация поддерживается","Выкл.","Неактивно","Выкл.","Вода не обнаружена","Температура во впускном коллекторе","Допустимый сигнал","Допустимый сигнал","Допустимый сигнал","Синхронизация поддерживается","Синхронизация поддерживается","Синхронизация поддерживается","В допустимых пределах","В допустимых пределах","В допустимых пределах","488,0","463,0","478,0","49","50","59,9","83,8","Аналоговый","0","Нет","0,00","0,00","0,00","Нормальный","5,00","5,00","5,00","5,00","5,00","5,00","5,00","5,00","5,00","5,00","5,00","5,00","794","782","884","ОК","ОК","ОК",
18-май-2026,22:24:07.441,"0,0","В норме","0,00","88,4","19020115","19020115","19020115","018052:52:26","018051:45:02","018051:41:14","Выкл.","238,3","17,7","0,0","229,6","591","565","591","18","26","90","12","12","–","82,0","61","59","57","61","473","445","468","494","465","412","445","484","486","440","461","474","398","466","442","458","25,1","25,1","25,1","Главный","Главный","Главный","726","0","724","1875,00","0,00","0,00","1029","1249","1130","1875,00","0,00","0,00","0","1","144","0","0","0","0","0","0","0","0","0","28","Вкл.","13,3","0,0","27,6","27,6","27,6","27,5","1,1","1,3","1,4","1,9","0,0","0,0","1,9","1,4","1,6","1,6","1,4","2,6","2,4","2,5","2,6","2,5","2,3","2,4","2,6","2,6","2,4","2,5","2,6","2,2","2,5","2,4","2,5","3,2","0,0","0,0","5,00","3,13","2,56","0,00","0,00","1,19","0,44","2,06","0,00","1,81","0,81","0,81","017976:17:04","Нет","Нет","Нет","000000:00:00","Отключение","14","Выкл.","Выкл.","Выкл.","Вкл.","Выкл.","Выкл.","Отказ переключателя","Выкл.","2059","2058","Закрыто","Разомкнут","Разомкнут","Выкл.","Выкл.","Выкл.","0","Вкл.","Частота вращения, передаваемая по каналу связи","24","0","0","0","0","0","Не задано","Не задано","Не задано","Регулятор механизма отбора мощности","Не определено","Вкл.","Выкл.","Допустимый сигнал","Допустимый сигнал","Допустимый сигнал","Синхронизация поддерживается","Синхронизация поддерживается","Синхронизация поддерживается","Выкл.","Неактивно","Выкл.","Вода не обнаружена","Температура во впускном коллекторе","Допустимый сигнал","Допустимый сигнал","Допустимый сигнал","Синхронизация поддерживается","Синхронизация поддерживается","Синхронизация поддерживается","В допустимых пределах","В допустимых пределах","В допустимых пределах","470,0","463,0","478,0","49","50","59,4","83,6","Аналоговый","0","Нет","0,00","0,00","0,00","Нормальный","5,00","5,00","5,00","5,00","5,00","5,00","5,00","5,00","5,00","5,00","5,00","5,00","788","782","786","ОК","ОК","ОК",
18-май-2026,22:24:08.441,"0,0","В норме","0,00","88,4","19020115","19020115","19020115","018052:52:27","018051:45:03","018051:41:15","Выкл.","243,4","17,7","0,0","229,6","591","565","591","18","14","90","12","12","–","82,0","61","59","57","61","473","428","468","468","465","395","445","460","462","440","440","474","382","466","432","458","25,1","25,1","25,1","Главный","Главный","Главный","726","0","724","1875,00","0,00","0,00","1029","910","1130","1875,00","0,00","0,00","0","1","144","0","0","0","0","0","0","0","0","0","28","Вкл.","13,3","0,0","27,6","27,6","27,6","27,5","1,1","1,3","1,3","1,9","0,0","0,0","1,9","1,4","1,6","1,6","1,4","2,6","2,3","2,5","2,5","2,5","2,1","2,4","2,4","2,5","2,4","2,4","2,6","2,1","2,5","2,4","2,5","3,2","0,0","0,0","5,00","3,13","2,56","0,00","0,00","1,19","0,44","2,06","0,00","1,81","0,81","0,81","017976:17:04","Нет","Нет","Нет","000000:00:00","Отключение","14","Выкл.","Выкл.","Выкл.","Вкл.","Выкл.","Выкл.","Отказ переключателя","Выкл.","2059","2058","Закрыто","Разомкнут","Разомкнут","Выкл.","Выкл.","Выкл.","0","Вкл.","Частота вращения, передаваемая по каналу связи","24","0","0","0","0","0","Не задано","Не задано","Не задано","Регулятор механизма отбора мощности","Не определено","Вкл.","Выкл.","Допустимый сигнал","Допустимый сигнал","Допустимый сигнал","Синхронизация поддерживается","Синхронизация поддерживается","Синхронизация поддерживается","Выкл.","Неактивно","Выкл.","Вода не обнаружена","Температура во впускном коллекторе","Допустимый сигнал","Допустимый сигнал","Допустимый сигнал","Синхронизация поддерживается","Синхронизация поддерживается","Синхронизация поддерживается","В допустимых пределах","В допустимых пределах","В допустимых пределах","470,0","442,8","458,0","49","50","59,4","83,6","Аналоговый","0","Нет","0,00","0,00","0,00","Нормальный","5,00","5,00","5,00","5,00","5,00","5,00","5,00","5,00","5,00","5,00","5,00","5,00","788","790","786","ОК","ОК","ОК",
